-- MySQL dump 10.13  Distrib 8.0.45, for Win64 (x86_64)
--
-- Host: 127.0.0.1    Database: parking_mgmt
-- ------------------------------------------------------
-- Server version	8.0.45

/*!40101 SET @OLD_CHARACTER_SET_CLIENT=@@CHARACTER_SET_CLIENT */;
/*!40101 SET @OLD_CHARACTER_SET_RESULTS=@@CHARACTER_SET_RESULTS */;
/*!40101 SET @OLD_COLLATION_CONNECTION=@@COLLATION_CONNECTION */;
/*!50503 SET NAMES utf8mb4 */;
/*!40103 SET @OLD_TIME_ZONE=@@TIME_ZONE */;
/*!40103 SET TIME_ZONE='+00:00' */;
/*!40014 SET @OLD_UNIQUE_CHECKS=@@UNIQUE_CHECKS, UNIQUE_CHECKS=0 */;
/*!40014 SET @OLD_FOREIGN_KEY_CHECKS=@@FOREIGN_KEY_CHECKS, FOREIGN_KEY_CHECKS=0 */;
/*!40101 SET @OLD_SQL_MODE=@@SQL_MODE, SQL_MODE='NO_AUTO_VALUE_ON_ZERO' */;
/*!40111 SET @OLD_SQL_NOTES=@@SQL_NOTES, SQL_NOTES=0 */;

--
-- Current Database: `parking_mgmt`
--

CREATE DATABASE /*!32312 IF NOT EXISTS*/ `parking_mgmt` /*!40100 DEFAULT CHARACTER SET utf8mb4 COLLATE utf8mb4_0900_ai_ci */ /*!80016 DEFAULT ENCRYPTION='N' */;

USE `parking_mgmt`;

--
-- Table structure for table `api_idempotency`
--

DROP TABLE IF EXISTS `api_idempotency`;
/*!40101 SET @saved_cs_client     = @@character_set_client */;
/*!50503 SET character_set_client = utf8mb4 */;
CREATE TABLE `api_idempotency` (
  `scope` varchar(64) NOT NULL,
  `idempotency_key` varchar(64) NOT NULL,
  `request_hash` varchar(64) DEFAULT NULL,
  `status` enum('IN_PROGRESS','SUCCEEDED','FAILED') NOT NULL DEFAULT 'IN_PROGRESS',
  `response_json` json DEFAULT NULL,
  `created_at` datetime NOT NULL DEFAULT CURRENT_TIMESTAMP,
  `updated_at` datetime NOT NULL DEFAULT CURRENT_TIMESTAMP ON UPDATE CURRENT_TIMESTAMP,
  PRIMARY KEY (`scope`,`idempotency_key`),
  KEY `ix_api_idem_created` (`created_at`)
) ENGINE=InnoDB DEFAULT CHARSET=utf8mb4 COLLATE=utf8mb4_0900_ai_ci;
/*!40101 SET character_set_client = @saved_cs_client */;

--
-- Dumping data for table `api_idempotency`
--

LOCK TABLES `api_idempotency` WRITE;
/*!40000 ALTER TABLE `api_idempotency` DISABLE KEYS */;
INSERT INTO `api_idempotency` VALUES ('gate-review-claim:1','ui_1772916049281_585709cc','cc725363b170447b89bf274fc84dcb42329219911f74ce62499f0525e1d48f66','FAILED',NULL,'2026-03-08 03:40:49','2026-03-08 03:40:49'),('gate-review-claim:1','ui_1772916286925_198c275b','937b9cda0b637384bfee4ff9377e588018a3896d5d70faffb80eb2d4f3db432f','FAILED',NULL,'2026-03-08 03:44:46','2026-03-08 03:44:46'),('gate-review-claim:1','ui_1772954341341_e958368e','6a5f166abc41a9dec37ff57554bf7c746d88481990119d60fb12d7a16e9fb184','SUCCEEDED','{\"changed\": true, \"session\": {\"status\": \"TIMEOUT\", \"rfidUid\": null, \"closedAt\": \"2026-03-07T20:39:25.000Z\", \"gateCode\": \"GATE_01\", \"laneCode\": \"GATE_01_ENTRY\", \"openedAt\": \"2026-03-07T20:37:31.000Z\", \"siteCode\": \"SITE_DN_01\", \"ticketId\": null, \"direction\": \"ENTRY\", \"readCount\": 3, \"sessionId\": \"6\", \"lastReadAt\": \"2026-03-07T20:37:31.000Z\", \"resolvedAt\": \"2026-03-07T20:39:25.000Z\", \"plateCompact\": \"50KS27044\", \"correlationId\": \"SITE_DN_01:GATE_01_ENTRY:1772915851222\", \"decisionCount\": 1, \"allowedActions\": [], \"presenceActive\": true, \"reviewRequired\": true, \"barrierCommandCount\": 0}, \"reviewId\": \"1\"}','2026-03-08 14:19:01','2026-03-08 14:19:01'),('gate-review-claim:2','ui_1772954491115_ea421a07','d076f46b5ee6762779b17335c03224497c0cf6a4741c47cf855eea0f13da62c1','SUCCEEDED','{\"changed\": true, \"session\": {\"status\": \"PASSED\", \"rfidUid\": null, \"closedAt\": \"2026-03-07T20:40:43.000Z\", \"gateCode\": \"GATE_01\", \"laneCode\": \"GATE_01_ENTRY\", \"openedAt\": \"2026-03-07T20:39:25.000Z\", \"siteCode\": \"SITE_DN_01\", \"ticketId\": \"98308\", \"direction\": \"ENTRY\", \"readCount\": 3, \"sessionId\": \"7\", \"lastReadAt\": \"2026-03-07T20:40:43.000Z\", \"resolvedAt\": \"2026-03-07T20:40:40.000Z\", \"plateCompact\": \"61LI69166\", \"correlationId\": \"SITE_DN_01:GATE_01_ENTRY:1772915965122\", \"decisionCount\": 2, \"allowedActions\": [], \"presenceActive\": true, \"reviewRequired\": false, \"barrierCommandCount\": 2}, \"reviewId\": \"2\"}','2026-03-08 14:21:31','2026-03-08 14:21:31'),('gate-session-confirm-pass:1','ui_1772875937629_5d7d2d56','4ede23559c59058bb5787dd1009d9e97295d03f31ab12a0d9ed2444876f595e0','FAILED',NULL,'2026-03-07 16:32:17','2026-03-07 16:32:17'),('gate-session-confirm-pass:13','ui_1773165006350_0ff2dfb3','49cff1266d23367fb95a0b3d2d1ec02dbdfd4be3a4342452f2be0762a9e7df87','SUCCEEDED','{\"changed\": true, \"session\": {\"status\": \"PASSED\", \"rfidUid\": null, \"closedAt\": \"2026-03-10T17:50:06.000Z\", \"gateCode\": \"GATE_01\", \"laneCode\": \"GATE_01_ENTRY\", \"openedAt\": \"2026-03-10T16:18:39.000Z\", \"siteCode\": \"SITE_DN_01\", \"ticketId\": \"98312\", \"direction\": \"ENTRY\", \"readCount\": 1, \"sessionId\": \"13\", \"lastReadAt\": \"2026-03-10T17:50:06.000Z\", \"resolvedAt\": \"2026-03-10T17:50:05.000Z\", \"plateCompact\": \"99EI22268\", \"correlationId\": null, \"decisionCount\": 2, \"allowedActions\": [], \"presenceActive\": true, \"reviewRequired\": false, \"barrierCommandCount\": 2}}','2026-03-11 00:50:06','2026-03-11 00:50:06'),('gate-session-confirm-pass:3','ui_1772875942454_f73bc9d3','9771752c4b6d0e91f86a886a5bc4352eb71c38b1710693f8101c6c8f080762ab','FAILED',NULL,'2026-03-07 16:32:22','2026-03-07 16:32:22'),('gate-session-confirm-pass:4','ui_1772875946680_fbfb2b2b','e6529129cc8f7d30d4f2585a4b79da2c6183e893c7556ba3e9c6c3ddf3f34999','FAILED',NULL,'2026-03-07 16:32:26','2026-03-07 16:32:26'),('gate-session-confirm-pass:4','ui_1772877304074_5e51d134','0c365e644f633a7dcb9d98a9d8dae9da999de0e1fa531c37e6205bab8c5ddb1f','SUCCEEDED','{\"changed\": true, \"session\": {\"status\": \"PASSED\", \"rfidUid\": null, \"closedAt\": \"2026-03-07T09:55:04.000Z\", \"gateCode\": \"GATE_02\", \"laneCode\": \"GATE_02_EXIT\", \"openedAt\": \"2026-03-07T09:32:07.000Z\", \"siteCode\": \"SITE_DN_01\", \"ticketId\": null, \"direction\": \"EXIT\", \"readCount\": 1, \"sessionId\": \"4\", \"lastReadAt\": \"2026-03-07T09:55:04.000Z\", \"resolvedAt\": \"2026-03-07T09:55:03.000Z\", \"plateCompact\": \"18BZ50255\", \"correlationId\": \"SITE_DN_01:GATE_02_EXIT:1772875926954\", \"decisionCount\": 2, \"allowedActions\": [], \"presenceActive\": false, \"reviewRequired\": false, \"barrierCommandCount\": 1}}','2026-03-07 16:55:04','2026-03-07 16:55:04'),('gate-session-confirm-pass:5','ui_1772877299932_705cedd6','55adb772844244f5d9e730e9a8efaf9ec62d494c2bcb3a3aa4882ef5835388bc','SUCCEEDED','{\"changed\": true, \"session\": {\"status\": \"PASSED\", \"rfidUid\": null, \"closedAt\": \"2026-03-07T09:55:00.000Z\", \"gateCode\": \"GATE_01\", \"laneCode\": \"GATE_01_ENTRY\", \"openedAt\": \"2026-03-07T09:54:40.000Z\", \"siteCode\": \"SITE_DN_01\", \"ticketId\": null, \"direction\": \"ENTRY\", \"readCount\": 1, \"sessionId\": \"5\", \"lastReadAt\": \"2026-03-07T09:55:00.000Z\", \"resolvedAt\": \"2026-03-07T09:54:55.000Z\", \"plateCompact\": \"64F959034\", \"correlationId\": \"SITE_DN_01:GATE_01_ENTRY:1772877279739\", \"decisionCount\": 3, \"allowedActions\": [], \"presenceActive\": false, \"reviewRequired\": false, \"barrierCommandCount\": 1}}','2026-03-07 16:54:59','2026-03-07 16:54:59'),('gate-session-confirm-pass:7','ui_1772916043022_76f80c60','a5f908c49e33a1b6a7c102150475917e59b059411ca007f68b22afc665550001','SUCCEEDED','{\"changed\": true, \"session\": {\"status\": \"PASSED\", \"rfidUid\": null, \"closedAt\": \"2026-03-07T20:40:43.000Z\", \"gateCode\": \"GATE_01\", \"laneCode\": \"GATE_01_ENTRY\", \"openedAt\": \"2026-03-07T20:39:25.000Z\", \"siteCode\": \"SITE_DN_01\", \"ticketId\": \"98308\", \"direction\": \"ENTRY\", \"readCount\": 3, \"sessionId\": \"7\", \"lastReadAt\": \"2026-03-07T20:40:43.000Z\", \"resolvedAt\": \"2026-03-07T20:40:40.000Z\", \"plateCompact\": \"61LI69166\", \"correlationId\": \"SITE_DN_01:GATE_01_ENTRY:1772915965122\", \"decisionCount\": 2, \"allowedActions\": [], \"presenceActive\": true, \"reviewRequired\": false, \"barrierCommandCount\": 2}}','2026-03-08 03:40:43','2026-03-08 03:40:43'),('gate-session-manual-approve:6','ui_1772915903967_a5789178','559749d471448ddba65867b8ff4a3ebb259c7f61ed4f25b86d64d964129141b8','FAILED',NULL,'2026-03-08 03:38:23','2026-03-08 03:38:24'),('gate-session-manual-approve:6','ui_1772915912274_13f40f05','07011e5f4d7c7345059e003ed4e33dfa27c84ef44e908e2961c42aa2e6ec3137','FAILED',NULL,'2026-03-08 03:38:32','2026-03-08 03:38:32'),('gate-session-manual-approve:6','ui_1772916279500_2863e914','015c693253840151b4d834ce3f1989df893c34fad32d130ba0d4b0165bd8b769','FAILED',NULL,'2026-03-08 03:44:39','2026-03-08 03:44:39'),('gate-session-manual-approve:6','ui_1772954335891_c88a6c9d','418db8b2091b22b22441475f9df7d001a686edea7fcf45f26c984c5d548ff744','FAILED',NULL,'2026-03-08 14:18:56','2026-03-08 14:18:56'),('gate-session-manual-approve:6','ui_1772954489464_10798191','75e952e58c1d744488f954861cd43dc510ce823d6df8e2fcf5ce9030385524b3','FAILED',NULL,'2026-03-08 14:21:29','2026-03-08 14:21:29'),('gate-session-manual-approve:6','ui_1773175297554_9f1971d9','b1a2890ab6b52564e799f20d36b42a6b7163631241f93768539de23300637159','FAILED',NULL,'2026-03-11 03:41:37','2026-03-11 03:41:37'),('gate-session-manual-open-barrier:6','ui_1773175299774_c7d2ebba','d01abaeadb2ed7c42c3a4604f1fc878f567fc62381cbbe9f1785cee29fb33c42','FAILED',NULL,'2026-03-11 03:41:39','2026-03-11 03:41:39'),('gate-session-manual-open-barrier:7','ui_1772916281919_8ec24688','883f966fb17b7721789d7e6c4684c3b63c8c3fcad7bd23e768af4563b7bc8730','FAILED',NULL,'2026-03-08 03:44:41','2026-03-08 03:44:41'),('gate-session-manual-reject:6','ui_1772916285285_12508f13','f5a0a9b104cb03a6f98c9e397e854cd954747640b0108b852b0848e241f91382','FAILED',NULL,'2026-03-08 03:44:45','2026-03-08 03:44:45'),('gate-session-manual-reject:6','ui_1773175301563_3851ff67','078bcc2d8b7ed658bf4152d0fb3201fcf88320965534451394109356d41d15ca','FAILED',NULL,'2026-03-11 03:41:41','2026-03-11 03:41:41'),('gate-session-manual-reject:6','ui_1773222710624_dbe15b61','bb1f699f43bd299b5f9b9f07158ed8b3caa67e41e33f7fac8442300e18fdabf3','FAILED',NULL,'2026-03-11 16:51:50','2026-03-11 16:51:50'),('gate-session-open:SITE_DN_01:GATE_01_ENTRY','ui_1772875531822_6c5006a4','9cb99d61c34bc0b2c2145003663c6890da49ca844e3843cab9009d2ab7e9dc7e','SUCCEEDED','{\"reused\": false, \"session\": {\"status\": \"OPEN\", \"rfidUid\": null, \"closedAt\": null, \"gateCode\": \"GATE_01\", \"laneCode\": \"GATE_01_ENTRY\", \"openedAt\": \"2026-03-07T09:25:32.000Z\", \"siteCode\": \"SITE_DN_01\", \"ticketId\": null, \"direction\": \"ENTRY\", \"readCount\": 1, \"sessionId\": \"1\", \"lastReadAt\": \"2026-03-07T09:25:32.000Z\", \"resolvedAt\": null, \"plateCompact\": \"68IB84315\", \"correlationId\": \"SITE_DN_01:GATE_01_ENTRY:1772875531822\", \"decisionCount\": 0, \"presenceActive\": true, \"reviewRequired\": false, \"barrierCommandCount\": 0}, \"reuseWindowMs\": 20000}','2026-03-07 16:25:31','2026-03-07 16:25:31'),('gate-session-open:SITE_DN_01:GATE_01_ENTRY','ui_1772875561500_7d55845f','66bf2205d9c54cd458f0503cc09f5a8f9214de127a1630677adb9320a194ef31','SUCCEEDED','{\"reused\": false, \"session\": {\"status\": \"OPEN\", \"rfidUid\": null, \"closedAt\": null, \"gateCode\": \"GATE_01\", \"laneCode\": \"GATE_01_ENTRY\", \"openedAt\": \"2026-03-07T09:26:02.000Z\", \"siteCode\": \"SITE_DN_01\", \"ticketId\": null, \"direction\": \"ENTRY\", \"readCount\": 1, \"sessionId\": \"2\", \"lastReadAt\": \"2026-03-07T09:26:02.000Z\", \"resolvedAt\": null, \"plateCompact\": \"15E341610\", \"correlationId\": \"SITE_DN_01:GATE_01_ENTRY:1772875561500\", \"decisionCount\": 0, \"presenceActive\": true, \"reviewRequired\": false, \"barrierCommandCount\": 0}, \"reuseWindowMs\": 20000}','2026-03-07 16:26:01','2026-03-07 16:26:01'),('gate-session-open:SITE_DN_01:GATE_01_ENTRY','ui_1772875910936_ac1cec8a','638dc2709a46a1dbc18a1b376a622a280c5c561a42906f8d31d2800eb2d2056d','SUCCEEDED','{\"reused\": false, \"session\": {\"status\": \"OPEN\", \"rfidUid\": null, \"closedAt\": null, \"gateCode\": \"GATE_01\", \"laneCode\": \"GATE_01_ENTRY\", \"openedAt\": \"2026-03-07T09:31:51.000Z\", \"siteCode\": \"SITE_DN_01\", \"ticketId\": null, \"direction\": \"ENTRY\", \"readCount\": 1, \"sessionId\": \"3\", \"lastReadAt\": \"2026-03-07T09:31:51.000Z\", \"resolvedAt\": null, \"plateCompact\": \"30LB14084\", \"correlationId\": \"SITE_DN_01:GATE_01_ENTRY:1772875910936\", \"decisionCount\": 0, \"presenceActive\": true, \"reviewRequired\": false, \"barrierCommandCount\": 0}, \"reuseWindowMs\": 20000}','2026-03-07 16:31:50','2026-03-07 16:31:50'),('gate-session-open:SITE_DN_01:GATE_01_ENTRY','ui_1772877279739_d5ea7502','31988e9654e4edc298937998b272d72b0e2e5b178b0e4f9b47823d0dec61d4ff','SUCCEEDED','{\"reused\": false, \"session\": {\"status\": \"OPEN\", \"rfidUid\": null, \"closedAt\": null, \"gateCode\": \"GATE_01\", \"laneCode\": \"GATE_01_ENTRY\", \"openedAt\": \"2026-03-07T09:54:40.000Z\", \"siteCode\": \"SITE_DN_01\", \"ticketId\": null, \"direction\": \"ENTRY\", \"readCount\": 1, \"sessionId\": \"5\", \"lastReadAt\": \"2026-03-07T09:54:40.000Z\", \"resolvedAt\": null, \"plateCompact\": \"64F959034\", \"correlationId\": \"SITE_DN_01:GATE_01_ENTRY:1772877279739\", \"decisionCount\": 0, \"allowedActions\": [\"cancel\"], \"presenceActive\": true, \"reviewRequired\": false, \"barrierCommandCount\": 0}, \"reuseWindowMs\": 20000}','2026-03-07 16:54:39','2026-03-07 16:54:39'),('gate-session-open:SITE_DN_01:GATE_01_ENTRY','ui_1772915851222_6efde2b1','b0d7030d08a0df2ce4a825c41ef9e253c4d7add525c6e3a1fc79d7e484338822','SUCCEEDED','{\"plate\": null, \"reused\": false, \"session\": {\"status\": \"WAITING_READ\", \"rfidUid\": null, \"closedAt\": null, \"gateCode\": \"GATE_01\", \"laneCode\": \"GATE_01_ENTRY\", \"openedAt\": \"2026-03-07T20:37:31.000Z\", \"siteCode\": \"SITE_DN_01\", \"ticketId\": null, \"direction\": \"ENTRY\", \"readCount\": 1, \"sessionId\": \"6\", \"lastReadAt\": \"2026-03-07T20:37:31.000Z\", \"resolvedAt\": null, \"plateCompact\": null, \"correlationId\": \"SITE_DN_01:GATE_01_ENTRY:1772915851222\", \"decisionCount\": 0, \"allowedActions\": [\"CANCEL\"], \"presenceActive\": true, \"reviewRequired\": false, \"barrierCommandCount\": 0}, \"reuseWindowMs\": 20000}','2026-03-08 03:37:31','2026-03-08 03:37:31'),('gate-session-open:SITE_DN_01:GATE_01_ENTRY','ui_1772915965122_e0a0f4f2','03211afcf2dfeadfbfcb3eee4110b6fa6855fee134d13fef1d4ef74a1922431a','SUCCEEDED','{\"plate\": null, \"reused\": false, \"session\": {\"status\": \"WAITING_READ\", \"rfidUid\": null, \"closedAt\": null, \"gateCode\": \"GATE_01\", \"laneCode\": \"GATE_01_ENTRY\", \"openedAt\": \"2026-03-07T20:39:25.000Z\", \"siteCode\": \"SITE_DN_01\", \"ticketId\": null, \"direction\": \"ENTRY\", \"readCount\": 1, \"sessionId\": \"7\", \"lastReadAt\": \"2026-03-07T20:39:25.000Z\", \"resolvedAt\": null, \"plateCompact\": null, \"correlationId\": \"SITE_DN_01:GATE_01_ENTRY:1772915965122\", \"decisionCount\": 0, \"allowedActions\": [\"CANCEL\"], \"presenceActive\": true, \"reviewRequired\": false, \"barrierCommandCount\": 0}, \"reuseWindowMs\": 20000}','2026-03-08 03:39:25','2026-03-08 03:39:25'),('gate-session-open:SITE_DN_01:GATE_01_ENTRY','ui_1772954390539_ac85c15c','17c5ab63efb106a0003e01d60b6a9fba70ebcba43fd987bb64b4dcd1ee78c1db','SUCCEEDED','{\"plate\": null, \"reused\": false, \"session\": {\"status\": \"WAITING_READ\", \"rfidUid\": null, \"closedAt\": null, \"gateCode\": \"GATE_01\", \"laneCode\": \"GATE_01_ENTRY\", \"openedAt\": \"2026-03-08T07:19:51.000Z\", \"siteCode\": \"SITE_DN_01\", \"ticketId\": null, \"direction\": \"ENTRY\", \"readCount\": 1, \"sessionId\": \"8\", \"lastReadAt\": \"2026-03-08T07:19:51.000Z\", \"resolvedAt\": null, \"plateCompact\": null, \"correlationId\": \"SITE_DN_01:GATE_01_ENTRY:1772954390539\", \"decisionCount\": 0, \"allowedActions\": [\"CANCEL\"], \"presenceActive\": true, \"reviewRequired\": false, \"barrierCommandCount\": 0}, \"reuseWindowMs\": 20000}','2026-03-08 14:19:50','2026-03-08 14:19:50'),('gate-session-open:SITE_DN_01:GATE_01_ENTRY','ui_1772956375588_a10ac75e','d0b60e26faf84f98680c28cf18303f0d0e284ca9da838a4278e81c3e3c6df229','SUCCEEDED','{\"plate\": null, \"reused\": false, \"session\": {\"status\": \"WAITING_READ\", \"rfidUid\": null, \"closedAt\": null, \"gateCode\": \"GATE_01\", \"laneCode\": \"GATE_01_ENTRY\", \"openedAt\": \"2026-03-08T07:52:56.000Z\", \"siteCode\": \"SITE_DN_01\", \"ticketId\": null, \"direction\": \"ENTRY\", \"readCount\": 1, \"sessionId\": \"11\", \"lastReadAt\": \"2026-03-08T07:52:56.000Z\", \"resolvedAt\": null, \"plateCompact\": null, \"correlationId\": \"SITE_DN_01:GATE_01_ENTRY:1772956375588\", \"decisionCount\": 0, \"allowedActions\": [\"CANCEL\"], \"presenceActive\": true, \"reviewRequired\": false, \"barrierCommandCount\": 0}, \"reuseWindowMs\": 20000}','2026-03-08 14:52:55','2026-03-08 14:52:55'),('gate-session-open:SITE_DN_01:GATE_01_ENTRY','ui_1772960141638_6b1d4e6e','7ceff2f7cdc5bfe5b9ba694e0acf17695a5951f483deec443bbca03cdd6a1200','SUCCEEDED','{\"plate\": null, \"reused\": false, \"session\": {\"status\": \"WAITING_READ\", \"rfidUid\": null, \"closedAt\": null, \"gateCode\": \"GATE_01\", \"laneCode\": \"GATE_01_ENTRY\", \"openedAt\": \"2026-03-08T08:55:42.000Z\", \"siteCode\": \"SITE_DN_01\", \"ticketId\": null, \"direction\": \"ENTRY\", \"readCount\": 1, \"sessionId\": \"12\", \"lastReadAt\": \"2026-03-08T08:55:42.000Z\", \"resolvedAt\": null, \"plateCompact\": null, \"correlationId\": \"SITE_DN_01:GATE_01_ENTRY:1772960141639\", \"decisionCount\": 0, \"allowedActions\": [\"CANCEL\"], \"presenceActive\": true, \"reviewRequired\": false, \"barrierCommandCount\": 0}, \"reuseWindowMs\": 20000}','2026-03-08 15:55:41','2026-03-08 15:55:41'),('gate-session-open:SITE_DN_01:GATE_02_EXIT','ui_1772875926954_674323b8','5ed69cf97a33af62a5ac25c33f101f70f03d5580e4266aeb75009346b4455863','SUCCEEDED','{\"reused\": false, \"session\": {\"status\": \"OPEN\", \"rfidUid\": null, \"closedAt\": null, \"gateCode\": \"GATE_02\", \"laneCode\": \"GATE_02_EXIT\", \"openedAt\": \"2026-03-07T09:32:07.000Z\", \"siteCode\": \"SITE_DN_01\", \"ticketId\": null, \"direction\": \"EXIT\", \"readCount\": 1, \"sessionId\": \"4\", \"lastReadAt\": \"2026-03-07T09:32:07.000Z\", \"resolvedAt\": null, \"plateCompact\": \"18BZ50255\", \"correlationId\": \"SITE_DN_01:GATE_02_EXIT:1772875926954\", \"decisionCount\": 0, \"presenceActive\": true, \"reviewRequired\": false, \"barrierCommandCount\": 0}, \"reuseWindowMs\": 20000}','2026-03-07 16:32:06','2026-03-07 16:32:06'),('gate-session-open:SITE_HCM_01:GATE_01_ENTRY','ui_1772954657647_60014b1c','45d1eafc8515aa8e534ba6026380a4de3909115de5a511a0ccef8191565ff567','SUCCEEDED','{\"plate\": null, \"reused\": false, \"session\": {\"status\": \"WAITING_READ\", \"rfidUid\": null, \"closedAt\": null, \"gateCode\": \"GATE_01\", \"laneCode\": \"GATE_01_ENTRY\", \"openedAt\": \"2026-03-08T07:24:18.000Z\", \"siteCode\": \"SITE_HCM_01\", \"ticketId\": null, \"direction\": \"ENTRY\", \"readCount\": 1, \"sessionId\": \"10\", \"lastReadAt\": \"2026-03-08T07:24:18.000Z\", \"resolvedAt\": null, \"plateCompact\": null, \"correlationId\": \"SITE_HCM_01:GATE_01_ENTRY:1772954657647\", \"decisionCount\": 0, \"allowedActions\": [\"CANCEL\"], \"presenceActive\": true, \"reviewRequired\": false, \"barrierCommandCount\": 0}, \"reuseWindowMs\": 20000}','2026-03-08 14:24:17','2026-03-08 14:24:17'),('gate-session-open:SITE_HCM_01:GATE_02_EXIT','ui_1772954642246_d4db0401','0fd2394bd464c83865c6c44c29985fcc446c161f92a779d88cfd0062239dd4ee','SUCCEEDED','{\"plate\": null, \"reused\": false, \"session\": {\"status\": \"WAITING_READ\", \"rfidUid\": null, \"closedAt\": null, \"gateCode\": \"GATE_02\", \"laneCode\": \"GATE_02_EXIT\", \"openedAt\": \"2026-03-08T07:24:02.000Z\", \"siteCode\": \"SITE_HCM_01\", \"ticketId\": null, \"direction\": \"EXIT\", \"readCount\": 1, \"sessionId\": \"9\", \"lastReadAt\": \"2026-03-08T07:24:02.000Z\", \"resolvedAt\": null, \"plateCompact\": null, \"correlationId\": \"SITE_HCM_01:GATE_02_EXIT:1772954642246\", \"decisionCount\": 0, \"allowedActions\": [\"CANCEL\"], \"presenceActive\": true, \"reviewRequired\": false, \"barrierCommandCount\": 0}, \"reuseWindowMs\": 20000}','2026-03-08 14:24:02','2026-03-08 14:24:02'),('gate-session-resolve:10','ui_1772954657715_5e52771f','0aafe7d1fa9358f143cf4ed2c7453212a7b50e895b6c19e2cd27f45f5bd9b1c0','SUCCEEDED','{\"plate\": {\"plateRaw\": \"50-AF 668.79\", \"plateFamily\": \"DOMESTIC\", \"plateCompact\": \"50AF66879\", \"plateDisplay\": \"50-AF 668.79\", \"plateValidity\": \"STRICT_VALID\", \"reviewRequired\": false, \"suspiciousFlags\": [], \"validationNotes\": [], \"ocrSubstitutions\": []}, \"session\": {\"status\": \"DENIED\", \"rfidUid\": null, \"closedAt\": \"2026-03-08T07:24:18.000Z\", \"gateCode\": \"GATE_01\", \"laneCode\": \"GATE_01_ENTRY\", \"openedAt\": \"2026-03-08T07:24:18.000Z\", \"siteCode\": \"SITE_HCM_01\", \"ticketId\": \"98310\", \"direction\": \"ENTRY\", \"readCount\": 3, \"sessionId\": \"10\", \"lastReadAt\": \"2026-03-08T07:24:18.000Z\", \"resolvedAt\": \"2026-03-08T07:24:18.000Z\", \"plateCompact\": \"50AF66879\", \"correlationId\": \"SITE_HCM_01:GATE_01_ENTRY:1772954657647\", \"decisionCount\": 2, \"allowedActions\": [], \"presenceActive\": true, \"reviewRequired\": false, \"barrierCommandCount\": 1}, \"decision\": {\"reasonCode\": \"ACTIVE_PRESENCE_EXISTS\", \"explanation\": \"Phát hiện active presence trong site cho TICKET+PLATE từ lane GATE_01_ENTRY; entry mới bị chặn để chống anti-passback.\", \"finalAction\": \"DENY\", \"decisionCode\": \"ANTI_PASSBACK_BLOCKED\", \"reasonDetail\": \"Phát hiện active presence trong site cho TICKET+PLATE từ lane GATE_01_ENTRY; entry mới bị chặn để chống anti-passback.\", \"inputSnapshot\": {\"rfidUid\": null, \"plateRaw\": \"50-AF 668.79\", \"openTicket\": {\"ticketId\": \"98310\", \"entryTime\": \"2026-03-08T07:24:18.000Z\", \"matchedBy\": \"PLATE\", \"ticketCode\": \"ENEHCM0110\"}, \"plateFamily\": \"DOMESTIC\", \"deviceHealth\": \"UNKNOWN\", \"plateCompact\": \"50AF66879\", \"rfidTicketId\": null, \"laneDirection\": \"ENTRY\", \"ocrConfidence\": 0.99, \"paymentStatus\": \"NOT_APPLICABLE\", \"plateTicketId\": \"98310\", \"plateValidity\": \"STRICT_VALID\", \"activePresence\": {\"rfidUid\": null, \"ticketId\": \"98310\", \"enteredAt\": \"2026-03-08T07:24:18.000Z\", \"matchedBy\": [\"TICKET\", \"PLATE\"], \"sessionId\": \"10\", \"lastSeenAt\": \"2026-03-08T07:24:18.000Z\", \"presenceId\": \"5\", \"plateCompact\": \"50AF66879\", \"entryLaneCode\": \"GATE_01_ENTRY\", \"evidenceReadEventId\": null}, \"presenceActive\": true, \"credentialStatus\": \"UNKNOWN\", \"paymentResolution\": null, \"openTicketSelection\": {\"mismatch\": false, \"selectedBy\": \"PLATE\", \"rfidTicketId\": null, \"plateTicketId\": \"98310\"}, \"deviceHealthSnapshot\": {\"health\": \"UNKNOWN\", \"status\": null, \"ageSeconds\": null, \"reportedAt\": null}}, \"reviewRequired\": false, \"recommendedAction\": \"DENY\", \"thresholdSnapshot\": {\"ocrReviewMin\": 0.75, \"engineVersion\": \"PR08_EXIT_FLOW_V1\", \"ocrApproveMin\": 0.9, \"offlineHeartbeatAgeSeconds\": 300, \"degradedHeartbeatAgeSeconds\": 120}}}','2026-03-08 14:24:17','2026-03-08 14:24:17'),('gate-session-resolve:11','ui_1772956375648_4ad8512e','80439bbbc193cfdccf36c82b64571c145cb7547ebacbd40b1bc529f22c542c9e','SUCCEEDED','{\"plate\": {\"plateRaw\": \"50-af 668.79\", \"plateFamily\": \"DOMESTIC\", \"plateCompact\": \"50AF66879\", \"plateDisplay\": \"50-AF 668.79\", \"plateValidity\": \"STRICT_VALID\", \"reviewRequired\": false, \"suspiciousFlags\": [], \"validationNotes\": [], \"ocrSubstitutions\": []}, \"session\": {\"status\": \"DENIED\", \"rfidUid\": null, \"closedAt\": \"2026-03-08T07:52:56.000Z\", \"gateCode\": \"GATE_01\", \"laneCode\": \"GATE_01_ENTRY\", \"openedAt\": \"2026-03-08T07:52:56.000Z\", \"siteCode\": \"SITE_DN_01\", \"ticketId\": \"98309\", \"direction\": \"ENTRY\", \"readCount\": 2, \"sessionId\": \"11\", \"lastReadAt\": \"2026-03-08T07:52:56.000Z\", \"resolvedAt\": \"2026-03-08T07:52:56.000Z\", \"plateCompact\": \"50AF66879\", \"correlationId\": \"SITE_DN_01:GATE_01_ENTRY:1772956375588\", \"decisionCount\": 1, \"allowedActions\": [], \"presenceActive\": true, \"reviewRequired\": false, \"barrierCommandCount\": 0}, \"decision\": {\"reasonCode\": \"ACTIVE_PRESENCE_EXISTS\", \"explanation\": \"Phát hiện active presence trong site cho TICKET+PLATE từ lane GATE_01_ENTRY; entry mới bị chặn để chống anti-passback.\", \"finalAction\": \"DENY\", \"decisionCode\": \"ANTI_PASSBACK_BLOCKED\", \"reasonDetail\": \"Phát hiện active presence trong site cho TICKET+PLATE từ lane GATE_01_ENTRY; entry mới bị chặn để chống anti-passback.\", \"inputSnapshot\": {\"rfidUid\": null, \"plateRaw\": \"50-af 668.79\", \"openTicket\": {\"ticketId\": \"98309\", \"entryTime\": \"2026-03-08T07:19:51.000Z\", \"matchedBy\": \"PLATE\", \"ticketCode\": \"ENTEDN018\"}, \"plateFamily\": \"DOMESTIC\", \"deviceHealth\": \"UNKNOWN\", \"plateCompact\": \"50AF66879\", \"rfidTicketId\": null, \"laneDirection\": \"ENTRY\", \"ocrConfidence\": 0.99, \"paymentStatus\": \"NOT_APPLICABLE\", \"plateTicketId\": \"98309\", \"plateValidity\": \"STRICT_VALID\", \"activePresence\": {\"rfidUid\": null, \"ticketId\": \"98309\", \"enteredAt\": \"2026-03-08T07:19:51.000Z\", \"matchedBy\": [\"TICKET\", \"PLATE\"], \"sessionId\": \"8\", \"lastSeenAt\": \"2026-03-08T07:19:51.000Z\", \"presenceId\": \"4\", \"plateCompact\": \"50AF66879\", \"entryLaneCode\": \"GATE_01_ENTRY\", \"evidenceReadEventId\": null}, \"presenceActive\": true, \"credentialStatus\": \"UNKNOWN\", \"paymentResolution\": null, \"openTicketSelection\": {\"mismatch\": false, \"selectedBy\": \"PLATE\", \"rfidTicketId\": null, \"plateTicketId\": \"98309\"}, \"deviceHealthSnapshot\": {\"health\": \"UNKNOWN\", \"status\": null, \"ageSeconds\": null, \"reportedAt\": null}}, \"reviewRequired\": false, \"recommendedAction\": \"DENY\", \"thresholdSnapshot\": {\"ocrReviewMin\": 0.75, \"engineVersion\": \"PR08_EXIT_FLOW_V1\", \"ocrApproveMin\": 0.9, \"offlineHeartbeatAgeSeconds\": 300, \"degradedHeartbeatAgeSeconds\": 120}}}','2026-03-08 14:52:55','2026-03-08 14:52:55'),('gate-session-resolve:12','ui_1772960141991_9ae5e0e3','e4337f5493bfb9d49c642e22ca41e2905e7576521cfd3460f7fb5f2530206bf9','SUCCEEDED','{\"plate\": {\"plateRaw\": \"30-AF 668.79\", \"plateFamily\": \"DOMESTIC\", \"plateCompact\": \"30AF66879\", \"plateDisplay\": \"30-AF 668.79\", \"plateValidity\": \"STRICT_VALID\", \"reviewRequired\": false, \"suspiciousFlags\": [], \"validationNotes\": [], \"ocrSubstitutions\": []}, \"session\": {\"status\": \"DENIED\", \"rfidUid\": null, \"closedAt\": \"2026-03-08T08:55:42.000Z\", \"gateCode\": \"GATE_01\", \"laneCode\": \"GATE_01_ENTRY\", \"openedAt\": \"2026-03-08T08:55:42.000Z\", \"siteCode\": \"SITE_DN_01\", \"ticketId\": \"98311\", \"direction\": \"ENTRY\", \"readCount\": 3, \"sessionId\": \"12\", \"lastReadAt\": \"2026-03-08T08:55:42.000Z\", \"resolvedAt\": \"2026-03-08T08:55:42.000Z\", \"plateCompact\": \"30AF66879\", \"correlationId\": \"SITE_DN_01:GATE_01_ENTRY:1772960141639\", \"decisionCount\": 2, \"allowedActions\": [], \"presenceActive\": true, \"reviewRequired\": false, \"barrierCommandCount\": 1}, \"decision\": {\"reasonCode\": \"ENTRY_ALREADY_HAS_OPEN_TICKET\", \"explanation\": \"Xe đang có open ticket ở hệ thống nên entry lane bị chặn để tránh anti-passback.\", \"finalAction\": \"DENY\", \"decisionCode\": \"ANTI_PASSBACK_BLOCKED\", \"reasonDetail\": \"Xe đang có open ticket ở hệ thống nên entry lane bị chặn để tránh anti-passback.\", \"inputSnapshot\": {\"rfidUid\": null, \"plateRaw\": \"30-AF 668.79\", \"openTicket\": {\"ticketId\": \"98311\", \"entryTime\": \"2026-03-08T08:55:42.000Z\", \"matchedBy\": \"PLATE\", \"ticketCode\": \"ENTEDN0112\"}, \"plateFamily\": \"DOMESTIC\", \"deviceHealth\": \"UNKNOWN\", \"plateCompact\": \"30AF66879\", \"rfidTicketId\": null, \"laneDirection\": \"ENTRY\", \"ocrConfidence\": 0.94, \"paymentStatus\": \"NOT_APPLICABLE\", \"plateTicketId\": \"98311\", \"plateValidity\": \"STRICT_VALID\", \"activePresence\": null, \"presenceActive\": true, \"currentLaneCode\": \"GATE_01_ENTRY\", \"credentialStatus\": \"UNKNOWN\", \"currentSessionId\": \"12\", \"paymentResolution\": null, \"openTicketSelection\": {\"mismatch\": false, \"selectedBy\": \"PLATE\", \"rfidTicketId\": null, \"plateTicketId\": \"98311\"}, \"deviceHealthSnapshot\": {\"health\": \"UNKNOWN\", \"status\": null, \"ageSeconds\": null, \"reportedAt\": null}}, \"reviewRequired\": false, \"recommendedAction\": \"DENY\", \"thresholdSnapshot\": {\"ocrReviewMin\": 0.75, \"engineVersion\": \"PR08_EXIT_FLOW_V1\", \"ocrApproveMin\": 0.9, \"antiPassbackStaleSeconds\": 900, \"offlineHeartbeatAgeSeconds\": 300, \"degradedHeartbeatAgeSeconds\": 120, \"antiPassbackSameLaneDebounceSeconds\": 8}}}','2026-03-08 15:55:41','2026-03-08 15:55:42'),('gate-session-resolve:13','ui_1773165005182_3c4140fa','db8950fd922e9350e3276bbb3680f272821da94a3d435feabc184190738d168d','SUCCEEDED','{\"event\": null, \"plate\": null, \"session\": {\"status\": \"APPROVED\", \"rfidUid\": null, \"closedAt\": null, \"gateCode\": \"GATE_01\", \"laneCode\": \"GATE_01_ENTRY\", \"openedAt\": \"2026-03-10T16:18:39.000Z\", \"siteCode\": \"SITE_DN_01\", \"ticketId\": \"98312\", \"direction\": \"ENTRY\", \"readCount\": 1, \"sessionId\": \"13\", \"lastReadAt\": \"2026-03-10T17:50:05.000Z\", \"resolvedAt\": \"2026-03-10T17:50:05.000Z\", \"plateCompact\": \"99EI22268\", \"correlationId\": null, \"decisionCount\": 2, \"allowedActions\": [\"CONFIRM_PASS\", \"DENY\", \"CANCEL\"], \"presenceActive\": true, \"reviewRequired\": false, \"barrierCommandCount\": 1}, \"decision\": {\"reasonCode\": \"MANUAL_APPROVE\", \"explanation\": \"Thao tác từ Session History\", \"finalAction\": \"APPROVE\", \"decisionCode\": \"AUTO_APPROVED\", \"reasonDetail\": \"Thao tác từ Session History\", \"inputSnapshot\": {\"source\": \"MANUAL_OVERRIDE\", \"recommendedAction\": \"APPROVE\"}, \"reviewRequired\": false, \"recommendedAction\": \"APPROVE\", \"thresholdSnapshot\": {\"source\": \"MANUAL_OVERRIDE\"}}}','2026-03-11 00:50:05','2026-03-11 00:50:05'),('gate-session-resolve:3','ui_1772875911013_cefe7b8a','8ae55bf2df1032b72d81e00969276f21511f7848430f46a911374ae924f686e9','SUCCEEDED','{\"session\": {\"status\": \"WAITING_DECISION\", \"rfidUid\": null, \"closedAt\": null, \"gateCode\": \"GATE_01\", \"laneCode\": \"GATE_01_ENTRY\", \"openedAt\": \"2026-03-07T09:31:51.000Z\", \"siteCode\": \"SITE_DN_01\", \"ticketId\": null, \"direction\": \"ENTRY\", \"readCount\": 1, \"sessionId\": \"3\", \"lastReadAt\": \"2026-03-07T09:31:51.000Z\", \"resolvedAt\": \"2026-03-07T09:31:51.000Z\", \"plateCompact\": \"30LB14084\", \"correlationId\": \"SITE_DN_01:GATE_01_ENTRY:1772875910936\", \"decisionCount\": 1, \"presenceActive\": true, \"reviewRequired\": true, \"barrierCommandCount\": 0}, \"decision\": {\"reasonCode\": \"PLATE_REVIEW_REQUIRED\", \"finalAction\": \"REVIEW\", \"decisionCode\": \"REVIEW_REQUIRED\", \"reasonDetail\": \"Backend gắn cờ review từ plate canonical.\"}}','2026-03-07 16:31:51','2026-03-07 16:31:51'),('gate-session-resolve:4','ui_1772875926991_d0e08e27','f061a48ed5c9af1df8046acdae60db083cd37f8e2605d0c2118de2c98d4d7ac1','SUCCEEDED','{\"session\": {\"status\": \"WAITING_DECISION\", \"rfidUid\": null, \"closedAt\": null, \"gateCode\": \"GATE_02\", \"laneCode\": \"GATE_02_EXIT\", \"openedAt\": \"2026-03-07T09:32:07.000Z\", \"siteCode\": \"SITE_DN_01\", \"ticketId\": null, \"direction\": \"EXIT\", \"readCount\": 1, \"sessionId\": \"4\", \"lastReadAt\": \"2026-03-07T09:32:07.000Z\", \"resolvedAt\": \"2026-03-07T09:32:07.000Z\", \"plateCompact\": \"18BZ50255\", \"correlationId\": \"SITE_DN_01:GATE_02_EXIT:1772875926954\", \"decisionCount\": 1, \"presenceActive\": true, \"reviewRequired\": true, \"barrierCommandCount\": 0}, \"decision\": {\"reasonCode\": \"PLATE_REVIEW_REQUIRED\", \"finalAction\": \"REVIEW\", \"decisionCode\": \"REVIEW_REQUIRED\", \"reasonDetail\": \"Backend gắn cờ review từ plate canonical.\"}}','2026-03-07 16:32:06','2026-03-07 16:32:07'),('gate-session-resolve:4','ui_1772877302874_b455e2c2','ed4c521643d4ef7f1c96486ff1b4e70ea45a8bb4742fac8c4739733ec15c26d2','SUCCEEDED','{\"session\": {\"status\": \"APPROVED\", \"rfidUid\": null, \"closedAt\": null, \"gateCode\": \"GATE_02\", \"laneCode\": \"GATE_02_EXIT\", \"openedAt\": \"2026-03-07T09:32:07.000Z\", \"siteCode\": \"SITE_DN_01\", \"ticketId\": null, \"direction\": \"EXIT\", \"readCount\": 1, \"sessionId\": \"4\", \"lastReadAt\": \"2026-03-07T09:55:03.000Z\", \"resolvedAt\": \"2026-03-07T09:55:03.000Z\", \"plateCompact\": \"18BZ50255\", \"correlationId\": \"SITE_DN_01:GATE_02_EXIT:1772875926954\", \"decisionCount\": 2, \"allowedActions\": [\"paymentHold\", \"deny\", \"confirmPass\", \"cancel\"], \"presenceActive\": true, \"reviewRequired\": false, \"barrierCommandCount\": 0}, \"decision\": {\"reasonCode\": \"MANUAL_APPROVE\", \"finalAction\": \"APPROVE\", \"decisionCode\": \"AUTO_APPROVED\", \"reasonDetail\": \"Thao tác từ Sessions page\"}}','2026-03-07 16:55:02','2026-03-07 16:55:02'),('gate-session-resolve:5','ui_1772877279816_abe54c62','aed0b8755d3524cbe0bcd885b9024a9efab2034946e7671b34855f81b1519173','SUCCEEDED','{\"session\": {\"status\": \"WAITING_DECISION\", \"rfidUid\": null, \"closedAt\": null, \"gateCode\": \"GATE_01\", \"laneCode\": \"GATE_01_ENTRY\", \"openedAt\": \"2026-03-07T09:54:40.000Z\", \"siteCode\": \"SITE_DN_01\", \"ticketId\": null, \"direction\": \"ENTRY\", \"readCount\": 1, \"sessionId\": \"5\", \"lastReadAt\": \"2026-03-07T09:54:40.000Z\", \"resolvedAt\": \"2026-03-07T09:54:40.000Z\", \"plateCompact\": \"64F959034\", \"correlationId\": \"SITE_DN_01:GATE_01_ENTRY:1772877279739\", \"decisionCount\": 1, \"allowedActions\": [\"approve\", \"paymentHold\", \"deny\", \"cancel\"], \"presenceActive\": true, \"reviewRequired\": true, \"barrierCommandCount\": 0}, \"decision\": {\"reasonCode\": \"EVIDENCE_CAPTURED\", \"finalAction\": \"REVIEW\", \"decisionCode\": \"REVIEW_REQUIRED\", \"reasonDetail\": \"Evidence ALPR đã được ghi nhận, chờ decision.\"}}','2026-03-07 16:54:39','2026-03-07 16:54:39'),('gate-session-resolve:5','ui_1772877291987_2102d6ec','7580bd0b1658b8d23dd0de44e1db934a282144599027a7efcdef5b1505d8b435','SUCCEEDED','{\"session\": {\"status\": \"WAITING_PAYMENT\", \"rfidUid\": null, \"closedAt\": null, \"gateCode\": \"GATE_01\", \"laneCode\": \"GATE_01_ENTRY\", \"openedAt\": \"2026-03-07T09:54:40.000Z\", \"siteCode\": \"SITE_DN_01\", \"ticketId\": null, \"direction\": \"ENTRY\", \"readCount\": 1, \"sessionId\": \"5\", \"lastReadAt\": \"2026-03-07T09:54:52.000Z\", \"resolvedAt\": \"2026-03-07T09:54:52.000Z\", \"plateCompact\": \"64F959034\", \"correlationId\": \"SITE_DN_01:GATE_01_ENTRY:1772877279739\", \"decisionCount\": 2, \"allowedActions\": [\"approve\", \"deny\", \"cancel\"], \"presenceActive\": true, \"reviewRequired\": false, \"barrierCommandCount\": 0}, \"decision\": {\"reasonCode\": \"PAYMENT_REQUIRED_UI\", \"finalAction\": \"PAYMENT_HOLD\", \"decisionCode\": \"PAYMENT_REQUIRED\", \"reasonDetail\": \"Đẩy session sang WAITING_PAYMENT từ UI\"}}','2026-03-07 16:54:51','2026-03-07 16:54:52'),('gate-session-resolve:5','ui_1772877295221_a113ba8a','b275d44c53b2b83c2e932395c2de5f4ffb645a102f9580d06c9d43784a1c76b9','SUCCEEDED','{\"session\": {\"status\": \"APPROVED\", \"rfidUid\": null, \"closedAt\": null, \"gateCode\": \"GATE_01\", \"laneCode\": \"GATE_01_ENTRY\", \"openedAt\": \"2026-03-07T09:54:40.000Z\", \"siteCode\": \"SITE_DN_01\", \"ticketId\": null, \"direction\": \"ENTRY\", \"readCount\": 1, \"sessionId\": \"5\", \"lastReadAt\": \"2026-03-07T09:54:55.000Z\", \"resolvedAt\": \"2026-03-07T09:54:55.000Z\", \"plateCompact\": \"64F959034\", \"correlationId\": \"SITE_DN_01:GATE_01_ENTRY:1772877279739\", \"decisionCount\": 3, \"allowedActions\": [\"paymentHold\", \"deny\", \"confirmPass\", \"cancel\"], \"presenceActive\": true, \"reviewRequired\": false, \"barrierCommandCount\": 0}, \"decision\": {\"reasonCode\": \"MANUAL_APPROVE\", \"finalAction\": \"APPROVE\", \"decisionCode\": \"AUTO_APPROVED\", \"reasonDetail\": \"Thao tác từ Sessions page\"}}','2026-03-07 16:54:55','2026-03-07 16:54:55'),('gate-session-resolve:6','ui_1772915851320_f82fc03f','b6761755e199df0153bf198dd72bdc57dcd68c942535f2666666dcb9424b5b12','FAILED',NULL,'2026-03-08 03:37:31','2026-03-08 03:37:36'),('gate-session-resolve:7','ui_1772915965168_b8dab263','e8055bcde5590b2c2b03e006e54c6bc17cd4a5c9c048a0c5d0a42fb43a437578','FAILED',NULL,'2026-03-08 03:39:25','2026-03-08 03:39:30'),('gate-session-resolve:7','ui_1772916039790_534c26bd','7ac58e74727dcbb3fd7f4580cd56120214804d50fcb6573338c6bd2e5d108e76','SUCCEEDED','{\"plate\": null, \"session\": {\"status\": \"APPROVED\", \"rfidUid\": null, \"closedAt\": null, \"gateCode\": \"GATE_01\", \"laneCode\": \"GATE_01_ENTRY\", \"openedAt\": \"2026-03-07T20:39:25.000Z\", \"siteCode\": \"SITE_DN_01\", \"ticketId\": \"98308\", \"direction\": \"ENTRY\", \"readCount\": 3, \"sessionId\": \"7\", \"lastReadAt\": \"2026-03-07T20:40:40.000Z\", \"resolvedAt\": \"2026-03-07T20:40:40.000Z\", \"plateCompact\": \"61LI69166\", \"correlationId\": \"SITE_DN_01:GATE_01_ENTRY:1772915965122\", \"decisionCount\": 2, \"allowedActions\": [\"CONFIRM_PASS\", \"DENY\", \"CANCEL\"], \"presenceActive\": true, \"reviewRequired\": false, \"barrierCommandCount\": 1}, \"decision\": {\"reasonCode\": \"MANUAL_APPROVE\", \"explanation\": \"Thao tác từ Session History\", \"finalAction\": \"APPROVE\", \"decisionCode\": \"AUTO_APPROVED\", \"reasonDetail\": \"Thao tác từ Session History\", \"inputSnapshot\": {\"source\": \"MANUAL_OVERRIDE\", \"recommendedAction\": \"APPROVE\"}, \"reviewRequired\": false, \"recommendedAction\": \"APPROVE\", \"thresholdSnapshot\": {\"source\": \"MANUAL_OVERRIDE\"}}}','2026-03-08 03:40:39','2026-03-08 03:40:39'),('gate-session-resolve:8','ui_1772954390661_9141b888','5993f37c94a26e293556317b661b100ea47696277e9cdb9cef3348c89450d1df','SUCCEEDED','{\"plate\": {\"plateRaw\": \"50-AF 668.79\", \"plateFamily\": \"DOMESTIC\", \"plateCompact\": \"50AF66879\", \"plateDisplay\": \"50-AF 668.79\", \"plateValidity\": \"STRICT_VALID\", \"reviewRequired\": false, \"suspiciousFlags\": [], \"validationNotes\": [], \"ocrSubstitutions\": []}, \"session\": {\"status\": \"DENIED\", \"rfidUid\": null, \"closedAt\": \"2026-03-08T07:19:51.000Z\", \"gateCode\": \"GATE_01\", \"laneCode\": \"GATE_01_ENTRY\", \"openedAt\": \"2026-03-08T07:19:51.000Z\", \"siteCode\": \"SITE_DN_01\", \"ticketId\": \"98309\", \"direction\": \"ENTRY\", \"readCount\": 3, \"sessionId\": \"8\", \"lastReadAt\": \"2026-03-08T07:19:51.000Z\", \"resolvedAt\": \"2026-03-08T07:19:51.000Z\", \"plateCompact\": \"50AF66879\", \"correlationId\": \"SITE_DN_01:GATE_01_ENTRY:1772954390539\", \"decisionCount\": 2, \"allowedActions\": [], \"presenceActive\": true, \"reviewRequired\": false, \"barrierCommandCount\": 1}, \"decision\": {\"reasonCode\": \"ACTIVE_PRESENCE_EXISTS\", \"explanation\": \"Phát hiện active presence trong site cho TICKET+PLATE từ lane GATE_01_ENTRY; entry mới bị chặn để chống anti-passback.\", \"finalAction\": \"DENY\", \"decisionCode\": \"ANTI_PASSBACK_BLOCKED\", \"reasonDetail\": \"Phát hiện active presence trong site cho TICKET+PLATE từ lane GATE_01_ENTRY; entry mới bị chặn để chống anti-passback.\", \"inputSnapshot\": {\"rfidUid\": null, \"plateRaw\": \"50-AF 668.79\", \"openTicket\": {\"ticketId\": \"98309\", \"entryTime\": \"2026-03-08T07:19:51.000Z\", \"matchedBy\": \"PLATE\", \"ticketCode\": \"ENTEDN018\"}, \"plateFamily\": \"DOMESTIC\", \"deviceHealth\": \"UNKNOWN\", \"plateCompact\": \"50AF66879\", \"rfidTicketId\": null, \"laneDirection\": \"ENTRY\", \"ocrConfidence\": 0.99, \"paymentStatus\": \"NOT_APPLICABLE\", \"plateTicketId\": \"98309\", \"plateValidity\": \"STRICT_VALID\", \"activePresence\": {\"rfidUid\": null, \"ticketId\": \"98309\", \"enteredAt\": \"2026-03-08T07:19:51.000Z\", \"matchedBy\": [\"TICKET\", \"PLATE\"], \"sessionId\": \"8\", \"lastSeenAt\": \"2026-03-08T07:19:51.000Z\", \"presenceId\": \"4\", \"plateCompact\": \"50AF66879\", \"entryLaneCode\": \"GATE_01_ENTRY\", \"evidenceReadEventId\": null}, \"presenceActive\": true, \"credentialStatus\": \"UNKNOWN\", \"paymentResolution\": null, \"openTicketSelection\": {\"mismatch\": false, \"selectedBy\": \"PLATE\", \"rfidTicketId\": null, \"plateTicketId\": \"98309\"}, \"deviceHealthSnapshot\": {\"health\": \"UNKNOWN\", \"status\": null, \"ageSeconds\": null, \"reportedAt\": null}}, \"reviewRequired\": false, \"recommendedAction\": \"DENY\", \"thresholdSnapshot\": {\"ocrReviewMin\": 0.75, \"engineVersion\": \"PR08_EXIT_FLOW_V1\", \"ocrApproveMin\": 0.9, \"offlineHeartbeatAgeSeconds\": 300, \"degradedHeartbeatAgeSeconds\": 120}}}','2026-03-08 14:19:50','2026-03-08 14:19:50'),('gate-session-resolve:9','ui_1772954642369_85ab419e','e5a4fa8b221c00c6bea346d2a9b0f7c54a8eb5a11e2a1f77e7fd40c7c9963507','SUCCEEDED','{\"plate\": {\"plateRaw\": \"50-AF 668.79\", \"plateFamily\": \"DOMESTIC\", \"plateCompact\": \"50AF66879\", \"plateDisplay\": \"50-AF 668.79\", \"plateValidity\": \"STRICT_VALID\", \"reviewRequired\": false, \"suspiciousFlags\": [], \"validationNotes\": [], \"ocrSubstitutions\": []}, \"session\": {\"status\": \"WAITING_DECISION\", \"rfidUid\": null, \"closedAt\": null, \"gateCode\": \"GATE_02\", \"laneCode\": \"GATE_02_EXIT\", \"openedAt\": \"2026-03-08T07:24:02.000Z\", \"siteCode\": \"SITE_HCM_01\", \"ticketId\": null, \"direction\": \"EXIT\", \"readCount\": 3, \"sessionId\": \"9\", \"lastReadAt\": \"2026-03-08T07:24:02.000Z\", \"resolvedAt\": \"2026-03-08T07:24:02.000Z\", \"plateCompact\": \"50AF66879\", \"correlationId\": \"SITE_HCM_01:GATE_02_EXIT:1772954642246\", \"decisionCount\": 2, \"allowedActions\": [\"APPROVE\", \"REQUIRE_PAYMENT\", \"DENY\", \"CANCEL\"], \"presenceActive\": true, \"reviewRequired\": true, \"barrierCommandCount\": 0}, \"decision\": {\"reasonCode\": \"OPEN_TICKET_NOT_FOUND\", \"explanation\": \"Không tìm thấy open ticket cho lượt EXIT dựa trên RFID trước rồi plateCompact sau; cần operator review.\", \"finalAction\": \"REVIEW\", \"decisionCode\": \"TICKET_NOT_FOUND\", \"reasonDetail\": \"Không tìm thấy open ticket cho lượt EXIT dựa trên RFID trước rồi plateCompact sau; cần operator review.\", \"inputSnapshot\": {\"rfidUid\": null, \"plateRaw\": \"50-AF 668.79\", \"openTicket\": null, \"plateFamily\": \"DOMESTIC\", \"deviceHealth\": \"UNKNOWN\", \"plateCompact\": \"50AF66879\", \"rfidTicketId\": null, \"laneDirection\": \"EXIT\", \"ocrConfidence\": 0.99, \"paymentStatus\": \"NOT_APPLICABLE\", \"plateTicketId\": null, \"plateValidity\": \"STRICT_VALID\", \"activePresence\": null, \"presenceActive\": true, \"credentialStatus\": \"UNKNOWN\", \"paymentResolution\": null, \"openTicketSelection\": {\"mismatch\": false, \"selectedBy\": null, \"rfidTicketId\": null, \"plateTicketId\": null}, \"deviceHealthSnapshot\": {\"health\": \"UNKNOWN\", \"status\": null, \"ageSeconds\": null, \"reportedAt\": null}}, \"reviewRequired\": true, \"recommendedAction\": \"REVIEW\", \"thresholdSnapshot\": {\"ocrReviewMin\": 0.75, \"engineVersion\": \"PR08_EXIT_FLOW_V1\", \"ocrApproveMin\": 0.9, \"offlineHeartbeatAgeSeconds\": 300, \"degradedHeartbeatAgeSeconds\": 120}}}','2026-03-08 14:24:02','2026-03-08 14:24:02'),('lane-flow-submit:SITE_DN_01:GATE_01_ENTRY:ENTRY','run_lane_submit_idem_1773159518545_6035b87a','1fe7809ef8b300bb1d97b8aaf6a5381620725dfe816f511c27c9dc51dcf33603','SUCCEEDED','{\"event\": {\"rfidUid\": null, \"plateRaw\": \"99E1 222.68\", \"readType\": \"ALPR\", \"direction\": \"ENTRY\", \"requestId\": \"run_lane_submit_1773159518545_cb08baaa\", \"occurredAt\": \"2026-03-10T16:18:38.556Z\", \"readEventId\": \"26\", \"sensorState\": null, \"plateCompact\": \"99EI22268\", \"ocrConfidence\": 0}, \"session\": {\"status\": \"WAITING_DECISION\", \"rfidUid\": null, \"closedAt\": null, \"gateCode\": \"GATE_01\", \"laneCode\": \"GATE_01_ENTRY\", \"openedAt\": \"2026-03-10T16:18:39.000Z\", \"siteCode\": \"SITE_DN_01\", \"ticketId\": null, \"direction\": \"ENTRY\", \"readCount\": 1, \"sessionId\": \"13\", \"lastReadAt\": \"2026-03-10T16:18:39.000Z\", \"resolvedAt\": \"2026-03-10T16:18:39.000Z\", \"plateCompact\": \"99EI22268\", \"correlationId\": null, \"decisionCount\": 1, \"allowedActions\": [\"APPROVE\", \"REQUIRE_PAYMENT\", \"DENY\", \"CANCEL\"], \"presenceActive\": true, \"reviewRequired\": true, \"barrierCommandCount\": 0}, \"decision\": {\"reasonCode\": \"OCR_CONFIDENCE_TOO_LOW\", \"explanation\": \"OCR confidence thấp hơn review threshold (0.00 < 0.75).\", \"finalAction\": \"REVIEW\", \"decisionCode\": \"REVIEW_REQUIRED\", \"reasonDetail\": \"OCR confidence thấp hơn review threshold (0.00 < 0.75).\", \"inputSnapshot\": {\"rfidUid\": null, \"plateRaw\": \"99E1 222.68\", \"openTicket\": null, \"plateFamily\": \"DOMESTIC\", \"deviceHealth\": \"UNKNOWN\", \"plateCompact\": \"99EI22268\", \"rfidTicketId\": null, \"laneDirection\": \"ENTRY\", \"ocrConfidence\": 0, \"paymentStatus\": \"NOT_APPLICABLE\", \"plateTicketId\": null, \"plateValidity\": \"REVIEW\", \"activePresence\": null, \"presenceActive\": true, \"currentLaneCode\": null, \"credentialStatus\": \"UNKNOWN\", \"currentSessionId\": null, \"paymentResolution\": null, \"openTicketSelection\": {\"mismatch\": false, \"selectedBy\": null, \"rfidTicketId\": null, \"plateTicketId\": null}, \"deviceHealthSnapshot\": {\"health\": \"UNKNOWN\", \"status\": null, \"ageSeconds\": null, \"reportedAt\": null}}, \"reviewRequired\": true, \"recommendedAction\": \"REVIEW\", \"thresholdSnapshot\": {\"ocrReviewMin\": 0.75, \"engineVersion\": \"PR08_EXIT_FLOW_V1\", \"ocrApproveMin\": 0.9, \"antiPassbackStaleSeconds\": 900, \"offlineHeartbeatAgeSeconds\": 300, \"degradedHeartbeatAgeSeconds\": 120, \"antiPassbackSameLaneDebounceSeconds\": 8}}, \"authority\": {\"source\": \"PLATE_CONFIRMED\", \"auditSnapshot\": {\"confidence\": 0, \"needsConfirm\": false, \"softenedFrom\": null, \"decisionPolicy\": \"MANUAL_CONFIRMED\", \"recognizedPlate\": null, \"decisionPlateRaw\": \"99E1 222.68\", \"authoritativeSource\": \"PLATE_CONFIRMED\", \"appliedPreviewStatus\": \"REVIEW\", \"authoritativePlateRaw\": \"99E1 222.68\", \"originalPreviewStatus\": \"INVALID\"}, \"ocrConfidence\": 0, \"previewStatus\": \"REVIEW\", \"decisionPolicy\": \"MANUAL_CONFIRMED\", \"decisionPlateRaw\": \"99E1 222.68\", \"needsManualReview\": true, \"authoritativePlate\": {\"plateRaw\": \"99E1 222.68\", \"plateFamily\": \"DOMESTIC\", \"plateCompact\": \"99EI22268\", \"plateDisplay\": \"99-EI 222.68\", \"plateValidity\": \"REVIEW\", \"reviewRequired\": true, \"suspiciousFlags\": [], \"validationNotes\": [\"Có OCR substitution; backend sẽ quyết định authoritative.\"], \"ocrSubstitutions\": [\"1→I@series\"]}, \"authoritativePlateRaw\": \"99E1 222.68\", \"originalPreviewStatus\": \"INVALID\"}, \"requestId\": \"run_lane_submit_1773159518545_cb08baaa\", \"submittedAt\": \"2026-03-10T16:18:38.556Z\"}','2026-03-10 23:18:38','2026-03-10 23:18:38'),('lane-flow-submit:SITE_DN_01:GATE_01_ENTRY:ENTRY','run_lane_submit_idem_1773225332193_8d82a9e6','db9d89fe176c86b51dae29356dc568a32a7c6093814c08c0f16bf345b8d63fee','SUCCEEDED','{\"event\": {\"rfidUid\": null, \"plateRaw\": \"20-AA 567.89\", \"readType\": \"ALPR\", \"direction\": \"ENTRY\", \"requestId\": \"run_lane_submit_1773225332193_dc42be0a\", \"occurredAt\": \"2026-03-11T10:35:32.202Z\", \"readEventId\": \"27\", \"sensorState\": null, \"plateCompact\": \"20AA56789\", \"ocrConfidence\": 0}, \"session\": {\"status\": \"WAITING_DECISION\", \"rfidUid\": null, \"closedAt\": null, \"gateCode\": \"GATE_01\", \"laneCode\": \"GATE_01_ENTRY\", \"openedAt\": \"2026-03-11T10:35:32.000Z\", \"siteCode\": \"SITE_DN_01\", \"ticketId\": null, \"direction\": \"ENTRY\", \"readCount\": 1, \"sessionId\": \"14\", \"lastReadAt\": \"2026-03-11T10:35:32.000Z\", \"resolvedAt\": \"2026-03-11T10:35:32.000Z\", \"plateCompact\": \"20AA56789\", \"correlationId\": null, \"decisionCount\": 1, \"allowedActions\": [\"APPROVE\", \"REQUIRE_PAYMENT\", \"DENY\", \"CANCEL\"], \"presenceActive\": true, \"reviewRequired\": true, \"barrierCommandCount\": 0}, \"decision\": {\"reasonCode\": \"OCR_CONFIDENCE_TOO_LOW\", \"explanation\": \"OCR confidence thấp hơn review threshold (0.00 < 0.75).\", \"finalAction\": \"REVIEW\", \"decisionCode\": \"REVIEW_REQUIRED\", \"reasonDetail\": \"OCR confidence thấp hơn review threshold (0.00 < 0.75).\", \"inputSnapshot\": {\"rfidUid\": null, \"plateRaw\": \"20-AA 567.89\", \"openTicket\": null, \"plateFamily\": \"DOMESTIC\", \"deviceHealth\": \"UNKNOWN\", \"plateCompact\": \"20AA56789\", \"rfidTicketId\": null, \"laneDirection\": \"ENTRY\", \"ocrConfidence\": 0, \"paymentStatus\": \"NOT_APPLICABLE\", \"plateTicketId\": null, \"plateValidity\": \"STRICT_VALID\", \"activePresence\": null, \"presenceActive\": true, \"currentLaneCode\": null, \"credentialStatus\": \"UNKNOWN\", \"currentSessionId\": null, \"paymentResolution\": null, \"openTicketSelection\": {\"mismatch\": false, \"selectedBy\": null, \"rfidTicketId\": null, \"plateTicketId\": null}, \"deviceHealthSnapshot\": {\"health\": \"UNKNOWN\", \"status\": null, \"ageSeconds\": null, \"reportedAt\": null}}, \"reviewRequired\": true, \"recommendedAction\": \"REVIEW\", \"thresholdSnapshot\": {\"ocrReviewMin\": 0.75, \"engineVersion\": \"PR08_EXIT_FLOW_V1\", \"ocrApproveMin\": 0.9, \"antiPassbackStaleSeconds\": 900, \"offlineHeartbeatAgeSeconds\": 300, \"degradedHeartbeatAgeSeconds\": 120, \"antiPassbackSameLaneDebounceSeconds\": 8}}, \"authority\": {\"source\": \"PLATE_CONFIRMED\", \"auditSnapshot\": {\"confidence\": 0, \"needsConfirm\": false, \"softenedFrom\": null, \"decisionPolicy\": \"MANUAL_CONFIRMED\", \"recognizedPlate\": null, \"decisionPlateRaw\": \"20-AA 567.89\", \"authoritativeSource\": \"PLATE_CONFIRMED\", \"appliedPreviewStatus\": \"STRICT_VALID\", \"authoritativePlateRaw\": \"20-AA 567.89\", \"originalPreviewStatus\": \"INVALID\"}, \"ocrConfidence\": 0, \"previewStatus\": \"STRICT_VALID\", \"decisionPolicy\": \"MANUAL_CONFIRMED\", \"decisionPlateRaw\": \"20-AA 567.89\", \"needsManualReview\": false, \"authoritativePlate\": {\"plateRaw\": \"20-AA 567.89\", \"plateFamily\": \"DOMESTIC\", \"plateCompact\": \"20AA56789\", \"plateDisplay\": \"20-AA 567.89\", \"plateValidity\": \"STRICT_VALID\", \"reviewRequired\": false, \"suspiciousFlags\": [], \"validationNotes\": [], \"ocrSubstitutions\": []}, \"authoritativePlateRaw\": \"20-AA 567.89\", \"originalPreviewStatus\": \"INVALID\"}, \"requestId\": \"run_lane_submit_1773225332193_dc42be0a\", \"submittedAt\": \"2026-03-11T10:35:32.202Z\"}','2026-03-11 17:35:32','2026-03-11 17:35:32'),('lane-flow-submit:SITE_DN_01:GATE_01_ENTRY:ENTRY','run_lane_submit_idem_1773225335148_578e7acc','45dfde93a678b087a0baea22ae8dd7839d60fb5383e2fb09652564f1a75ba92e','SUCCEEDED','{\"event\": {\"rfidUid\": null, \"plateRaw\": \"20-AA 567.89\", \"readType\": \"ALPR\", \"direction\": \"ENTRY\", \"requestId\": \"run_lane_submit_1773225335148_bc2acfdb\", \"occurredAt\": \"2026-03-11T10:35:35.154Z\", \"readEventId\": \"28\", \"sensorState\": null, \"plateCompact\": \"20AA56789\", \"ocrConfidence\": 0}, \"session\": {\"status\": \"WAITING_DECISION\", \"rfidUid\": null, \"closedAt\": null, \"gateCode\": \"GATE_01\", \"laneCode\": \"GATE_01_ENTRY\", \"openedAt\": \"2026-03-11T10:35:32.000Z\", \"siteCode\": \"SITE_DN_01\", \"ticketId\": null, \"direction\": \"ENTRY\", \"readCount\": 2, \"sessionId\": \"14\", \"lastReadAt\": \"2026-03-11T10:35:35.000Z\", \"resolvedAt\": \"2026-03-11T10:35:35.000Z\", \"plateCompact\": \"20AA56789\", \"correlationId\": null, \"decisionCount\": 2, \"allowedActions\": [\"APPROVE\", \"REQUIRE_PAYMENT\", \"DENY\", \"CANCEL\"], \"presenceActive\": true, \"reviewRequired\": true, \"barrierCommandCount\": 0}, \"decision\": {\"reasonCode\": \"OCR_CONFIDENCE_TOO_LOW\", \"explanation\": \"OCR confidence thấp hơn review threshold (0.00 < 0.75).\", \"finalAction\": \"REVIEW\", \"decisionCode\": \"REVIEW_REQUIRED\", \"reasonDetail\": \"OCR confidence thấp hơn review threshold (0.00 < 0.75).\", \"inputSnapshot\": {\"rfidUid\": null, \"plateRaw\": \"20-AA 567.89\", \"openTicket\": null, \"plateFamily\": \"DOMESTIC\", \"deviceHealth\": \"UNKNOWN\", \"plateCompact\": \"20AA56789\", \"rfidTicketId\": null, \"laneDirection\": \"ENTRY\", \"ocrConfidence\": 0, \"paymentStatus\": \"NOT_APPLICABLE\", \"plateTicketId\": null, \"plateValidity\": \"STRICT_VALID\", \"activePresence\": null, \"presenceActive\": true, \"currentLaneCode\": null, \"credentialStatus\": \"UNKNOWN\", \"currentSessionId\": null, \"paymentResolution\": null, \"openTicketSelection\": {\"mismatch\": false, \"selectedBy\": null, \"rfidTicketId\": null, \"plateTicketId\": null}, \"deviceHealthSnapshot\": {\"health\": \"UNKNOWN\", \"status\": null, \"ageSeconds\": null, \"reportedAt\": null}}, \"reviewRequired\": true, \"recommendedAction\": \"REVIEW\", \"thresholdSnapshot\": {\"ocrReviewMin\": 0.75, \"engineVersion\": \"PR08_EXIT_FLOW_V1\", \"ocrApproveMin\": 0.9, \"antiPassbackStaleSeconds\": 900, \"offlineHeartbeatAgeSeconds\": 300, \"degradedHeartbeatAgeSeconds\": 120, \"antiPassbackSameLaneDebounceSeconds\": 8}}, \"authority\": {\"source\": \"PLATE_CONFIRMED\", \"auditSnapshot\": {\"confidence\": 0, \"needsConfirm\": false, \"softenedFrom\": null, \"decisionPolicy\": \"MANUAL_CONFIRMED\", \"recognizedPlate\": null, \"decisionPlateRaw\": \"20-AA 567.89\", \"authoritativeSource\": \"PLATE_CONFIRMED\", \"appliedPreviewStatus\": \"STRICT_VALID\", \"authoritativePlateRaw\": \"20-AA 567.89\", \"originalPreviewStatus\": \"INVALID\"}, \"ocrConfidence\": 0, \"previewStatus\": \"STRICT_VALID\", \"decisionPolicy\": \"MANUAL_CONFIRMED\", \"decisionPlateRaw\": \"20-AA 567.89\", \"needsManualReview\": false, \"authoritativePlate\": {\"plateRaw\": \"20-AA 567.89\", \"plateFamily\": \"DOMESTIC\", \"plateCompact\": \"20AA56789\", \"plateDisplay\": \"20-AA 567.89\", \"plateValidity\": \"STRICT_VALID\", \"reviewRequired\": false, \"suspiciousFlags\": [], \"validationNotes\": [], \"ocrSubstitutions\": []}, \"authoritativePlateRaw\": \"20-AA 567.89\", \"originalPreviewStatus\": \"INVALID\"}, \"requestId\": \"run_lane_submit_1773225335148_bc2acfdb\", \"submittedAt\": \"2026-03-11T10:35:35.154Z\"}','2026-03-11 17:35:35','2026-03-11 17:35:35');
/*!40000 ALTER TABLE `api_idempotency` ENABLE KEYS */;
UNLOCK TABLES;

--
-- Table structure for table `audit_logs`
--

DROP TABLE IF EXISTS `audit_logs`;
/*!40101 SET @saved_cs_client     = @@character_set_client */;
/*!50503 SET character_set_client = utf8mb4 */;
CREATE TABLE `audit_logs` (
  `audit_id` bigint NOT NULL AUTO_INCREMENT,
  `site_id` bigint DEFAULT NULL,
  `actor_user_id` bigint DEFAULT NULL,
  `action` varchar(64) NOT NULL,
  `entity_table` varchar(64) NOT NULL,
  `entity_id` varchar(64) NOT NULL,
  `before_json` json DEFAULT NULL,
  `after_json` json DEFAULT NULL,
  `actor_json` json DEFAULT NULL,
  `request_id` varchar(64) DEFAULT NULL,
  `correlation_id` varchar(64) DEFAULT NULL,
  `occurred_at` datetime NOT NULL DEFAULT CURRENT_TIMESTAMP,
  `created_at` datetime NOT NULL DEFAULT CURRENT_TIMESTAMP,
  PRIMARY KEY (`audit_id`),
  KEY `ix_audit_site_created` (`site_id`,`created_at`),
  KEY `ix_audit_actor_created` (`actor_user_id`,`created_at`),
  KEY `ix_audit_action_created` (`action`,`created_at`),
  KEY `ix_audit_entity` (`entity_table`,`entity_id`),
  KEY `ix_audit_created` (`created_at`),
  KEY `ix_audit_request_id` (`request_id`),
  KEY `ix_audit_correlation_id` (`correlation_id`),
  KEY `ix_audit_occurred_id` (`occurred_at`,`audit_id`)
) ENGINE=InnoDB AUTO_INCREMENT=67 DEFAULT CHARSET=utf8mb4 COLLATE=utf8mb4_0900_ai_ci;
/*!40101 SET character_set_client = @saved_cs_client */;

--
-- Dumping data for table `audit_logs`
--

LOCK TABLES `audit_logs` WRITE;
/*!40000 ALTER TABLE `audit_logs` DISABLE KEYS */;
INSERT INTO `audit_logs` VALUES (1,2,0,'INSERT_TARIFF','tariffs','2',NULL,'{\"name\": \"Bảng giá demo\", \"site_id\": 2, \"is_active\": 1, \"tariff_id\": 2, \"applies_to\": \"TICKET\", \"valid_from\": \"2026-02-24 00:00:00\", \"vehicle_type\": \"CAR\"}',NULL,NULL,NULL,'2026-03-12 23:52:30','2026-03-01 02:17:03'),(2,2,0,'INSERT_TARIFF_RULE','tariff_rules','1',NULL,'{\"rule_id\": 1, \"priority\": 1, \"rule_type\": \"FREE_MINUTES\", \"tariff_id\": 2, \"param_json\": {\"minutes\": 15}}',NULL,NULL,NULL,'2026-03-12 23:52:30','2026-03-01 02:17:03'),(3,2,0,'UPDATE_TARIFF','tariffs','2','{\"name\": \"Bảng giá demo\", \"site_id\": 2, \"is_active\": 1, \"tariff_id\": 2, \"applies_to\": \"TICKET\", \"valid_from\": \"2026-02-24 00:00:00\", \"vehicle_type\": \"CAR\"}','{\"name\": \"Bảng giá demo\", \"site_id\": 2, \"is_active\": 0, \"tariff_id\": 2, \"applies_to\": \"TICKET\", \"valid_from\": \"2026-02-24 00:00:00\", \"vehicle_type\": \"CAR\"}',NULL,NULL,NULL,'2026-03-12 23:52:30','2026-03-01 02:17:03'),(4,2,0,'INSERT_TARIFF','tariffs','3',NULL,'{\"name\": \"Tariff API demo 1772350609722\", \"site_id\": 2, \"is_active\": 1, \"tariff_id\": 3, \"applies_to\": \"TICKET\", \"valid_from\": \"2026-03-01 00:00:00\", \"vehicle_type\": \"CAR\"}',NULL,NULL,NULL,'2026-03-12 23:52:30','2026-03-01 14:36:49'),(5,2,0,'INSERT_TARIFF_RULE','tariff_rules','2',NULL,'{\"rule_id\": 2, \"priority\": 1, \"rule_type\": \"FREE_MINUTES\", \"tariff_id\": 3, \"param_json\": {\"minutes\": 15}}',NULL,NULL,NULL,'2026-03-12 23:52:30','2026-03-01 14:36:49'),(6,NULL,101,'AUTH_LOGIN','auth_user_sessions','86a0b5e4-0e64-4175-903e-e191412f4fca',NULL,'{\"role\": \"ADMIN\", \"userId\": \"101\", \"username\": \"admin\", \"revokedAt\": null, \"sessionId\": \"86a0b5e4-0e64-4175-903e-e191412f4fca\", \"revokeReason\": null, \"accessExpiresAt\": \"2026-03-12T10:15:00.000Z\", \"refreshExpiresAt\": \"2026-03-19T10:00:00.000Z\"}','{\"role\": \"ADMIN\", \"userId\": \"101\", \"username\": \"admin\", \"sessionId\": \"86a0b5e4-0e64-4175-903e-e191412f4fca\", \"actorLabel\": \"ADMIN:101\", \"actorUserId\": \"101\", \"serviceCode\": null, \"principalType\": \"USER\"}',NULL,NULL,'2026-03-12 10:00:00','2026-03-12 23:59:26'),(7,NULL,101,'AUTH_REFRESH','auth_user_sessions','86a0b5e4-0e64-4175-903e-e191412f4fca','{\"role\": \"ADMIN\", \"userId\": \"101\", \"username\": \"admin\", \"revokedAt\": null, \"sessionId\": \"86a0b5e4-0e64-4175-903e-e191412f4fca\", \"revokeReason\": null, \"accessExpiresAt\": \"2026-03-12T10:15:00.000Z\", \"refreshExpiresAt\": \"2026-03-19T10:00:00.000Z\"}','{\"role\": \"ADMIN\", \"userId\": \"101\", \"username\": \"admin\", \"revokedAt\": null, \"sessionId\": \"86a0b5e4-0e64-4175-903e-e191412f4fca\", \"revokeReason\": null, \"accessExpiresAt\": \"2026-03-12T10:15:00.000Z\", \"refreshExpiresAt\": \"2026-03-19T10:00:00.000Z\"}','{\"role\": \"ADMIN\", \"userId\": \"101\", \"username\": \"admin\", \"sessionId\": \"86a0b5e4-0e64-4175-903e-e191412f4fca\", \"actorLabel\": \"ADMIN:101\", \"actorUserId\": \"101\", \"serviceCode\": null, \"principalType\": \"USER\"}',NULL,NULL,'2026-03-12 10:00:00','2026-03-12 23:59:26'),(8,NULL,101,'AUTH_LOGOUT','auth_user_sessions','86a0b5e4-0e64-4175-903e-e191412f4fca','{\"role\": \"ADMIN\", \"userId\": \"101\", \"username\": \"admin\", \"revokedAt\": null, \"sessionId\": \"86a0b5e4-0e64-4175-903e-e191412f4fca\", \"revokeReason\": null, \"accessExpiresAt\": \"2026-03-12T10:15:00.000Z\", \"refreshExpiresAt\": \"2026-03-19T10:00:00.000Z\"}','{\"role\": \"ADMIN\", \"userId\": \"101\", \"username\": \"admin\", \"revokedAt\": \"2026-03-12T10:00:00.000Z\", \"sessionId\": \"86a0b5e4-0e64-4175-903e-e191412f4fca\", \"revokeReason\": \"LOGOUT\", \"accessExpiresAt\": \"2026-03-12T10:15:00.000Z\", \"refreshExpiresAt\": \"2026-03-19T10:00:00.000Z\"}','{\"role\": \"ADMIN\", \"userId\": \"101\", \"username\": \"admin\", \"sessionId\": \"86a0b5e4-0e64-4175-903e-e191412f4fca\", \"actorLabel\": \"ADMIN:101\", \"actorUserId\": \"101\", \"serviceCode\": null, \"principalType\": \"USER\"}',NULL,NULL,'2026-03-12 10:00:00','2026-03-12 23:59:26'),(9,NULL,1,'AUTH_LOGIN','auth_user_sessions','c58603fe-8a4e-4231-887f-b97dbb1ec26c',NULL,'{\"role\": \"ADMIN\", \"userId\": \"1\", \"username\": \"admin\", \"revokedAt\": null, \"sessionId\": \"c58603fe-8a4e-4231-887f-b97dbb1ec26c\", \"revokeReason\": null, \"accessExpiresAt\": \"2026-03-12T10:15:00.000Z\", \"refreshExpiresAt\": \"2026-03-19T10:00:00.000Z\"}','{\"role\": \"ADMIN\", \"userId\": \"1\", \"username\": \"admin\", \"sessionId\": \"c58603fe-8a4e-4231-887f-b97dbb1ec26c\", \"actorLabel\": \"ADMIN:1\", \"actorUserId\": \"1\", \"serviceCode\": null, \"principalType\": \"USER\"}',NULL,NULL,'2026-03-12 10:00:00','2026-03-12 23:59:26'),(10,NULL,2,'AUTH_LOGIN','auth_user_sessions','a6764ac0-a21a-4c29-b6de-5779a4f1b1b9',NULL,'{\"role\": \"OPS\", \"userId\": \"2\", \"username\": \"ops\", \"revokedAt\": null, \"sessionId\": \"a6764ac0-a21a-4c29-b6de-5779a4f1b1b9\", \"revokeReason\": null, \"accessExpiresAt\": \"2026-03-12T10:15:00.000Z\", \"refreshExpiresAt\": \"2026-03-19T10:00:00.000Z\"}','{\"role\": \"OPS\", \"userId\": \"2\", \"username\": \"ops\", \"sessionId\": \"a6764ac0-a21a-4c29-b6de-5779a4f1b1b9\", \"actorLabel\": \"OPS:2\", \"actorUserId\": \"2\", \"serviceCode\": null, \"principalType\": \"USER\"}',NULL,NULL,'2026-03-12 10:00:00','2026-03-12 23:59:26'),(11,NULL,3,'AUTH_LOGIN','auth_user_sessions','f6813900-3b6f-4704-9c1d-2b27ba0287e7',NULL,'{\"role\": \"GUARD\", \"userId\": \"3\", \"username\": \"guard\", \"revokedAt\": null, \"sessionId\": \"f6813900-3b6f-4704-9c1d-2b27ba0287e7\", \"revokeReason\": null, \"accessExpiresAt\": \"2026-03-12T10:15:00.000Z\", \"refreshExpiresAt\": \"2026-03-19T10:00:00.000Z\"}','{\"role\": \"GUARD\", \"userId\": \"3\", \"username\": \"guard\", \"sessionId\": \"f6813900-3b6f-4704-9c1d-2b27ba0287e7\", \"actorLabel\": \"GUARD:3\", \"actorUserId\": \"3\", \"serviceCode\": null, \"principalType\": \"USER\"}',NULL,NULL,'2026-03-12 10:00:00','2026-03-12 23:59:26'),(12,NULL,4,'AUTH_LOGIN','auth_user_sessions','371efee7-887e-453f-ab26-712f09bf2aff',NULL,'{\"role\": \"CASHIER\", \"userId\": \"4\", \"username\": \"cashier\", \"revokedAt\": null, \"sessionId\": \"371efee7-887e-453f-ab26-712f09bf2aff\", \"revokeReason\": null, \"accessExpiresAt\": \"2026-03-12T10:15:00.000Z\", \"refreshExpiresAt\": \"2026-03-19T10:00:00.000Z\"}','{\"role\": \"CASHIER\", \"userId\": \"4\", \"username\": \"cashier\", \"sessionId\": \"371efee7-887e-453f-ab26-712f09bf2aff\", \"actorLabel\": \"CASHIER:4\", \"actorUserId\": \"4\", \"serviceCode\": null, \"principalType\": \"USER\"}',NULL,NULL,'2026-03-12 10:00:00','2026-03-12 23:59:26'),(13,NULL,5,'AUTH_LOGIN','auth_user_sessions','d70c2ce5-27e2-4c87-a2f3-b611467d8685',NULL,'{\"role\": \"WORKER\", \"userId\": \"5\", \"username\": \"worker\", \"revokedAt\": null, \"sessionId\": \"d70c2ce5-27e2-4c87-a2f3-b611467d8685\", \"revokeReason\": null, \"accessExpiresAt\": \"2026-03-12T10:15:00.000Z\", \"refreshExpiresAt\": \"2026-03-19T10:00:00.000Z\"}','{\"role\": \"WORKER\", \"userId\": \"5\", \"username\": \"worker\", \"sessionId\": \"d70c2ce5-27e2-4c87-a2f3-b611467d8685\", \"actorLabel\": \"WORKER:5\", \"actorUserId\": \"5\", \"serviceCode\": null, \"principalType\": \"USER\"}',NULL,NULL,'2026-03-12 10:00:00','2026-03-12 23:59:26'),(14,1,NULL,'INCIDENT_AUTO_OPENED','gate_incidents','1','{}','{\"source\": \"RECONCILIATION\", \"projection\": {\"siteId\": \"1\", \"spotId\": \"100\", \"zoneId\": \"10\", \"staleAt\": null, \"snapshot\": {\"source\": \"test\"}, \"spotCode\": \"A-01\", \"zoneCode\": \"VIP\", \"updatedAt\": \"2026-03-12T08:00:00.000Z\", \"reasonCode\": \"VIP_WRONG_SPOT\", \"projectionId\": \"1\", \"reasonDetail\": \"Xe VIP đang đỗ sai spot.\", \"occupancyStatus\": \"OCCUPIED_VIOLATION\", \"expectedPlateCompact\": \"51A99999\", \"observedPlateCompact\": \"51A12345\", \"matchedGatePresenceId\": \"400\", \"matchedSubscriptionId\": \"200\", \"sourcePresenceEventId\": \"500\", \"matchedSubscriptionSpotId\": \"300\"}, \"incidentHint\": {\"noiseClass\": \"REPEATED_MISMATCH\", \"fingerprint\": \"OCCUPIED_VIOLATION|VIP_WRONG_SPOT|51A12345|51A99999|200|400\", \"signatureFields\": [\"OCCUPIED_VIOLATION\", \"VIP_WRONG_SPOT\", \"51A12345\", \"51A99999\", \"200\", \"400\"], \"reopenWindowSeconds\": 600, \"suppressionThreshold\": 1, \"dedupeCooldownSeconds\": 180}, \"__noiseControl\": {\"hitCount\": 1, \"lastSeenAt\": \"2026-03-12T08:00:00.000Z\", \"noiseClass\": \"REPEATED_MISMATCH\", \"fingerprint\": \"OCCUPIED_VIOLATION|VIP_WRONG_SPOT|51A12345|51A99999|200|400\", \"firstSeenAt\": \"2026-03-12T08:00:00.000Z\", \"lastPublishedAt\": \"2026-03-12T08:00:00.000Z\", \"suppressedCount\": 0, \"lastMeaningfulAt\": \"2026-03-12T08:00:00.000Z\"}}','{\"role\": \"SYSTEM\", \"userId\": null, \"username\": null, \"sessionId\": null, \"actorLabel\": \"SYSTEM\", \"actorUserId\": null, \"serviceCode\": null, \"principalType\": \"SYSTEM\"}',NULL,'reconciliation:1:100','2026-03-12 08:00:00','2026-03-13 00:22:12'),(15,1,NULL,'INCIDENT_AUTO_RESOLVED','gate_incidents','1','{\"source\": \"RECONCILIATION\", \"projection\": {\"siteId\": \"1\", \"spotId\": \"100\", \"zoneId\": \"10\", \"staleAt\": null, \"snapshot\": {\"source\": \"test\"}, \"spotCode\": \"A-01\", \"zoneCode\": \"VIP\", \"updatedAt\": \"2026-03-12T08:00:00.000Z\", \"reasonCode\": \"GATE_PRESENCE_MATCHED\", \"projectionId\": \"1\", \"reasonDetail\": \"Xe đã matched đúng occupancy.\", \"occupancyStatus\": \"OCCUPIED_MATCHED\", \"expectedPlateCompact\": \"51A99999\", \"observedPlateCompact\": \"51A12345\", \"matchedGatePresenceId\": \"400\", \"matchedSubscriptionId\": \"200\", \"sourcePresenceEventId\": \"500\", \"matchedSubscriptionSpotId\": \"300\"}, \"incidentHint\": {\"noiseClass\": \"NONE\", \"fingerprint\": \"OCCUPIED_MATCHED|GATE_PRESENCE_MATCHED|51A12345|51A99999|200|400\", \"signatureFields\": [\"OCCUPIED_MATCHED\", \"GATE_PRESENCE_MATCHED\", \"51A12345\", \"51A99999\", \"200\", \"400\"], \"reopenWindowSeconds\": 600, \"suppressionThreshold\": 1, \"dedupeCooldownSeconds\": 90}, \"__noiseControl\": {\"hitCount\": 0, \"lastSeenAt\": \"2026-03-12T08:02:00.000Z\", \"noiseClass\": \"NONE\", \"fingerprint\": \"OCCUPIED_MATCHED|GATE_PRESENCE_MATCHED|51A12345|51A99999|200|400\", \"firstSeenAt\": \"2026-03-12T08:00:00.000Z\", \"lastPublishedAt\": \"2026-03-12T08:02:00.000Z\", \"suppressedCount\": 0, \"lastMeaningfulAt\": \"2026-03-12T08:02:00.000Z\"}}','{\"source\": \"RECONCILIATION\", \"projection\": {\"siteId\": \"1\", \"spotId\": \"100\", \"zoneId\": \"10\", \"staleAt\": null, \"snapshot\": {\"source\": \"test\"}, \"spotCode\": \"A-01\", \"zoneCode\": \"VIP\", \"updatedAt\": \"2026-03-12T08:00:00.000Z\", \"reasonCode\": \"GATE_PRESENCE_MATCHED\", \"projectionId\": \"1\", \"reasonDetail\": \"Xe đã matched đúng occupancy.\", \"occupancyStatus\": \"OCCUPIED_MATCHED\", \"expectedPlateCompact\": \"51A99999\", \"observedPlateCompact\": \"51A12345\", \"matchedGatePresenceId\": \"400\", \"matchedSubscriptionId\": \"200\", \"sourcePresenceEventId\": \"500\", \"matchedSubscriptionSpotId\": \"300\"}, \"incidentHint\": {\"noiseClass\": \"NONE\", \"fingerprint\": \"OCCUPIED_MATCHED|GATE_PRESENCE_MATCHED|51A12345|51A99999|200|400\", \"signatureFields\": [\"OCCUPIED_MATCHED\", \"GATE_PRESENCE_MATCHED\", \"51A12345\", \"51A99999\", \"200\", \"400\"], \"reopenWindowSeconds\": 600, \"suppressionThreshold\": 1, \"dedupeCooldownSeconds\": 90}, \"__noiseControl\": {\"hitCount\": 0, \"lastSeenAt\": \"2026-03-12T08:02:00.000Z\", \"noiseClass\": \"NONE\", \"fingerprint\": \"OCCUPIED_MATCHED|GATE_PRESENCE_MATCHED|51A12345|51A99999|200|400\", \"firstSeenAt\": \"2026-03-12T08:00:00.000Z\", \"lastPublishedAt\": \"2026-03-12T08:02:00.000Z\", \"suppressedCount\": 0, \"lastMeaningfulAt\": \"2026-03-12T08:02:00.000Z\"}}','{\"role\": \"SYSTEM\", \"userId\": null, \"username\": null, \"sessionId\": null, \"actorLabel\": \"SYSTEM\", \"actorUserId\": null, \"serviceCode\": null, \"principalType\": \"SYSTEM\"}',NULL,'reconciliation:1:100','2026-03-12 08:02:00','2026-03-13 00:22:12'),(16,1,NULL,'INCIDENT_AUTO_OPENED','gate_incidents','2','{\"source\": \"RECONCILIATION\", \"projection\": {\"siteId\": \"1\", \"spotId\": \"100\", \"zoneId\": \"10\", \"staleAt\": null, \"snapshot\": {\"source\": \"test\"}, \"spotCode\": \"A-01\", \"zoneCode\": \"VIP\", \"updatedAt\": \"2026-03-12T08:00:00.000Z\", \"reasonCode\": \"GATE_PRESENCE_MATCHED\", \"projectionId\": \"1\", \"reasonDetail\": \"Xe đã matched đúng occupancy.\", \"occupancyStatus\": \"OCCUPIED_MATCHED\", \"expectedPlateCompact\": \"51A99999\", \"observedPlateCompact\": \"51A12345\", \"matchedGatePresenceId\": \"400\", \"matchedSubscriptionId\": \"200\", \"sourcePresenceEventId\": \"500\", \"matchedSubscriptionSpotId\": \"300\"}, \"incidentHint\": {\"noiseClass\": \"NONE\", \"fingerprint\": \"OCCUPIED_MATCHED|GATE_PRESENCE_MATCHED|51A12345|51A99999|200|400\", \"signatureFields\": [\"OCCUPIED_MATCHED\", \"GATE_PRESENCE_MATCHED\", \"51A12345\", \"51A99999\", \"200\", \"400\"], \"reopenWindowSeconds\": 600, \"suppressionThreshold\": 1, \"dedupeCooldownSeconds\": 90}, \"__noiseControl\": {\"hitCount\": 0, \"lastSeenAt\": \"2026-03-12T08:02:00.000Z\", \"noiseClass\": \"NONE\", \"fingerprint\": \"OCCUPIED_MATCHED|GATE_PRESENCE_MATCHED|51A12345|51A99999|200|400\", \"firstSeenAt\": \"2026-03-12T08:00:00.000Z\", \"lastPublishedAt\": \"2026-03-12T08:02:00.000Z\", \"suppressedCount\": 0, \"lastMeaningfulAt\": \"2026-03-12T08:02:00.000Z\"}}','{\"source\": \"RECONCILIATION\", \"projection\": {\"siteId\": \"1\", \"spotId\": \"100\", \"zoneId\": \"10\", \"staleAt\": null, \"snapshot\": {\"source\": \"test\"}, \"spotCode\": \"A-01\", \"zoneCode\": \"VIP\", \"updatedAt\": \"2026-03-12T08:00:00.000Z\", \"reasonCode\": \"VIP_WRONG_SPOT\", \"projectionId\": \"1\", \"reasonDetail\": \"Xe VIP đang đỗ sai spot.\", \"occupancyStatus\": \"OCCUPIED_VIOLATION\", \"expectedPlateCompact\": \"51A99999\", \"observedPlateCompact\": \"51A12345\", \"matchedGatePresenceId\": \"400\", \"matchedSubscriptionId\": \"200\", \"sourcePresenceEventId\": \"500\", \"matchedSubscriptionSpotId\": \"300\"}, \"incidentHint\": {\"noiseClass\": \"REPEATED_MISMATCH\", \"fingerprint\": \"OCCUPIED_VIOLATION|VIP_WRONG_SPOT|51A12345|51A99999|200|400\", \"signatureFields\": [\"OCCUPIED_VIOLATION\", \"VIP_WRONG_SPOT\", \"51A12345\", \"51A99999\", \"200\", \"400\"], \"reopenWindowSeconds\": 600, \"suppressionThreshold\": 1, \"dedupeCooldownSeconds\": 180}, \"__noiseControl\": {\"hitCount\": 1, \"lastSeenAt\": \"2026-03-12T08:04:00.000Z\", \"noiseClass\": \"REPEATED_MISMATCH\", \"fingerprint\": \"OCCUPIED_VIOLATION|VIP_WRONG_SPOT|51A12345|51A99999|200|400\", \"firstSeenAt\": \"2026-03-12T08:00:00.000Z\", \"lastPublishedAt\": \"2026-03-12T08:04:00.000Z\", \"suppressedCount\": 0, \"lastMeaningfulAt\": \"2026-03-12T08:04:00.000Z\"}}','{\"role\": \"SYSTEM\", \"userId\": null, \"username\": null, \"sessionId\": null, \"actorLabel\": \"SYSTEM\", \"actorUserId\": null, \"serviceCode\": null, \"principalType\": \"SYSTEM\"}',NULL,'reconciliation:1:100','2026-03-12 08:04:00','2026-03-13 00:22:12'),(17,1,NULL,'INCIDENT_AUTO_OPENED','gate_incidents','1','{}','{\"source\": \"RECONCILIATION\", \"projection\": {\"siteId\": \"1\", \"spotId\": \"100\", \"zoneId\": \"10\", \"staleAt\": null, \"snapshot\": {\"source\": \"test\"}, \"spotCode\": \"A-01\", \"zoneCode\": \"VIP\", \"updatedAt\": \"2026-03-12T08:00:00.000Z\", \"reasonCode\": \"VIP_WRONG_SPOT\", \"projectionId\": \"1\", \"reasonDetail\": \"Xe VIP đang đỗ sai spot.\", \"occupancyStatus\": \"OCCUPIED_VIOLATION\", \"expectedPlateCompact\": \"51A99999\", \"observedPlateCompact\": \"51A12345\", \"matchedGatePresenceId\": \"400\", \"matchedSubscriptionId\": \"200\", \"sourcePresenceEventId\": \"500\", \"matchedSubscriptionSpotId\": \"300\"}, \"incidentHint\": {\"noiseClass\": \"REPEATED_MISMATCH\", \"fingerprint\": \"OCCUPIED_VIOLATION|VIP_WRONG_SPOT|51A12345|51A99999|200|400\", \"signatureFields\": [\"OCCUPIED_VIOLATION\", \"VIP_WRONG_SPOT\", \"51A12345\", \"51A99999\", \"200\", \"400\"], \"reopenWindowSeconds\": 600, \"suppressionThreshold\": 1, \"dedupeCooldownSeconds\": 180}, \"__noiseControl\": {\"hitCount\": 1, \"lastSeenAt\": \"2026-03-12T08:00:00.000Z\", \"noiseClass\": \"REPEATED_MISMATCH\", \"fingerprint\": \"OCCUPIED_VIOLATION|VIP_WRONG_SPOT|51A12345|51A99999|200|400\", \"firstSeenAt\": \"2026-03-12T08:00:00.000Z\", \"lastPublishedAt\": \"2026-03-12T08:00:00.000Z\", \"suppressedCount\": 0, \"lastMeaningfulAt\": \"2026-03-12T08:00:00.000Z\"}}','{\"role\": \"SYSTEM\", \"userId\": null, \"username\": null, \"sessionId\": null, \"actorLabel\": \"SYSTEM\", \"actorUserId\": null, \"serviceCode\": null, \"principalType\": \"SYSTEM\"}',NULL,'reconciliation:1:100','2026-03-12 08:00:00','2026-03-13 00:22:12'),(18,1,NULL,'INCIDENT_AUTO_UPDATED','gate_incidents','1','{\"source\": \"RECONCILIATION\", \"projection\": {\"siteId\": \"1\", \"spotId\": \"100\", \"zoneId\": \"10\", \"staleAt\": null, \"snapshot\": {\"source\": \"test\"}, \"spotCode\": \"A-01\", \"zoneCode\": \"VIP\", \"updatedAt\": \"2026-03-12T08:00:00.000Z\", \"reasonCode\": \"VIP_WRONG_SPOT\", \"projectionId\": \"1\", \"reasonDetail\": \"Xe VIP đang đỗ sai spot.\", \"occupancyStatus\": \"OCCUPIED_VIOLATION\", \"expectedPlateCompact\": \"51A99999\", \"observedPlateCompact\": \"51A12345\", \"matchedGatePresenceId\": \"400\", \"matchedSubscriptionId\": \"200\", \"sourcePresenceEventId\": \"500\", \"matchedSubscriptionSpotId\": \"300\"}, \"incidentHint\": {\"noiseClass\": \"REPEATED_MISMATCH\", \"fingerprint\": \"OCCUPIED_VIOLATION|VIP_WRONG_SPOT|51A12345|51A99999|200|400\", \"signatureFields\": [\"OCCUPIED_VIOLATION\", \"VIP_WRONG_SPOT\", \"51A12345\", \"51A99999\", \"200\", \"400\"], \"reopenWindowSeconds\": 600, \"suppressionThreshold\": 1, \"dedupeCooldownSeconds\": 180}, \"__noiseControl\": {\"hitCount\": 3, \"lastSeenAt\": \"2026-03-12T08:01:00.000Z\", \"noiseClass\": \"REPEATED_MISMATCH\", \"fingerprint\": \"OCCUPIED_VIOLATION|VIP_WRONG_SPOT|51A12345|51A99999|200|400\", \"firstSeenAt\": \"2026-03-12T08:00:00.000Z\", \"lastPublishedAt\": \"2026-03-12T08:01:00.000Z\", \"suppressedCount\": 1, \"lastMeaningfulAt\": \"2026-03-12T08:01:00.000Z\"}}','{\"source\": \"RECONCILIATION\", \"projection\": {\"siteId\": \"1\", \"spotId\": \"100\", \"zoneId\": \"10\", \"staleAt\": null, \"snapshot\": {\"source\": \"test\"}, \"spotCode\": \"A-01\", \"zoneCode\": \"VIP\", \"updatedAt\": \"2026-03-12T08:00:00.000Z\", \"reasonCode\": \"VIP_WRONG_SPOT\", \"projectionId\": \"1\", \"reasonDetail\": \"Xe VIP đang đỗ sai spot.\", \"occupancyStatus\": \"OCCUPIED_VIOLATION\", \"expectedPlateCompact\": \"51A99999\", \"observedPlateCompact\": \"51A12345\", \"matchedGatePresenceId\": \"400\", \"matchedSubscriptionId\": \"200\", \"sourcePresenceEventId\": \"500\", \"matchedSubscriptionSpotId\": \"300\"}, \"incidentHint\": {\"noiseClass\": \"REPEATED_MISMATCH\", \"fingerprint\": \"OCCUPIED_VIOLATION|VIP_WRONG_SPOT|51A12345|51A99999|200|400\", \"signatureFields\": [\"OCCUPIED_VIOLATION\", \"VIP_WRONG_SPOT\", \"51A12345\", \"51A99999\", \"200\", \"400\"], \"reopenWindowSeconds\": 600, \"suppressionThreshold\": 1, \"dedupeCooldownSeconds\": 180}, \"__noiseControl\": {\"hitCount\": 3, \"lastSeenAt\": \"2026-03-12T08:01:00.000Z\", \"noiseClass\": \"REPEATED_MISMATCH\", \"fingerprint\": \"OCCUPIED_VIOLATION|VIP_WRONG_SPOT|51A12345|51A99999|200|400\", \"firstSeenAt\": \"2026-03-12T08:00:00.000Z\", \"lastPublishedAt\": \"2026-03-12T08:01:00.000Z\", \"suppressedCount\": 1, \"lastMeaningfulAt\": \"2026-03-12T08:01:00.000Z\"}}','{\"role\": \"SYSTEM\", \"userId\": null, \"username\": null, \"sessionId\": null, \"actorLabel\": \"SYSTEM\", \"actorUserId\": null, \"serviceCode\": null, \"principalType\": \"SYSTEM\"}',NULL,'reconciliation:1:100','2026-03-12 08:01:00','2026-03-13 00:22:12'),(19,NULL,101,'AUTH_LOGIN','auth_user_sessions','9be496c6-2aac-4791-b94f-98767643d17e',NULL,'{\"role\": \"ADMIN\", \"userId\": \"101\", \"username\": \"admin\", \"revokedAt\": null, \"sessionId\": \"9be496c6-2aac-4791-b94f-98767643d17e\", \"revokeReason\": null, \"accessExpiresAt\": \"2026-03-12T10:15:00.000Z\", \"refreshExpiresAt\": \"2026-03-19T10:00:00.000Z\"}','{\"role\": \"ADMIN\", \"userId\": \"101\", \"username\": \"admin\", \"sessionId\": \"9be496c6-2aac-4791-b94f-98767643d17e\", \"actorLabel\": \"ADMIN:101\", \"actorUserId\": \"101\", \"serviceCode\": null, \"principalType\": \"USER\"}',NULL,NULL,'2026-03-12 10:00:00','2026-03-13 00:22:34'),(20,NULL,101,'AUTH_REFRESH','auth_user_sessions','9be496c6-2aac-4791-b94f-98767643d17e','{\"role\": \"ADMIN\", \"userId\": \"101\", \"username\": \"admin\", \"revokedAt\": null, \"sessionId\": \"9be496c6-2aac-4791-b94f-98767643d17e\", \"revokeReason\": null, \"accessExpiresAt\": \"2026-03-12T10:15:00.000Z\", \"refreshExpiresAt\": \"2026-03-19T10:00:00.000Z\"}','{\"role\": \"ADMIN\", \"userId\": \"101\", \"username\": \"admin\", \"revokedAt\": null, \"sessionId\": \"9be496c6-2aac-4791-b94f-98767643d17e\", \"revokeReason\": null, \"accessExpiresAt\": \"2026-03-12T10:15:00.000Z\", \"refreshExpiresAt\": \"2026-03-19T10:00:00.000Z\"}','{\"role\": \"ADMIN\", \"userId\": \"101\", \"username\": \"admin\", \"sessionId\": \"9be496c6-2aac-4791-b94f-98767643d17e\", \"actorLabel\": \"ADMIN:101\", \"actorUserId\": \"101\", \"serviceCode\": null, \"principalType\": \"USER\"}',NULL,NULL,'2026-03-12 10:00:00','2026-03-13 00:22:34'),(21,NULL,101,'AUTH_LOGOUT','auth_user_sessions','9be496c6-2aac-4791-b94f-98767643d17e','{\"role\": \"ADMIN\", \"userId\": \"101\", \"username\": \"admin\", \"revokedAt\": null, \"sessionId\": \"9be496c6-2aac-4791-b94f-98767643d17e\", \"revokeReason\": null, \"accessExpiresAt\": \"2026-03-12T10:15:00.000Z\", \"refreshExpiresAt\": \"2026-03-19T10:00:00.000Z\"}','{\"role\": \"ADMIN\", \"userId\": \"101\", \"username\": \"admin\", \"revokedAt\": \"2026-03-12T10:00:00.000Z\", \"sessionId\": \"9be496c6-2aac-4791-b94f-98767643d17e\", \"revokeReason\": \"LOGOUT\", \"accessExpiresAt\": \"2026-03-12T10:15:00.000Z\", \"refreshExpiresAt\": \"2026-03-19T10:00:00.000Z\"}','{\"role\": \"ADMIN\", \"userId\": \"101\", \"username\": \"admin\", \"sessionId\": \"9be496c6-2aac-4791-b94f-98767643d17e\", \"actorLabel\": \"ADMIN:101\", \"actorUserId\": \"101\", \"serviceCode\": null, \"principalType\": \"USER\"}',NULL,NULL,'2026-03-12 10:00:00','2026-03-13 00:22:34'),(22,NULL,1,'AUTH_LOGIN','auth_user_sessions','eb92baa5-0ad0-4427-a180-eb251085579e',NULL,'{\"role\": \"ADMIN\", \"userId\": \"1\", \"username\": \"admin\", \"revokedAt\": null, \"sessionId\": \"eb92baa5-0ad0-4427-a180-eb251085579e\", \"revokeReason\": null, \"accessExpiresAt\": \"2026-03-12T10:15:00.000Z\", \"refreshExpiresAt\": \"2026-03-19T10:00:00.000Z\"}','{\"role\": \"ADMIN\", \"userId\": \"1\", \"username\": \"admin\", \"sessionId\": \"eb92baa5-0ad0-4427-a180-eb251085579e\", \"actorLabel\": \"ADMIN:1\", \"actorUserId\": \"1\", \"serviceCode\": null, \"principalType\": \"USER\"}',NULL,NULL,'2026-03-12 10:00:00','2026-03-13 00:22:34'),(23,NULL,2,'AUTH_LOGIN','auth_user_sessions','804f2885-b9a0-4a2a-b5c9-7ce076800a2f',NULL,'{\"role\": \"OPS\", \"userId\": \"2\", \"username\": \"ops\", \"revokedAt\": null, \"sessionId\": \"804f2885-b9a0-4a2a-b5c9-7ce076800a2f\", \"revokeReason\": null, \"accessExpiresAt\": \"2026-03-12T10:15:00.000Z\", \"refreshExpiresAt\": \"2026-03-19T10:00:00.000Z\"}','{\"role\": \"OPS\", \"userId\": \"2\", \"username\": \"ops\", \"sessionId\": \"804f2885-b9a0-4a2a-b5c9-7ce076800a2f\", \"actorLabel\": \"OPS:2\", \"actorUserId\": \"2\", \"serviceCode\": null, \"principalType\": \"USER\"}',NULL,NULL,'2026-03-12 10:00:00','2026-03-13 00:22:34'),(24,NULL,3,'AUTH_LOGIN','auth_user_sessions','e5b497e1-4d0e-41b7-83c6-9554334fee87',NULL,'{\"role\": \"GUARD\", \"userId\": \"3\", \"username\": \"guard\", \"revokedAt\": null, \"sessionId\": \"e5b497e1-4d0e-41b7-83c6-9554334fee87\", \"revokeReason\": null, \"accessExpiresAt\": \"2026-03-12T10:15:00.000Z\", \"refreshExpiresAt\": \"2026-03-19T10:00:00.000Z\"}','{\"role\": \"GUARD\", \"userId\": \"3\", \"username\": \"guard\", \"sessionId\": \"e5b497e1-4d0e-41b7-83c6-9554334fee87\", \"actorLabel\": \"GUARD:3\", \"actorUserId\": \"3\", \"serviceCode\": null, \"principalType\": \"USER\"}',NULL,NULL,'2026-03-12 10:00:00','2026-03-13 00:22:34'),(25,NULL,4,'AUTH_LOGIN','auth_user_sessions','7fd5164a-4dbf-46b1-9af5-a22ce8fa3409',NULL,'{\"role\": \"CASHIER\", \"userId\": \"4\", \"username\": \"cashier\", \"revokedAt\": null, \"sessionId\": \"7fd5164a-4dbf-46b1-9af5-a22ce8fa3409\", \"revokeReason\": null, \"accessExpiresAt\": \"2026-03-12T10:15:00.000Z\", \"refreshExpiresAt\": \"2026-03-19T10:00:00.000Z\"}','{\"role\": \"CASHIER\", \"userId\": \"4\", \"username\": \"cashier\", \"sessionId\": \"7fd5164a-4dbf-46b1-9af5-a22ce8fa3409\", \"actorLabel\": \"CASHIER:4\", \"actorUserId\": \"4\", \"serviceCode\": null, \"principalType\": \"USER\"}',NULL,NULL,'2026-03-12 10:00:00','2026-03-13 00:22:34'),(26,NULL,5,'AUTH_LOGIN','auth_user_sessions','12a20967-7985-4870-a21a-8ba80ceb341e',NULL,'{\"role\": \"WORKER\", \"userId\": \"5\", \"username\": \"worker\", \"revokedAt\": null, \"sessionId\": \"12a20967-7985-4870-a21a-8ba80ceb341e\", \"revokeReason\": null, \"accessExpiresAt\": \"2026-03-12T10:15:00.000Z\", \"refreshExpiresAt\": \"2026-03-19T10:00:00.000Z\"}','{\"role\": \"WORKER\", \"userId\": \"5\", \"username\": \"worker\", \"sessionId\": \"12a20967-7985-4870-a21a-8ba80ceb341e\", \"actorLabel\": \"WORKER:5\", \"actorUserId\": \"5\", \"serviceCode\": null, \"principalType\": \"USER\"}',NULL,NULL,'2026-03-12 10:00:00','2026-03-13 00:22:34'),(27,1,NULL,'INCIDENT_AUTO_OPENED','gate_incidents','1','{}','{\"source\": \"RECONCILIATION\", \"projection\": {\"siteId\": \"1\", \"spotId\": \"100\", \"zoneId\": \"10\", \"staleAt\": null, \"snapshot\": {\"source\": \"test\"}, \"spotCode\": \"A-01\", \"zoneCode\": \"VIP\", \"updatedAt\": \"2026-03-12T08:00:00.000Z\", \"reasonCode\": \"SENSOR_STALE\", \"projectionId\": \"1\", \"reasonDetail\": \"Camera stale liên tục.\", \"occupancyStatus\": \"SENSOR_STALE\", \"expectedPlateCompact\": \"51A99999\", \"observedPlateCompact\": null, \"matchedGatePresenceId\": null, \"matchedSubscriptionId\": \"200\", \"sourcePresenceEventId\": \"500\", \"matchedSubscriptionSpotId\": \"300\"}, \"incidentHint\": {\"noiseClass\": \"STALE_SENSOR\", \"fingerprint\": \"SENSOR_STALE|SENSOR_STALE||51A99999|200|\", \"signatureFields\": [\"SENSOR_STALE\", \"SENSOR_STALE\", \"\", \"51A99999\", \"200\", \"\"], \"reopenWindowSeconds\": 600, \"suppressionThreshold\": 2, \"dedupeCooldownSeconds\": 120}, \"__noiseControl\": {\"hitCount\": 2, \"lastSeenAt\": \"2026-03-12T08:00:20.000Z\", \"noiseClass\": \"STALE_SENSOR\", \"fingerprint\": \"SENSOR_STALE|SENSOR_STALE||51A99999|200|\", \"firstSeenAt\": \"2026-03-12T08:00:00.000Z\", \"lastPublishedAt\": \"2026-03-12T08:00:20.000Z\", \"suppressedCount\": 1, \"lastMeaningfulAt\": \"2026-03-12T08:00:20.000Z\"}}','{\"role\": \"SYSTEM\", \"userId\": null, \"username\": null, \"sessionId\": null, \"actorLabel\": \"SYSTEM\", \"actorUserId\": null, \"serviceCode\": null, \"principalType\": \"SYSTEM\"}',NULL,'reconciliation:1:100','2026-03-12 08:00:20','2026-03-13 00:30:47'),(28,1,NULL,'INCIDENT_AUTO_OPENED','gate_incidents','1','{}','{\"source\": \"RECONCILIATION\", \"projection\": {\"siteId\": \"1\", \"spotId\": \"100\", \"zoneId\": \"10\", \"staleAt\": null, \"snapshot\": {\"source\": \"test\"}, \"spotCode\": \"A-01\", \"zoneCode\": \"VIP\", \"updatedAt\": \"2026-03-12T08:00:00.000Z\", \"reasonCode\": \"VIP_WRONG_SPOT\", \"projectionId\": \"1\", \"reasonDetail\": \"Xe VIP đang đỗ sai spot.\", \"occupancyStatus\": \"OCCUPIED_VIOLATION\", \"expectedPlateCompact\": \"51A99999\", \"observedPlateCompact\": \"51A12345\", \"matchedGatePresenceId\": \"400\", \"matchedSubscriptionId\": \"200\", \"sourcePresenceEventId\": \"500\", \"matchedSubscriptionSpotId\": \"300\"}, \"incidentHint\": {\"noiseClass\": \"REPEATED_MISMATCH\", \"fingerprint\": \"OCCUPIED_VIOLATION|VIP_WRONG_SPOT|51A12345|51A99999|200|400\", \"signatureFields\": [\"OCCUPIED_VIOLATION\", \"VIP_WRONG_SPOT\", \"51A12345\", \"51A99999\", \"200\", \"400\"], \"reopenWindowSeconds\": 600, \"suppressionThreshold\": 1, \"dedupeCooldownSeconds\": 180}, \"__noiseControl\": {\"hitCount\": 1, \"lastSeenAt\": \"2026-03-12T08:00:00.000Z\", \"noiseClass\": \"REPEATED_MISMATCH\", \"fingerprint\": \"OCCUPIED_VIOLATION|VIP_WRONG_SPOT|51A12345|51A99999|200|400\", \"firstSeenAt\": \"2026-03-12T08:00:00.000Z\", \"lastPublishedAt\": \"2026-03-12T08:00:00.000Z\", \"suppressedCount\": 0, \"lastMeaningfulAt\": \"2026-03-12T08:00:00.000Z\"}}','{\"role\": \"SYSTEM\", \"userId\": null, \"username\": null, \"sessionId\": null, \"actorLabel\": \"SYSTEM\", \"actorUserId\": null, \"serviceCode\": null, \"principalType\": \"SYSTEM\"}',NULL,'reconciliation:1:100','2026-03-12 08:00:00','2026-03-13 00:30:47'),(29,1,NULL,'INCIDENT_AUTO_RESOLVED','gate_incidents','1','{\"source\": \"RECONCILIATION\", \"projection\": {\"siteId\": \"1\", \"spotId\": \"100\", \"zoneId\": \"10\", \"staleAt\": null, \"snapshot\": {\"source\": \"test\"}, \"spotCode\": \"A-01\", \"zoneCode\": \"VIP\", \"updatedAt\": \"2026-03-12T08:00:00.000Z\", \"reasonCode\": \"GATE_PRESENCE_MATCHED\", \"projectionId\": \"1\", \"reasonDetail\": \"Xe đã matched đúng occupancy.\", \"occupancyStatus\": \"OCCUPIED_MATCHED\", \"expectedPlateCompact\": \"51A99999\", \"observedPlateCompact\": \"51A12345\", \"matchedGatePresenceId\": \"400\", \"matchedSubscriptionId\": \"200\", \"sourcePresenceEventId\": \"500\", \"matchedSubscriptionSpotId\": \"300\"}, \"incidentHint\": {\"noiseClass\": \"NONE\", \"fingerprint\": \"OCCUPIED_MATCHED|GATE_PRESENCE_MATCHED|51A12345|51A99999|200|400\", \"signatureFields\": [\"OCCUPIED_MATCHED\", \"GATE_PRESENCE_MATCHED\", \"51A12345\", \"51A99999\", \"200\", \"400\"], \"reopenWindowSeconds\": 600, \"suppressionThreshold\": 1, \"dedupeCooldownSeconds\": 90}, \"__noiseControl\": {\"hitCount\": 1, \"lastSeenAt\": \"2026-03-12T08:02:00.000Z\", \"noiseClass\": \"REPEATED_MISMATCH\", \"fingerprint\": \"OCCUPIED_VIOLATION|VIP_WRONG_SPOT|51A12345|51A99999|200|400\", \"firstSeenAt\": \"2026-03-12T08:00:00.000Z\", \"lastPublishedAt\": \"2026-03-12T08:02:00.000Z\", \"suppressedCount\": 0, \"lastMeaningfulAt\": \"2026-03-12T08:00:00.000Z\"}}','{\"source\": \"RECONCILIATION\", \"projection\": {\"siteId\": \"1\", \"spotId\": \"100\", \"zoneId\": \"10\", \"staleAt\": null, \"snapshot\": {\"source\": \"test\"}, \"spotCode\": \"A-01\", \"zoneCode\": \"VIP\", \"updatedAt\": \"2026-03-12T08:00:00.000Z\", \"reasonCode\": \"GATE_PRESENCE_MATCHED\", \"projectionId\": \"1\", \"reasonDetail\": \"Xe đã matched đúng occupancy.\", \"occupancyStatus\": \"OCCUPIED_MATCHED\", \"expectedPlateCompact\": \"51A99999\", \"observedPlateCompact\": \"51A12345\", \"matchedGatePresenceId\": \"400\", \"matchedSubscriptionId\": \"200\", \"sourcePresenceEventId\": \"500\", \"matchedSubscriptionSpotId\": \"300\"}, \"incidentHint\": {\"noiseClass\": \"NONE\", \"fingerprint\": \"OCCUPIED_MATCHED|GATE_PRESENCE_MATCHED|51A12345|51A99999|200|400\", \"signatureFields\": [\"OCCUPIED_MATCHED\", \"GATE_PRESENCE_MATCHED\", \"51A12345\", \"51A99999\", \"200\", \"400\"], \"reopenWindowSeconds\": 600, \"suppressionThreshold\": 1, \"dedupeCooldownSeconds\": 90}, \"__noiseControl\": {\"hitCount\": 1, \"lastSeenAt\": \"2026-03-12T08:02:00.000Z\", \"noiseClass\": \"REPEATED_MISMATCH\", \"fingerprint\": \"OCCUPIED_VIOLATION|VIP_WRONG_SPOT|51A12345|51A99999|200|400\", \"firstSeenAt\": \"2026-03-12T08:00:00.000Z\", \"lastPublishedAt\": \"2026-03-12T08:02:00.000Z\", \"suppressedCount\": 0, \"lastMeaningfulAt\": \"2026-03-12T08:00:00.000Z\"}}','{\"role\": \"SYSTEM\", \"userId\": null, \"username\": null, \"sessionId\": null, \"actorLabel\": \"SYSTEM\", \"actorUserId\": null, \"serviceCode\": null, \"principalType\": \"SYSTEM\"}',NULL,'reconciliation:1:100','2026-03-12 08:02:00','2026-03-13 00:30:47'),(30,1,NULL,'INCIDENT_AUTO_REOPENED','gate_incidents','1','{\"source\": \"RECONCILIATION\", \"projection\": {\"siteId\": \"1\", \"spotId\": \"100\", \"zoneId\": \"10\", \"staleAt\": null, \"snapshot\": {\"source\": \"test\"}, \"spotCode\": \"A-01\", \"zoneCode\": \"VIP\", \"updatedAt\": \"2026-03-12T08:00:00.000Z\", \"reasonCode\": \"VIP_WRONG_SPOT\", \"projectionId\": \"1\", \"reasonDetail\": \"Xe VIP đang đỗ sai spot.\", \"occupancyStatus\": \"OCCUPIED_VIOLATION\", \"expectedPlateCompact\": \"51A99999\", \"observedPlateCompact\": \"51A12345\", \"matchedGatePresenceId\": \"400\", \"matchedSubscriptionId\": \"200\", \"sourcePresenceEventId\": \"500\", \"matchedSubscriptionSpotId\": \"300\"}, \"incidentHint\": {\"noiseClass\": \"REPEATED_MISMATCH\", \"fingerprint\": \"OCCUPIED_VIOLATION|VIP_WRONG_SPOT|51A12345|51A99999|200|400\", \"signatureFields\": [\"OCCUPIED_VIOLATION\", \"VIP_WRONG_SPOT\", \"51A12345\", \"51A99999\", \"200\", \"400\"], \"reopenWindowSeconds\": 600, \"suppressionThreshold\": 1, \"dedupeCooldownSeconds\": 180}, \"__noiseControl\": {\"hitCount\": 2, \"lastSeenAt\": \"2026-03-12T08:04:00.000Z\", \"noiseClass\": \"REPEATED_MISMATCH\", \"fingerprint\": \"OCCUPIED_VIOLATION|VIP_WRONG_SPOT|51A12345|51A99999|200|400\", \"firstSeenAt\": \"2026-03-12T08:00:00.000Z\", \"lastPublishedAt\": \"2026-03-12T08:04:00.000Z\", \"suppressedCount\": 0, \"lastMeaningfulAt\": \"2026-03-12T08:04:00.000Z\"}}','{\"source\": \"RECONCILIATION\", \"projection\": {\"siteId\": \"1\", \"spotId\": \"100\", \"zoneId\": \"10\", \"staleAt\": null, \"snapshot\": {\"source\": \"test\"}, \"spotCode\": \"A-01\", \"zoneCode\": \"VIP\", \"updatedAt\": \"2026-03-12T08:00:00.000Z\", \"reasonCode\": \"VIP_WRONG_SPOT\", \"projectionId\": \"1\", \"reasonDetail\": \"Xe VIP đang đỗ sai spot.\", \"occupancyStatus\": \"OCCUPIED_VIOLATION\", \"expectedPlateCompact\": \"51A99999\", \"observedPlateCompact\": \"51A12345\", \"matchedGatePresenceId\": \"400\", \"matchedSubscriptionId\": \"200\", \"sourcePresenceEventId\": \"500\", \"matchedSubscriptionSpotId\": \"300\"}, \"incidentHint\": {\"noiseClass\": \"REPEATED_MISMATCH\", \"fingerprint\": \"OCCUPIED_VIOLATION|VIP_WRONG_SPOT|51A12345|51A99999|200|400\", \"signatureFields\": [\"OCCUPIED_VIOLATION\", \"VIP_WRONG_SPOT\", \"51A12345\", \"51A99999\", \"200\", \"400\"], \"reopenWindowSeconds\": 600, \"suppressionThreshold\": 1, \"dedupeCooldownSeconds\": 180}, \"__noiseControl\": {\"hitCount\": 2, \"lastSeenAt\": \"2026-03-12T08:04:00.000Z\", \"noiseClass\": \"REPEATED_MISMATCH\", \"fingerprint\": \"OCCUPIED_VIOLATION|VIP_WRONG_SPOT|51A12345|51A99999|200|400\", \"firstSeenAt\": \"2026-03-12T08:00:00.000Z\", \"lastPublishedAt\": \"2026-03-12T08:04:00.000Z\", \"suppressedCount\": 0, \"lastMeaningfulAt\": \"2026-03-12T08:04:00.000Z\"}}','{\"role\": \"SYSTEM\", \"userId\": null, \"username\": null, \"sessionId\": null, \"actorLabel\": \"SYSTEM\", \"actorUserId\": null, \"serviceCode\": null, \"principalType\": \"SYSTEM\"}',NULL,'reconciliation:1:100','2026-03-12 08:04:00','2026-03-13 00:30:47'),(31,1,NULL,'INCIDENT_AUTO_OPENED','gate_incidents','1','{}','{\"source\": \"RECONCILIATION\", \"projection\": {\"siteId\": \"1\", \"spotId\": \"100\", \"zoneId\": \"10\", \"staleAt\": null, \"snapshot\": {\"source\": \"test\"}, \"spotCode\": \"A-01\", \"zoneCode\": \"VIP\", \"updatedAt\": \"2026-03-12T08:00:00.000Z\", \"reasonCode\": \"VIP_WRONG_SPOT\", \"projectionId\": \"1\", \"reasonDetail\": \"Xe VIP đang đỗ sai spot.\", \"occupancyStatus\": \"OCCUPIED_VIOLATION\", \"expectedPlateCompact\": \"51A99999\", \"observedPlateCompact\": \"51A12345\", \"matchedGatePresenceId\": \"400\", \"matchedSubscriptionId\": \"200\", \"sourcePresenceEventId\": \"500\", \"matchedSubscriptionSpotId\": \"300\"}, \"incidentHint\": {\"noiseClass\": \"REPEATED_MISMATCH\", \"fingerprint\": \"OCCUPIED_VIOLATION|VIP_WRONG_SPOT|51A12345|51A99999|200|400\", \"signatureFields\": [\"OCCUPIED_VIOLATION\", \"VIP_WRONG_SPOT\", \"51A12345\", \"51A99999\", \"200\", \"400\"], \"reopenWindowSeconds\": 600, \"suppressionThreshold\": 1, \"dedupeCooldownSeconds\": 180}, \"__noiseControl\": {\"hitCount\": 1, \"lastSeenAt\": \"2026-03-12T08:00:00.000Z\", \"noiseClass\": \"REPEATED_MISMATCH\", \"fingerprint\": \"OCCUPIED_VIOLATION|VIP_WRONG_SPOT|51A12345|51A99999|200|400\", \"firstSeenAt\": \"2026-03-12T08:00:00.000Z\", \"lastPublishedAt\": \"2026-03-12T08:00:00.000Z\", \"suppressedCount\": 0, \"lastMeaningfulAt\": \"2026-03-12T08:00:00.000Z\"}}','{\"role\": \"SYSTEM\", \"userId\": null, \"username\": null, \"sessionId\": null, \"actorLabel\": \"SYSTEM\", \"actorUserId\": null, \"serviceCode\": null, \"principalType\": \"SYSTEM\"}',NULL,'reconciliation:1:100','2026-03-12 08:00:00','2026-03-13 00:30:47'),(32,1,NULL,'INCIDENT_AUTO_UPDATED','gate_incidents','1','{\"source\": \"RECONCILIATION\", \"projection\": {\"siteId\": \"1\", \"spotId\": \"100\", \"zoneId\": \"10\", \"staleAt\": null, \"snapshot\": {\"source\": \"test\"}, \"spotCode\": \"A-01\", \"zoneCode\": \"VIP\", \"updatedAt\": \"2026-03-12T08:00:00.000Z\", \"reasonCode\": \"VIP_WRONG_SPOT\", \"projectionId\": \"1\", \"reasonDetail\": \"Xe VIP đang đỗ sai spot.\", \"occupancyStatus\": \"OCCUPIED_VIOLATION\", \"expectedPlateCompact\": \"51A99999\", \"observedPlateCompact\": \"51A12345\", \"matchedGatePresenceId\": \"400\", \"matchedSubscriptionId\": \"200\", \"sourcePresenceEventId\": \"500\", \"matchedSubscriptionSpotId\": \"300\"}, \"incidentHint\": {\"noiseClass\": \"REPEATED_MISMATCH\", \"fingerprint\": \"OCCUPIED_VIOLATION|VIP_WRONG_SPOT|51A12345|51A99999|200|400\", \"signatureFields\": [\"OCCUPIED_VIOLATION\", \"VIP_WRONG_SPOT\", \"51A12345\", \"51A99999\", \"200\", \"400\"], \"reopenWindowSeconds\": 600, \"suppressionThreshold\": 1, \"dedupeCooldownSeconds\": 180}, \"__noiseControl\": {\"hitCount\": 3, \"lastSeenAt\": \"2026-03-12T08:01:00.000Z\", \"noiseClass\": \"REPEATED_MISMATCH\", \"fingerprint\": \"OCCUPIED_VIOLATION|VIP_WRONG_SPOT|51A12345|51A99999|200|400\", \"firstSeenAt\": \"2026-03-12T08:00:00.000Z\", \"lastPublishedAt\": \"2026-03-12T08:01:00.000Z\", \"suppressedCount\": 1, \"lastMeaningfulAt\": \"2026-03-12T08:01:00.000Z\"}}','{\"source\": \"RECONCILIATION\", \"projection\": {\"siteId\": \"1\", \"spotId\": \"100\", \"zoneId\": \"10\", \"staleAt\": null, \"snapshot\": {\"source\": \"test\"}, \"spotCode\": \"A-01\", \"zoneCode\": \"VIP\", \"updatedAt\": \"2026-03-12T08:00:00.000Z\", \"reasonCode\": \"VIP_WRONG_SPOT\", \"projectionId\": \"1\", \"reasonDetail\": \"Xe VIP đang đỗ sai spot.\", \"occupancyStatus\": \"OCCUPIED_VIOLATION\", \"expectedPlateCompact\": \"51A99999\", \"observedPlateCompact\": \"51A12345\", \"matchedGatePresenceId\": \"400\", \"matchedSubscriptionId\": \"200\", \"sourcePresenceEventId\": \"500\", \"matchedSubscriptionSpotId\": \"300\"}, \"incidentHint\": {\"noiseClass\": \"REPEATED_MISMATCH\", \"fingerprint\": \"OCCUPIED_VIOLATION|VIP_WRONG_SPOT|51A12345|51A99999|200|400\", \"signatureFields\": [\"OCCUPIED_VIOLATION\", \"VIP_WRONG_SPOT\", \"51A12345\", \"51A99999\", \"200\", \"400\"], \"reopenWindowSeconds\": 600, \"suppressionThreshold\": 1, \"dedupeCooldownSeconds\": 180}, \"__noiseControl\": {\"hitCount\": 3, \"lastSeenAt\": \"2026-03-12T08:01:00.000Z\", \"noiseClass\": \"REPEATED_MISMATCH\", \"fingerprint\": \"OCCUPIED_VIOLATION|VIP_WRONG_SPOT|51A12345|51A99999|200|400\", \"firstSeenAt\": \"2026-03-12T08:00:00.000Z\", \"lastPublishedAt\": \"2026-03-12T08:01:00.000Z\", \"suppressedCount\": 1, \"lastMeaningfulAt\": \"2026-03-12T08:01:00.000Z\"}}','{\"role\": \"SYSTEM\", \"userId\": null, \"username\": null, \"sessionId\": null, \"actorLabel\": \"SYSTEM\", \"actorUserId\": null, \"serviceCode\": null, \"principalType\": \"SYSTEM\"}',NULL,'reconciliation:1:100','2026-03-12 08:01:00','2026-03-13 00:30:47'),(33,NULL,2,'AUTH_LOGIN','auth_user_sessions','cc9f9268-7e7a-4212-a8a3-c9cceb7f8835',NULL,'{\"role\": \"OPS\", \"userId\": \"2\", \"username\": \"ops\", \"revokedAt\": null, \"sessionId\": \"cc9f9268-7e7a-4212-a8a3-c9cceb7f8835\", \"revokeReason\": null, \"accessExpiresAt\": \"2026-03-12T18:22:09.370Z\", \"refreshExpiresAt\": \"2026-03-19T18:07:09.370Z\"}','{\"role\": \"OPS\", \"userId\": \"2\", \"username\": \"ops\", \"sessionId\": \"cc9f9268-7e7a-4212-a8a3-c9cceb7f8835\", \"actorLabel\": \"OPS:2\", \"actorUserId\": \"2\", \"serviceCode\": null, \"principalType\": \"USER\"}','f7383f23-dd8b-4709-a5ce-c86a71aaced2','f7383f23-dd8b-4709-a5ce-c86a71aaced2','2026-03-12 18:07:09','2026-03-13 01:07:09'),(34,NULL,2,'AUTH_LOGIN','auth_user_sessions','d010a870-acd4-4e15-835f-35b28bcd606b',NULL,'{\"role\": \"OPS\", \"userId\": \"2\", \"username\": \"ops\", \"revokedAt\": null, \"sessionId\": \"d010a870-acd4-4e15-835f-35b28bcd606b\", \"revokeReason\": null, \"accessExpiresAt\": \"2026-03-12T18:26:48.803Z\", \"refreshExpiresAt\": \"2026-03-19T18:11:48.803Z\"}','{\"role\": \"OPS\", \"userId\": \"2\", \"username\": \"ops\", \"sessionId\": \"d010a870-acd4-4e15-835f-35b28bcd606b\", \"actorLabel\": \"OPS:2\", \"actorUserId\": \"2\", \"serviceCode\": null, \"principalType\": \"USER\"}','f5b0b689-1e49-4b03-bcf5-1ebe4b1c0cfb','f5b0b689-1e49-4b03-bcf5-1ebe4b1c0cfb','2026-03-12 18:11:48','2026-03-13 01:11:48'),(35,NULL,2,'AUTH_LOGIN','auth_user_sessions','63751a3f-11cd-484e-8da7-2add0e0ec7fc',NULL,'{\"role\": \"OPS\", \"userId\": \"2\", \"username\": \"ops\", \"revokedAt\": null, \"sessionId\": \"63751a3f-11cd-484e-8da7-2add0e0ec7fc\", \"revokeReason\": null, \"accessExpiresAt\": \"2026-03-12T18:36:36.276Z\", \"refreshExpiresAt\": \"2026-03-19T18:21:36.276Z\"}','{\"role\": \"OPS\", \"userId\": \"2\", \"username\": \"ops\", \"sessionId\": \"63751a3f-11cd-484e-8da7-2add0e0ec7fc\", \"actorLabel\": \"OPS:2\", \"actorUserId\": \"2\", \"serviceCode\": null, \"principalType\": \"USER\"}','af477070-4c1c-411b-9471-50ab560ac068','af477070-4c1c-411b-9471-50ab560ac068','2026-03-12 18:21:36','2026-03-13 01:21:36'),(36,NULL,2,'AUTH_LOGIN','auth_user_sessions','34734ba8-f465-41ee-a569-c9e413101b8c',NULL,'{\"role\": \"OPS\", \"userId\": \"2\", \"username\": \"ops\", \"revokedAt\": null, \"sessionId\": \"34734ba8-f465-41ee-a569-c9e413101b8c\", \"revokeReason\": null, \"accessExpiresAt\": \"2026-03-12T18:43:30.359Z\", \"refreshExpiresAt\": \"2026-03-19T18:28:30.359Z\"}','{\"role\": \"OPS\", \"userId\": \"2\", \"username\": \"ops\", \"sessionId\": \"34734ba8-f465-41ee-a569-c9e413101b8c\", \"actorLabel\": \"OPS:2\", \"actorUserId\": \"2\", \"serviceCode\": null, \"principalType\": \"USER\"}','45b9b433-a6be-4b42-a6d5-7e2aa24eda0f','45b9b433-a6be-4b42-a6d5-7e2aa24eda0f','2026-03-12 18:28:30','2026-03-13 01:28:30'),(37,NULL,2,'AUTH_LOGIN','auth_user_sessions','012b613a-371a-4a7e-9b7b-ba8c3e09c9d5',NULL,'{\"role\": \"OPS\", \"userId\": \"2\", \"username\": \"ops\", \"revokedAt\": null, \"sessionId\": \"012b613a-371a-4a7e-9b7b-ba8c3e09c9d5\", \"revokeReason\": null, \"accessExpiresAt\": \"2026-03-12T18:46:49.994Z\", \"refreshExpiresAt\": \"2026-03-19T18:31:49.994Z\"}','{\"role\": \"OPS\", \"userId\": \"2\", \"username\": \"ops\", \"sessionId\": \"012b613a-371a-4a7e-9b7b-ba8c3e09c9d5\", \"actorLabel\": \"OPS:2\", \"actorUserId\": \"2\", \"serviceCode\": null, \"principalType\": \"USER\"}','9ee69a13-0331-4248-a265-9bc6d09e6c2d','9ee69a13-0331-4248-a265-9bc6d09e6c2d','2026-03-12 18:31:49','2026-03-13 01:31:49'),(38,2,NULL,'INCIDENT_AUTO_UPDATED','gate_incidents','5','{\"source\": \"RECONCILIATION\", \"projection\": {\"siteId\": \"2\", \"spotId\": \"1\", \"zoneId\": \"1\", \"staleAt\": null, \"snapshot\": {\"now\": \"2026-03-12T18:28:30.445Z\", \"spot\": {\"siteId\": \"2\", \"spotId\": \"1\", \"zoneId\": \"1\", \"spotCode\": \"HCM-VIP-01\", \"zoneCode\": \"VIP_A\"}, \"ageSeconds\": 0, \"activeGatePresence\": null, \"sensorStaleSeconds\": 180, \"latestPresenceEvent\": {\"traceId\": \"smoke-1773340110419\", \"cameraCode\": \"CAM_VIP_A_HCM_VIP_01\", \"capturedAt\": \"2026-03-12T18:28:30.000Z\", \"confidence\": 0.97, \"modelVersion\": \"smoke-release-v1\", \"plateCompact\": \"51B67890\", \"presenceEventId\": \"2\", \"snapshotObjectKey\": \"smoke/SITE_HCM_01/HCM-VIP-01/1773340110419.png\"}, \"reservedSpotSubscription\": {\"spotId\": \"1\", \"spotCode\": \"HCM-VIP-01\", \"subscriptionId\": \"1\", \"subscriptionSpotId\": \"1\", \"primaryPlateCompact\": \"51A12345\", \"allowedPlateCompacts\": [\"51A12345\"]}, \"observedVehicleSubscription\": null}, \"spotCode\": \"HCM-VIP-01\", \"zoneCode\": \"VIP_A\", \"updatedAt\": \"2026-03-13T01:28:30.000Z\", \"reasonCode\": \"RESERVED_SPOT_OCCUPIED_BY_OTHER\", \"projectionId\": \"1\", \"reasonDetail\": \"Spot đang được reserve/assign cho subscription khác nhưng camera thấy plate không thuộc danh sách cho phép.\", \"occupancyStatus\": \"OCCUPIED_VIOLATION\", \"expectedPlateCompact\": \"51A12345\", \"observedPlateCompact\": \"51B67890\", \"matchedGatePresenceId\": null, \"matchedSubscriptionId\": \"1\", \"sourcePresenceEventId\": \"2\", \"matchedSubscriptionSpotId\": \"1\"}, \"incidentHint\": {\"noiseClass\": \"REPEATED_MISMATCH\", \"fingerprint\": \"OCCUPIED_VIOLATION|RESERVED_SPOT_OCCUPIED_BY_OTHER|51B67890|51A12345|1|\", \"signatureFields\": [\"OCCUPIED_VIOLATION\", \"RESERVED_SPOT_OCCUPIED_BY_OTHER\", \"51B67890\", \"51A12345\", \"1\", \"\"], \"reopenWindowSeconds\": 600, \"suppressionThreshold\": 1, \"dedupeCooldownSeconds\": 180}, \"__noiseControl\": {\"hitCount\": 1, \"lastSeenAt\": \"2026-03-12T18:28:30.455Z\", \"noiseClass\": \"REPEATED_MISMATCH\", \"fingerprint\": \"OCCUPIED_VIOLATION|RESERVED_SPOT_OCCUPIED_BY_OTHER|51B67890|51A12345|1|\", \"firstSeenAt\": \"2026-03-12T18:28:30.455Z\", \"lastPublishedAt\": \"2026-03-12T18:28:30.455Z\", \"suppressedCount\": 0, \"lastMeaningfulAt\": \"2026-03-12T18:28:30.455Z\"}}','{\"source\": \"RECONCILIATION\", \"projection\": {\"siteId\": \"2\", \"spotId\": \"1\", \"zoneId\": \"1\", \"staleAt\": null, \"snapshot\": {\"now\": \"2026-03-12T18:31:50.079Z\", \"spot\": {\"siteId\": \"2\", \"spotId\": \"1\", \"zoneId\": \"1\", \"spotCode\": \"HCM-VIP-01\", \"zoneCode\": \"VIP_A\"}, \"ageSeconds\": 0, \"activeGatePresence\": null, \"sensorStaleSeconds\": 180, \"latestPresenceEvent\": {\"traceId\": \"smoke-1773340310053\", \"cameraCode\": \"CAM_VIP_A_HCM_VIP_01\", \"capturedAt\": \"2026-03-12T18:31:50.000Z\", \"confidence\": 0.97, \"modelVersion\": \"smoke-release-v1\", \"plateCompact\": \"51B67890\", \"presenceEventId\": \"3\", \"snapshotObjectKey\": \"smoke/SITE_HCM_01/HCM-VIP-01/1773340310053.png\"}, \"reservedSpotSubscription\": {\"spotId\": \"1\", \"spotCode\": \"HCM-VIP-01\", \"subscriptionId\": \"1\", \"subscriptionSpotId\": \"1\", \"primaryPlateCompact\": \"51A12345\", \"allowedPlateCompacts\": [\"51A12345\"]}, \"observedVehicleSubscription\": null}, \"spotCode\": \"HCM-VIP-01\", \"zoneCode\": \"VIP_A\", \"updatedAt\": \"2026-03-13T01:31:50.000Z\", \"reasonCode\": \"RESERVED_SPOT_OCCUPIED_BY_OTHER\", \"projectionId\": \"1\", \"reasonDetail\": \"Spot đang được reserve/assign cho subscription khác nhưng camera thấy plate không thuộc danh sách cho phép.\", \"occupancyStatus\": \"OCCUPIED_VIOLATION\", \"expectedPlateCompact\": \"51A12345\", \"observedPlateCompact\": \"51B67890\", \"matchedGatePresenceId\": null, \"matchedSubscriptionId\": \"1\", \"sourcePresenceEventId\": \"3\", \"matchedSubscriptionSpotId\": \"1\"}, \"incidentHint\": {\"noiseClass\": \"REPEATED_MISMATCH\", \"fingerprint\": \"OCCUPIED_VIOLATION|RESERVED_SPOT_OCCUPIED_BY_OTHER|51B67890|51A12345|1|\", \"signatureFields\": [\"OCCUPIED_VIOLATION\", \"RESERVED_SPOT_OCCUPIED_BY_OTHER\", \"51B67890\", \"51A12345\", \"1\", \"\"], \"reopenWindowSeconds\": 600, \"suppressionThreshold\": 1, \"dedupeCooldownSeconds\": 180}, \"__noiseControl\": {\"hitCount\": 2, \"lastSeenAt\": \"2026-03-12T18:31:50.087Z\", \"noiseClass\": \"REPEATED_MISMATCH\", \"fingerprint\": \"OCCUPIED_VIOLATION|RESERVED_SPOT_OCCUPIED_BY_OTHER|51B67890|51A12345|1|\", \"firstSeenAt\": \"2026-03-12T18:28:30.455Z\", \"lastPublishedAt\": \"2026-03-12T18:31:50.087Z\", \"suppressedCount\": 0, \"lastMeaningfulAt\": \"2026-03-12T18:31:50.087Z\"}}','{\"role\": \"SYSTEM\", \"userId\": null, \"username\": null, \"sessionId\": null, \"actorLabel\": \"SYSTEM\", \"actorUserId\": null, \"serviceCode\": null, \"principalType\": \"SYSTEM\"}','fbea323e-83c9-4cf9-b86c-b7639def0703','reconciliation:2:1','2026-03-12 18:31:50','2026-03-13 01:31:50'),(39,2,2,'INCIDENT_RESOLVED','gate_incidents','5','{\"source\": \"RECONCILIATION\", \"projection\": {\"siteId\": \"2\", \"spotId\": \"1\", \"zoneId\": \"1\", \"staleAt\": null, \"snapshot\": {\"now\": \"2026-03-12T18:31:50.079Z\", \"spot\": {\"siteId\": \"2\", \"spotId\": \"1\", \"zoneId\": \"1\", \"spotCode\": \"HCM-VIP-01\", \"zoneCode\": \"VIP_A\"}, \"ageSeconds\": 0, \"activeGatePresence\": null, \"sensorStaleSeconds\": 180, \"latestPresenceEvent\": {\"traceId\": \"smoke-1773340310053\", \"cameraCode\": \"CAM_VIP_A_HCM_VIP_01\", \"capturedAt\": \"2026-03-12T18:31:50.000Z\", \"confidence\": 0.97, \"modelVersion\": \"smoke-release-v1\", \"plateCompact\": \"51B67890\", \"presenceEventId\": \"3\", \"snapshotObjectKey\": \"smoke/SITE_HCM_01/HCM-VIP-01/1773340310053.png\"}, \"reservedSpotSubscription\": {\"spotId\": \"1\", \"spotCode\": \"HCM-VIP-01\", \"subscriptionId\": \"1\", \"subscriptionSpotId\": \"1\", \"primaryPlateCompact\": \"51A12345\", \"allowedPlateCompacts\": [\"51A12345\"]}, \"observedVehicleSubscription\": null}, \"spotCode\": \"HCM-VIP-01\", \"zoneCode\": \"VIP_A\", \"updatedAt\": \"2026-03-13T01:31:50.000Z\", \"reasonCode\": \"RESERVED_SPOT_OCCUPIED_BY_OTHER\", \"projectionId\": \"1\", \"reasonDetail\": \"Spot đang được reserve/assign cho subscription khác nhưng camera thấy plate không thuộc danh sách cho phép.\", \"occupancyStatus\": \"OCCUPIED_VIOLATION\", \"expectedPlateCompact\": \"51A12345\", \"observedPlateCompact\": \"51B67890\", \"matchedGatePresenceId\": null, \"matchedSubscriptionId\": \"1\", \"sourcePresenceEventId\": \"3\", \"matchedSubscriptionSpotId\": \"1\"}, \"incidentHint\": {\"noiseClass\": \"REPEATED_MISMATCH\", \"fingerprint\": \"OCCUPIED_VIOLATION|RESERVED_SPOT_OCCUPIED_BY_OTHER|51B67890|51A12345|1|\", \"signatureFields\": [\"OCCUPIED_VIOLATION\", \"RESERVED_SPOT_OCCUPIED_BY_OTHER\", \"51B67890\", \"51A12345\", \"1\", \"\"], \"reopenWindowSeconds\": 600, \"suppressionThreshold\": 1, \"dedupeCooldownSeconds\": 180}, \"__noiseControl\": {\"hitCount\": 2, \"lastSeenAt\": \"2026-03-12T18:31:50.087Z\", \"noiseClass\": \"REPEATED_MISMATCH\", \"fingerprint\": \"OCCUPIED_VIOLATION|RESERVED_SPOT_OCCUPIED_BY_OTHER|51B67890|51A12345|1|\", \"firstSeenAt\": \"2026-03-12T18:28:30.455Z\", \"lastPublishedAt\": \"2026-03-12T18:31:50.087Z\", \"suppressedCount\": 0, \"lastMeaningfulAt\": \"2026-03-12T18:31:50.087Z\"}}','{\"source\": \"RECONCILIATION\", \"projection\": {\"siteId\": \"2\", \"spotId\": \"1\", \"zoneId\": \"1\", \"staleAt\": null, \"snapshot\": {\"now\": \"2026-03-12T18:31:50.079Z\", \"spot\": {\"siteId\": \"2\", \"spotId\": \"1\", \"zoneId\": \"1\", \"spotCode\": \"HCM-VIP-01\", \"zoneCode\": \"VIP_A\"}, \"ageSeconds\": 0, \"activeGatePresence\": null, \"sensorStaleSeconds\": 180, \"latestPresenceEvent\": {\"traceId\": \"smoke-1773340310053\", \"cameraCode\": \"CAM_VIP_A_HCM_VIP_01\", \"capturedAt\": \"2026-03-12T18:31:50.000Z\", \"confidence\": 0.97, \"modelVersion\": \"smoke-release-v1\", \"plateCompact\": \"51B67890\", \"presenceEventId\": \"3\", \"snapshotObjectKey\": \"smoke/SITE_HCM_01/HCM-VIP-01/1773340310053.png\"}, \"reservedSpotSubscription\": {\"spotId\": \"1\", \"spotCode\": \"HCM-VIP-01\", \"subscriptionId\": \"1\", \"subscriptionSpotId\": \"1\", \"primaryPlateCompact\": \"51A12345\", \"allowedPlateCompacts\": [\"51A12345\"]}, \"observedVehicleSubscription\": null}, \"spotCode\": \"HCM-VIP-01\", \"zoneCode\": \"VIP_A\", \"updatedAt\": \"2026-03-13T01:31:50.000Z\", \"reasonCode\": \"RESERVED_SPOT_OCCUPIED_BY_OTHER\", \"projectionId\": \"1\", \"reasonDetail\": \"Spot đang được reserve/assign cho subscription khác nhưng camera thấy plate không thuộc danh sách cho phép.\", \"occupancyStatus\": \"OCCUPIED_VIOLATION\", \"expectedPlateCompact\": \"51A12345\", \"observedPlateCompact\": \"51B67890\", \"matchedGatePresenceId\": null, \"matchedSubscriptionId\": \"1\", \"sourcePresenceEventId\": \"3\", \"matchedSubscriptionSpotId\": \"1\"}, \"incidentHint\": {\"noiseClass\": \"REPEATED_MISMATCH\", \"fingerprint\": \"OCCUPIED_VIOLATION|RESERVED_SPOT_OCCUPIED_BY_OTHER|51B67890|51A12345|1|\", \"signatureFields\": [\"OCCUPIED_VIOLATION\", \"RESERVED_SPOT_OCCUPIED_BY_OTHER\", \"51B67890\", \"51A12345\", \"1\", \"\"], \"reopenWindowSeconds\": 600, \"suppressionThreshold\": 1, \"dedupeCooldownSeconds\": 180}, \"__noiseControl\": {\"hitCount\": 2, \"lastSeenAt\": \"2026-03-12T18:31:50.087Z\", \"noiseClass\": \"REPEATED_MISMATCH\", \"fingerprint\": \"OCCUPIED_VIOLATION|RESERVED_SPOT_OCCUPIED_BY_OTHER|51B67890|51A12345|1|\", \"firstSeenAt\": \"2026-03-12T18:28:30.455Z\", \"lastPublishedAt\": \"2026-03-12T18:31:50.087Z\", \"suppressedCount\": 0, \"lastMeaningfulAt\": \"2026-03-12T18:31:50.087Z\"}}','{\"role\": \"OPS\", \"userId\": \"2\", \"username\": null, \"sessionId\": null, \"actorLabel\": \"OPS:2\", \"actorUserId\": \"2\", \"serviceCode\": null, \"principalType\": \"USER\"}','b8a17f2d-35f5-431c-9e43-49ab0e49732e','reconciliation:2:1','2026-03-12 18:31:50','2026-03-13 01:31:50'),(40,NULL,101,'AUTH_LOGIN','auth_user_sessions','7c6d884b-f371-4f9c-83a1-790928351c86',NULL,'{\"role\": \"ADMIN\", \"userId\": \"101\", \"username\": \"admin\", \"revokedAt\": null, \"sessionId\": \"7c6d884b-f371-4f9c-83a1-790928351c86\", \"revokeReason\": null, \"accessExpiresAt\": \"2026-03-12T10:15:00.000Z\", \"refreshExpiresAt\": \"2026-03-19T10:00:00.000Z\"}','{\"role\": \"ADMIN\", \"userId\": \"101\", \"username\": \"admin\", \"sessionId\": \"7c6d884b-f371-4f9c-83a1-790928351c86\", \"actorLabel\": \"ADMIN:101\", \"actorUserId\": \"101\", \"serviceCode\": null, \"principalType\": \"USER\"}',NULL,NULL,'2026-03-12 10:00:00','2026-03-13 01:32:11'),(41,NULL,101,'AUTH_REFRESH','auth_user_sessions','7c6d884b-f371-4f9c-83a1-790928351c86','{\"role\": \"ADMIN\", \"userId\": \"101\", \"username\": \"admin\", \"revokedAt\": null, \"sessionId\": \"7c6d884b-f371-4f9c-83a1-790928351c86\", \"revokeReason\": null, \"accessExpiresAt\": \"2026-03-12T10:15:00.000Z\", \"refreshExpiresAt\": \"2026-03-19T10:00:00.000Z\"}','{\"role\": \"ADMIN\", \"userId\": \"101\", \"username\": \"admin\", \"revokedAt\": null, \"sessionId\": \"7c6d884b-f371-4f9c-83a1-790928351c86\", \"revokeReason\": null, \"accessExpiresAt\": \"2026-03-12T10:15:00.000Z\", \"refreshExpiresAt\": \"2026-03-19T10:00:00.000Z\"}','{\"role\": \"ADMIN\", \"userId\": \"101\", \"username\": \"admin\", \"sessionId\": \"7c6d884b-f371-4f9c-83a1-790928351c86\", \"actorLabel\": \"ADMIN:101\", \"actorUserId\": \"101\", \"serviceCode\": null, \"principalType\": \"USER\"}',NULL,NULL,'2026-03-12 10:00:00','2026-03-13 01:32:11'),(42,NULL,101,'AUTH_LOGOUT','auth_user_sessions','7c6d884b-f371-4f9c-83a1-790928351c86','{\"role\": \"ADMIN\", \"userId\": \"101\", \"username\": \"admin\", \"revokedAt\": null, \"sessionId\": \"7c6d884b-f371-4f9c-83a1-790928351c86\", \"revokeReason\": null, \"accessExpiresAt\": \"2026-03-12T10:15:00.000Z\", \"refreshExpiresAt\": \"2026-03-19T10:00:00.000Z\"}','{\"role\": \"ADMIN\", \"userId\": \"101\", \"username\": \"admin\", \"revokedAt\": \"2026-03-12T10:00:00.000Z\", \"sessionId\": \"7c6d884b-f371-4f9c-83a1-790928351c86\", \"revokeReason\": \"LOGOUT\", \"accessExpiresAt\": \"2026-03-12T10:15:00.000Z\", \"refreshExpiresAt\": \"2026-03-19T10:00:00.000Z\"}','{\"role\": \"ADMIN\", \"userId\": \"101\", \"username\": \"admin\", \"sessionId\": \"7c6d884b-f371-4f9c-83a1-790928351c86\", \"actorLabel\": \"ADMIN:101\", \"actorUserId\": \"101\", \"serviceCode\": null, \"principalType\": \"USER\"}',NULL,NULL,'2026-03-12 10:00:00','2026-03-13 01:32:11'),(43,NULL,1,'AUTH_LOGIN','auth_user_sessions','2b4aa8ea-5189-45f1-a60d-e8075ddcb1bc',NULL,'{\"role\": \"ADMIN\", \"userId\": \"1\", \"username\": \"admin\", \"revokedAt\": null, \"sessionId\": \"2b4aa8ea-5189-45f1-a60d-e8075ddcb1bc\", \"revokeReason\": null, \"accessExpiresAt\": \"2026-03-12T10:15:00.000Z\", \"refreshExpiresAt\": \"2026-03-19T10:00:00.000Z\"}','{\"role\": \"ADMIN\", \"userId\": \"1\", \"username\": \"admin\", \"sessionId\": \"2b4aa8ea-5189-45f1-a60d-e8075ddcb1bc\", \"actorLabel\": \"ADMIN:1\", \"actorUserId\": \"1\", \"serviceCode\": null, \"principalType\": \"USER\"}',NULL,NULL,'2026-03-12 10:00:00','2026-03-13 01:32:11'),(44,NULL,2,'AUTH_LOGIN','auth_user_sessions','1dba79ce-2b4d-4194-a242-6310c0e43601',NULL,'{\"role\": \"OPS\", \"userId\": \"2\", \"username\": \"ops\", \"revokedAt\": null, \"sessionId\": \"1dba79ce-2b4d-4194-a242-6310c0e43601\", \"revokeReason\": null, \"accessExpiresAt\": \"2026-03-12T10:15:00.000Z\", \"refreshExpiresAt\": \"2026-03-19T10:00:00.000Z\"}','{\"role\": \"OPS\", \"userId\": \"2\", \"username\": \"ops\", \"sessionId\": \"1dba79ce-2b4d-4194-a242-6310c0e43601\", \"actorLabel\": \"OPS:2\", \"actorUserId\": \"2\", \"serviceCode\": null, \"principalType\": \"USER\"}',NULL,NULL,'2026-03-12 10:00:00','2026-03-13 01:32:11'),(45,NULL,3,'AUTH_LOGIN','auth_user_sessions','cb3d3548-d621-42ea-b2c4-328137501438',NULL,'{\"role\": \"GUARD\", \"userId\": \"3\", \"username\": \"guard\", \"revokedAt\": null, \"sessionId\": \"cb3d3548-d621-42ea-b2c4-328137501438\", \"revokeReason\": null, \"accessExpiresAt\": \"2026-03-12T10:15:00.000Z\", \"refreshExpiresAt\": \"2026-03-19T10:00:00.000Z\"}','{\"role\": \"GUARD\", \"userId\": \"3\", \"username\": \"guard\", \"sessionId\": \"cb3d3548-d621-42ea-b2c4-328137501438\", \"actorLabel\": \"GUARD:3\", \"actorUserId\": \"3\", \"serviceCode\": null, \"principalType\": \"USER\"}',NULL,NULL,'2026-03-12 10:00:00','2026-03-13 01:32:11'),(46,NULL,4,'AUTH_LOGIN','auth_user_sessions','19e92517-c7e6-48c4-8771-1134941d1118',NULL,'{\"role\": \"CASHIER\", \"userId\": \"4\", \"username\": \"cashier\", \"revokedAt\": null, \"sessionId\": \"19e92517-c7e6-48c4-8771-1134941d1118\", \"revokeReason\": null, \"accessExpiresAt\": \"2026-03-12T10:15:00.000Z\", \"refreshExpiresAt\": \"2026-03-19T10:00:00.000Z\"}','{\"role\": \"CASHIER\", \"userId\": \"4\", \"username\": \"cashier\", \"sessionId\": \"19e92517-c7e6-48c4-8771-1134941d1118\", \"actorLabel\": \"CASHIER:4\", \"actorUserId\": \"4\", \"serviceCode\": null, \"principalType\": \"USER\"}',NULL,NULL,'2026-03-12 10:00:00','2026-03-13 01:32:11'),(47,NULL,5,'AUTH_LOGIN','auth_user_sessions','32d41a34-f0af-4996-b5ec-19d20dc285c0',NULL,'{\"role\": \"WORKER\", \"userId\": \"5\", \"username\": \"worker\", \"revokedAt\": null, \"sessionId\": \"32d41a34-f0af-4996-b5ec-19d20dc285c0\", \"revokeReason\": null, \"accessExpiresAt\": \"2026-03-12T10:15:00.000Z\", \"refreshExpiresAt\": \"2026-03-19T10:00:00.000Z\"}','{\"role\": \"WORKER\", \"userId\": \"5\", \"username\": \"worker\", \"sessionId\": \"32d41a34-f0af-4996-b5ec-19d20dc285c0\", \"actorLabel\": \"WORKER:5\", \"actorUserId\": \"5\", \"serviceCode\": null, \"principalType\": \"USER\"}',NULL,NULL,'2026-03-12 10:00:00','2026-03-13 01:32:11'),(48,1,NULL,'INCIDENT_AUTO_OPENED','gate_incidents','1','{}','{\"source\": \"RECONCILIATION\", \"projection\": {\"siteId\": \"1\", \"spotId\": \"100\", \"zoneId\": \"10\", \"staleAt\": null, \"snapshot\": {\"source\": \"test\"}, \"spotCode\": \"A-01\", \"zoneCode\": \"VIP\", \"updatedAt\": \"2026-03-12T08:00:00.000Z\", \"reasonCode\": \"SENSOR_STALE\", \"projectionId\": \"1\", \"reasonDetail\": \"Camera stale liên tục.\", \"occupancyStatus\": \"SENSOR_STALE\", \"expectedPlateCompact\": \"51A99999\", \"observedPlateCompact\": null, \"matchedGatePresenceId\": null, \"matchedSubscriptionId\": \"200\", \"sourcePresenceEventId\": \"500\", \"matchedSubscriptionSpotId\": \"300\"}, \"incidentHint\": {\"noiseClass\": \"STALE_SENSOR\", \"fingerprint\": \"SENSOR_STALE|SENSOR_STALE||51A99999|200|\", \"signatureFields\": [\"SENSOR_STALE\", \"SENSOR_STALE\", \"\", \"51A99999\", \"200\", \"\"], \"reopenWindowSeconds\": 600, \"suppressionThreshold\": 2, \"dedupeCooldownSeconds\": 120}, \"__noiseControl\": {\"hitCount\": 2, \"lastSeenAt\": \"2026-03-12T08:00:20.000Z\", \"noiseClass\": \"STALE_SENSOR\", \"fingerprint\": \"SENSOR_STALE|SENSOR_STALE||51A99999|200|\", \"firstSeenAt\": \"2026-03-12T08:00:00.000Z\", \"lastPublishedAt\": \"2026-03-12T08:00:20.000Z\", \"suppressedCount\": 1, \"lastMeaningfulAt\": \"2026-03-12T08:00:20.000Z\"}}','{\"role\": \"SYSTEM\", \"userId\": null, \"username\": null, \"sessionId\": null, \"actorLabel\": \"SYSTEM\", \"actorUserId\": null, \"serviceCode\": null, \"principalType\": \"SYSTEM\"}',NULL,'reconciliation:1:100','2026-03-12 08:00:20','2026-03-13 01:32:26'),(49,1,NULL,'INCIDENT_AUTO_OPENED','gate_incidents','1','{}','{\"source\": \"RECONCILIATION\", \"projection\": {\"siteId\": \"1\", \"spotId\": \"100\", \"zoneId\": \"10\", \"staleAt\": null, \"snapshot\": {\"source\": \"test\"}, \"spotCode\": \"A-01\", \"zoneCode\": \"VIP\", \"updatedAt\": \"2026-03-12T08:00:00.000Z\", \"reasonCode\": \"VIP_WRONG_SPOT\", \"projectionId\": \"1\", \"reasonDetail\": \"Xe VIP đang đỗ sai spot.\", \"occupancyStatus\": \"OCCUPIED_VIOLATION\", \"expectedPlateCompact\": \"51A99999\", \"observedPlateCompact\": \"51A12345\", \"matchedGatePresenceId\": \"400\", \"matchedSubscriptionId\": \"200\", \"sourcePresenceEventId\": \"500\", \"matchedSubscriptionSpotId\": \"300\"}, \"incidentHint\": {\"noiseClass\": \"REPEATED_MISMATCH\", \"fingerprint\": \"OCCUPIED_VIOLATION|VIP_WRONG_SPOT|51A12345|51A99999|200|400\", \"signatureFields\": [\"OCCUPIED_VIOLATION\", \"VIP_WRONG_SPOT\", \"51A12345\", \"51A99999\", \"200\", \"400\"], \"reopenWindowSeconds\": 600, \"suppressionThreshold\": 1, \"dedupeCooldownSeconds\": 180}, \"__noiseControl\": {\"hitCount\": 1, \"lastSeenAt\": \"2026-03-12T08:00:00.000Z\", \"noiseClass\": \"REPEATED_MISMATCH\", \"fingerprint\": \"OCCUPIED_VIOLATION|VIP_WRONG_SPOT|51A12345|51A99999|200|400\", \"firstSeenAt\": \"2026-03-12T08:00:00.000Z\", \"lastPublishedAt\": \"2026-03-12T08:00:00.000Z\", \"suppressedCount\": 0, \"lastMeaningfulAt\": \"2026-03-12T08:00:00.000Z\"}}','{\"role\": \"SYSTEM\", \"userId\": null, \"username\": null, \"sessionId\": null, \"actorLabel\": \"SYSTEM\", \"actorUserId\": null, \"serviceCode\": null, \"principalType\": \"SYSTEM\"}',NULL,'reconciliation:1:100','2026-03-12 08:00:00','2026-03-13 01:32:26'),(50,1,NULL,'INCIDENT_AUTO_RESOLVED','gate_incidents','1','{\"source\": \"RECONCILIATION\", \"projection\": {\"siteId\": \"1\", \"spotId\": \"100\", \"zoneId\": \"10\", \"staleAt\": null, \"snapshot\": {\"source\": \"test\"}, \"spotCode\": \"A-01\", \"zoneCode\": \"VIP\", \"updatedAt\": \"2026-03-12T08:00:00.000Z\", \"reasonCode\": \"GATE_PRESENCE_MATCHED\", \"projectionId\": \"1\", \"reasonDetail\": \"Xe đã matched đúng occupancy.\", \"occupancyStatus\": \"OCCUPIED_MATCHED\", \"expectedPlateCompact\": \"51A99999\", \"observedPlateCompact\": \"51A12345\", \"matchedGatePresenceId\": \"400\", \"matchedSubscriptionId\": \"200\", \"sourcePresenceEventId\": \"500\", \"matchedSubscriptionSpotId\": \"300\"}, \"incidentHint\": {\"noiseClass\": \"NONE\", \"fingerprint\": \"OCCUPIED_MATCHED|GATE_PRESENCE_MATCHED|51A12345|51A99999|200|400\", \"signatureFields\": [\"OCCUPIED_MATCHED\", \"GATE_PRESENCE_MATCHED\", \"51A12345\", \"51A99999\", \"200\", \"400\"], \"reopenWindowSeconds\": 600, \"suppressionThreshold\": 1, \"dedupeCooldownSeconds\": 90}, \"__noiseControl\": {\"hitCount\": 1, \"lastSeenAt\": \"2026-03-12T08:02:00.000Z\", \"noiseClass\": \"REPEATED_MISMATCH\", \"fingerprint\": \"OCCUPIED_VIOLATION|VIP_WRONG_SPOT|51A12345|51A99999|200|400\", \"firstSeenAt\": \"2026-03-12T08:00:00.000Z\", \"lastPublishedAt\": \"2026-03-12T08:02:00.000Z\", \"suppressedCount\": 0, \"lastMeaningfulAt\": \"2026-03-12T08:00:00.000Z\"}}','{\"source\": \"RECONCILIATION\", \"projection\": {\"siteId\": \"1\", \"spotId\": \"100\", \"zoneId\": \"10\", \"staleAt\": null, \"snapshot\": {\"source\": \"test\"}, \"spotCode\": \"A-01\", \"zoneCode\": \"VIP\", \"updatedAt\": \"2026-03-12T08:00:00.000Z\", \"reasonCode\": \"GATE_PRESENCE_MATCHED\", \"projectionId\": \"1\", \"reasonDetail\": \"Xe đã matched đúng occupancy.\", \"occupancyStatus\": \"OCCUPIED_MATCHED\", \"expectedPlateCompact\": \"51A99999\", \"observedPlateCompact\": \"51A12345\", \"matchedGatePresenceId\": \"400\", \"matchedSubscriptionId\": \"200\", \"sourcePresenceEventId\": \"500\", \"matchedSubscriptionSpotId\": \"300\"}, \"incidentHint\": {\"noiseClass\": \"NONE\", \"fingerprint\": \"OCCUPIED_MATCHED|GATE_PRESENCE_MATCHED|51A12345|51A99999|200|400\", \"signatureFields\": [\"OCCUPIED_MATCHED\", \"GATE_PRESENCE_MATCHED\", \"51A12345\", \"51A99999\", \"200\", \"400\"], \"reopenWindowSeconds\": 600, \"suppressionThreshold\": 1, \"dedupeCooldownSeconds\": 90}, \"__noiseControl\": {\"hitCount\": 1, \"lastSeenAt\": \"2026-03-12T08:02:00.000Z\", \"noiseClass\": \"REPEATED_MISMATCH\", \"fingerprint\": \"OCCUPIED_VIOLATION|VIP_WRONG_SPOT|51A12345|51A99999|200|400\", \"firstSeenAt\": \"2026-03-12T08:00:00.000Z\", \"lastPublishedAt\": \"2026-03-12T08:02:00.000Z\", \"suppressedCount\": 0, \"lastMeaningfulAt\": \"2026-03-12T08:00:00.000Z\"}}','{\"role\": \"SYSTEM\", \"userId\": null, \"username\": null, \"sessionId\": null, \"actorLabel\": \"SYSTEM\", \"actorUserId\": null, \"serviceCode\": null, \"principalType\": \"SYSTEM\"}',NULL,'reconciliation:1:100','2026-03-12 08:02:00','2026-03-13 01:32:26'),(51,1,NULL,'INCIDENT_AUTO_REOPENED','gate_incidents','1','{\"source\": \"RECONCILIATION\", \"projection\": {\"siteId\": \"1\", \"spotId\": \"100\", \"zoneId\": \"10\", \"staleAt\": null, \"snapshot\": {\"source\": \"test\"}, \"spotCode\": \"A-01\", \"zoneCode\": \"VIP\", \"updatedAt\": \"2026-03-12T08:00:00.000Z\", \"reasonCode\": \"VIP_WRONG_SPOT\", \"projectionId\": \"1\", \"reasonDetail\": \"Xe VIP đang đỗ sai spot.\", \"occupancyStatus\": \"OCCUPIED_VIOLATION\", \"expectedPlateCompact\": \"51A99999\", \"observedPlateCompact\": \"51A12345\", \"matchedGatePresenceId\": \"400\", \"matchedSubscriptionId\": \"200\", \"sourcePresenceEventId\": \"500\", \"matchedSubscriptionSpotId\": \"300\"}, \"incidentHint\": {\"noiseClass\": \"REPEATED_MISMATCH\", \"fingerprint\": \"OCCUPIED_VIOLATION|VIP_WRONG_SPOT|51A12345|51A99999|200|400\", \"signatureFields\": [\"OCCUPIED_VIOLATION\", \"VIP_WRONG_SPOT\", \"51A12345\", \"51A99999\", \"200\", \"400\"], \"reopenWindowSeconds\": 600, \"suppressionThreshold\": 1, \"dedupeCooldownSeconds\": 180}, \"__noiseControl\": {\"hitCount\": 2, \"lastSeenAt\": \"2026-03-12T08:04:00.000Z\", \"noiseClass\": \"REPEATED_MISMATCH\", \"fingerprint\": \"OCCUPIED_VIOLATION|VIP_WRONG_SPOT|51A12345|51A99999|200|400\", \"firstSeenAt\": \"2026-03-12T08:00:00.000Z\", \"lastPublishedAt\": \"2026-03-12T08:04:00.000Z\", \"suppressedCount\": 0, \"lastMeaningfulAt\": \"2026-03-12T08:04:00.000Z\"}}','{\"source\": \"RECONCILIATION\", \"projection\": {\"siteId\": \"1\", \"spotId\": \"100\", \"zoneId\": \"10\", \"staleAt\": null, \"snapshot\": {\"source\": \"test\"}, \"spotCode\": \"A-01\", \"zoneCode\": \"VIP\", \"updatedAt\": \"2026-03-12T08:00:00.000Z\", \"reasonCode\": \"VIP_WRONG_SPOT\", \"projectionId\": \"1\", \"reasonDetail\": \"Xe VIP đang đỗ sai spot.\", \"occupancyStatus\": \"OCCUPIED_VIOLATION\", \"expectedPlateCompact\": \"51A99999\", \"observedPlateCompact\": \"51A12345\", \"matchedGatePresenceId\": \"400\", \"matchedSubscriptionId\": \"200\", \"sourcePresenceEventId\": \"500\", \"matchedSubscriptionSpotId\": \"300\"}, \"incidentHint\": {\"noiseClass\": \"REPEATED_MISMATCH\", \"fingerprint\": \"OCCUPIED_VIOLATION|VIP_WRONG_SPOT|51A12345|51A99999|200|400\", \"signatureFields\": [\"OCCUPIED_VIOLATION\", \"VIP_WRONG_SPOT\", \"51A12345\", \"51A99999\", \"200\", \"400\"], \"reopenWindowSeconds\": 600, \"suppressionThreshold\": 1, \"dedupeCooldownSeconds\": 180}, \"__noiseControl\": {\"hitCount\": 2, \"lastSeenAt\": \"2026-03-12T08:04:00.000Z\", \"noiseClass\": \"REPEATED_MISMATCH\", \"fingerprint\": \"OCCUPIED_VIOLATION|VIP_WRONG_SPOT|51A12345|51A99999|200|400\", \"firstSeenAt\": \"2026-03-12T08:00:00.000Z\", \"lastPublishedAt\": \"2026-03-12T08:04:00.000Z\", \"suppressedCount\": 0, \"lastMeaningfulAt\": \"2026-03-12T08:04:00.000Z\"}}','{\"role\": \"SYSTEM\", \"userId\": null, \"username\": null, \"sessionId\": null, \"actorLabel\": \"SYSTEM\", \"actorUserId\": null, \"serviceCode\": null, \"principalType\": \"SYSTEM\"}',NULL,'reconciliation:1:100','2026-03-12 08:04:00','2026-03-13 01:32:26'),(52,1,NULL,'INCIDENT_AUTO_OPENED','gate_incidents','1','{}','{\"source\": \"RECONCILIATION\", \"projection\": {\"siteId\": \"1\", \"spotId\": \"100\", \"zoneId\": \"10\", \"staleAt\": null, \"snapshot\": {\"source\": \"test\"}, \"spotCode\": \"A-01\", \"zoneCode\": \"VIP\", \"updatedAt\": \"2026-03-12T08:00:00.000Z\", \"reasonCode\": \"VIP_WRONG_SPOT\", \"projectionId\": \"1\", \"reasonDetail\": \"Xe VIP đang đỗ sai spot.\", \"occupancyStatus\": \"OCCUPIED_VIOLATION\", \"expectedPlateCompact\": \"51A99999\", \"observedPlateCompact\": \"51A12345\", \"matchedGatePresenceId\": \"400\", \"matchedSubscriptionId\": \"200\", \"sourcePresenceEventId\": \"500\", \"matchedSubscriptionSpotId\": \"300\"}, \"incidentHint\": {\"noiseClass\": \"REPEATED_MISMATCH\", \"fingerprint\": \"OCCUPIED_VIOLATION|VIP_WRONG_SPOT|51A12345|51A99999|200|400\", \"signatureFields\": [\"OCCUPIED_VIOLATION\", \"VIP_WRONG_SPOT\", \"51A12345\", \"51A99999\", \"200\", \"400\"], \"reopenWindowSeconds\": 600, \"suppressionThreshold\": 1, \"dedupeCooldownSeconds\": 180}, \"__noiseControl\": {\"hitCount\": 1, \"lastSeenAt\": \"2026-03-12T08:00:00.000Z\", \"noiseClass\": \"REPEATED_MISMATCH\", \"fingerprint\": \"OCCUPIED_VIOLATION|VIP_WRONG_SPOT|51A12345|51A99999|200|400\", \"firstSeenAt\": \"2026-03-12T08:00:00.000Z\", \"lastPublishedAt\": \"2026-03-12T08:00:00.000Z\", \"suppressedCount\": 0, \"lastMeaningfulAt\": \"2026-03-12T08:00:00.000Z\"}}','{\"role\": \"SYSTEM\", \"userId\": null, \"username\": null, \"sessionId\": null, \"actorLabel\": \"SYSTEM\", \"actorUserId\": null, \"serviceCode\": null, \"principalType\": \"SYSTEM\"}',NULL,'reconciliation:1:100','2026-03-12 08:00:00','2026-03-13 01:32:26'),(53,1,NULL,'INCIDENT_AUTO_UPDATED','gate_incidents','1','{\"source\": \"RECONCILIATION\", \"projection\": {\"siteId\": \"1\", \"spotId\": \"100\", \"zoneId\": \"10\", \"staleAt\": null, \"snapshot\": {\"source\": \"test\"}, \"spotCode\": \"A-01\", \"zoneCode\": \"VIP\", \"updatedAt\": \"2026-03-12T08:00:00.000Z\", \"reasonCode\": \"VIP_WRONG_SPOT\", \"projectionId\": \"1\", \"reasonDetail\": \"Xe VIP đang đỗ sai spot.\", \"occupancyStatus\": \"OCCUPIED_VIOLATION\", \"expectedPlateCompact\": \"51A99999\", \"observedPlateCompact\": \"51A12345\", \"matchedGatePresenceId\": \"400\", \"matchedSubscriptionId\": \"200\", \"sourcePresenceEventId\": \"500\", \"matchedSubscriptionSpotId\": \"300\"}, \"incidentHint\": {\"noiseClass\": \"REPEATED_MISMATCH\", \"fingerprint\": \"OCCUPIED_VIOLATION|VIP_WRONG_SPOT|51A12345|51A99999|200|400\", \"signatureFields\": [\"OCCUPIED_VIOLATION\", \"VIP_WRONG_SPOT\", \"51A12345\", \"51A99999\", \"200\", \"400\"], \"reopenWindowSeconds\": 600, \"suppressionThreshold\": 1, \"dedupeCooldownSeconds\": 180}, \"__noiseControl\": {\"hitCount\": 3, \"lastSeenAt\": \"2026-03-12T08:01:00.000Z\", \"noiseClass\": \"REPEATED_MISMATCH\", \"fingerprint\": \"OCCUPIED_VIOLATION|VIP_WRONG_SPOT|51A12345|51A99999|200|400\", \"firstSeenAt\": \"2026-03-12T08:00:00.000Z\", \"lastPublishedAt\": \"2026-03-12T08:01:00.000Z\", \"suppressedCount\": 1, \"lastMeaningfulAt\": \"2026-03-12T08:01:00.000Z\"}}','{\"source\": \"RECONCILIATION\", \"projection\": {\"siteId\": \"1\", \"spotId\": \"100\", \"zoneId\": \"10\", \"staleAt\": null, \"snapshot\": {\"source\": \"test\"}, \"spotCode\": \"A-01\", \"zoneCode\": \"VIP\", \"updatedAt\": \"2026-03-12T08:00:00.000Z\", \"reasonCode\": \"VIP_WRONG_SPOT\", \"projectionId\": \"1\", \"reasonDetail\": \"Xe VIP đang đỗ sai spot.\", \"occupancyStatus\": \"OCCUPIED_VIOLATION\", \"expectedPlateCompact\": \"51A99999\", \"observedPlateCompact\": \"51A12345\", \"matchedGatePresenceId\": \"400\", \"matchedSubscriptionId\": \"200\", \"sourcePresenceEventId\": \"500\", \"matchedSubscriptionSpotId\": \"300\"}, \"incidentHint\": {\"noiseClass\": \"REPEATED_MISMATCH\", \"fingerprint\": \"OCCUPIED_VIOLATION|VIP_WRONG_SPOT|51A12345|51A99999|200|400\", \"signatureFields\": [\"OCCUPIED_VIOLATION\", \"VIP_WRONG_SPOT\", \"51A12345\", \"51A99999\", \"200\", \"400\"], \"reopenWindowSeconds\": 600, \"suppressionThreshold\": 1, \"dedupeCooldownSeconds\": 180}, \"__noiseControl\": {\"hitCount\": 3, \"lastSeenAt\": \"2026-03-12T08:01:00.000Z\", \"noiseClass\": \"REPEATED_MISMATCH\", \"fingerprint\": \"OCCUPIED_VIOLATION|VIP_WRONG_SPOT|51A12345|51A99999|200|400\", \"firstSeenAt\": \"2026-03-12T08:00:00.000Z\", \"lastPublishedAt\": \"2026-03-12T08:01:00.000Z\", \"suppressedCount\": 1, \"lastMeaningfulAt\": \"2026-03-12T08:01:00.000Z\"}}','{\"role\": \"SYSTEM\", \"userId\": null, \"username\": null, \"sessionId\": null, \"actorLabel\": \"SYSTEM\", \"actorUserId\": null, \"serviceCode\": null, \"principalType\": \"SYSTEM\"}',NULL,'reconciliation:1:100','2026-03-12 08:01:00','2026-03-13 01:32:26'),(54,NULL,NULL,'AUTH_SESSION_CLEANUP','auth_user_sessions','cleanup',NULL,'{\"deletedExpired\": 0, \"deletedRevoked\": 0}','{\"role\": null, \"userId\": null, \"username\": null, \"sessionId\": null, \"actorLabel\": \"AUTH_SESSION_CLEANUP\", \"actorUserId\": null, \"serviceCode\": null, \"principalType\": \"SYSTEM\"}',NULL,NULL,'2026-03-13 11:15:55','2026-03-13 18:15:56'),(55,NULL,2,'AUTH_SESSION_LIMIT_EVICT','auth_user_sessions','cc9f9268-7e7a-4212-a8a3-c9cceb7f8835',NULL,'{\"role\": \"OPS\", \"userId\": \"2\", \"revokedAt\": \"2026-03-13T11:20:42.024Z\", \"sessionId\": \"cc9f9268-7e7a-4212-a8a3-c9cceb7f8835\", \"revokeReason\": \"SESSION_LIMIT_EXCEEDED\"}','{\"role\": \"OPS\", \"userId\": \"2\", \"username\": \"ops\", \"sessionId\": \"d7781ac1-3d6b-478e-bb09-a4f8b90a760c\", \"actorLabel\": \"OPS:2\", \"actorUserId\": \"2\", \"serviceCode\": null, \"principalType\": \"USER\"}','804b22b2-6835-479e-9efb-d89ee60d9042','804b22b2-6835-479e-9efb-d89ee60d9042','2026-03-13 11:20:42','2026-03-13 18:20:42'),(56,NULL,2,'AUTH_LOGIN','auth_user_sessions','d7781ac1-3d6b-478e-bb09-a4f8b90a760c',NULL,'{\"role\": \"OPS\", \"userId\": \"2\", \"username\": \"ops\", \"revokedAt\": null, \"sessionId\": \"d7781ac1-3d6b-478e-bb09-a4f8b90a760c\", \"revokeReason\": null, \"accessExpiresAt\": \"2026-03-13T11:35:42.024Z\", \"refreshExpiresAt\": \"2026-03-20T11:20:42.024Z\"}','{\"role\": \"OPS\", \"userId\": \"2\", \"username\": \"ops\", \"sessionId\": \"d7781ac1-3d6b-478e-bb09-a4f8b90a760c\", \"actorLabel\": \"OPS:2\", \"actorUserId\": \"2\", \"serviceCode\": null, \"principalType\": \"USER\"}','804b22b2-6835-479e-9efb-d89ee60d9042','804b22b2-6835-479e-9efb-d89ee60d9042','2026-03-13 11:20:42','2026-03-13 18:20:42'),(57,2,NULL,'INCIDENT_AUTO_OPENED','gate_incidents','6','{\"source\": \"RECONCILIATION\", \"projection\": {\"siteId\": \"2\", \"spotId\": \"1\", \"zoneId\": \"1\", \"staleAt\": null, \"snapshot\": {\"now\": \"2026-03-12T18:31:50.079Z\", \"spot\": {\"siteId\": \"2\", \"spotId\": \"1\", \"zoneId\": \"1\", \"spotCode\": \"HCM-VIP-01\", \"zoneCode\": \"VIP_A\"}, \"ageSeconds\": 0, \"activeGatePresence\": null, \"sensorStaleSeconds\": 180, \"latestPresenceEvent\": {\"traceId\": \"smoke-1773340310053\", \"cameraCode\": \"CAM_VIP_A_HCM_VIP_01\", \"capturedAt\": \"2026-03-12T18:31:50.000Z\", \"confidence\": 0.97, \"modelVersion\": \"smoke-release-v1\", \"plateCompact\": \"51B67890\", \"presenceEventId\": \"3\", \"snapshotObjectKey\": \"smoke/SITE_HCM_01/HCM-VIP-01/1773340310053.png\"}, \"reservedSpotSubscription\": {\"spotId\": \"1\", \"spotCode\": \"HCM-VIP-01\", \"subscriptionId\": \"1\", \"subscriptionSpotId\": \"1\", \"primaryPlateCompact\": \"51A12345\", \"allowedPlateCompacts\": [\"51A12345\"]}, \"observedVehicleSubscription\": null}, \"spotCode\": \"HCM-VIP-01\", \"zoneCode\": \"VIP_A\", \"updatedAt\": \"2026-03-13T01:31:50.000Z\", \"reasonCode\": \"RESERVED_SPOT_OCCUPIED_BY_OTHER\", \"projectionId\": \"1\", \"reasonDetail\": \"Spot đang được reserve/assign cho subscription khác nhưng camera thấy plate không thuộc danh sách cho phép.\", \"occupancyStatus\": \"OCCUPIED_VIOLATION\", \"expectedPlateCompact\": \"51A12345\", \"observedPlateCompact\": \"51B67890\", \"matchedGatePresenceId\": null, \"matchedSubscriptionId\": \"1\", \"sourcePresenceEventId\": \"3\", \"matchedSubscriptionSpotId\": \"1\"}, \"incidentHint\": {\"noiseClass\": \"REPEATED_MISMATCH\", \"fingerprint\": \"OCCUPIED_VIOLATION|RESERVED_SPOT_OCCUPIED_BY_OTHER|51B67890|51A12345|1|\", \"signatureFields\": [\"OCCUPIED_VIOLATION\", \"RESERVED_SPOT_OCCUPIED_BY_OTHER\", \"51B67890\", \"51A12345\", \"1\", \"\"], \"reopenWindowSeconds\": 600, \"suppressionThreshold\": 1, \"dedupeCooldownSeconds\": 180}, \"__noiseControl\": {\"hitCount\": 2, \"lastSeenAt\": \"2026-03-12T18:31:50.087Z\", \"noiseClass\": \"REPEATED_MISMATCH\", \"fingerprint\": \"OCCUPIED_VIOLATION|RESERVED_SPOT_OCCUPIED_BY_OTHER|51B67890|51A12345|1|\", \"firstSeenAt\": \"2026-03-12T18:28:30.455Z\", \"lastPublishedAt\": \"2026-03-12T18:31:50.087Z\", \"suppressedCount\": 0, \"lastMeaningfulAt\": \"2026-03-12T18:31:50.087Z\"}}','{\"source\": \"RECONCILIATION\", \"projection\": {\"siteId\": \"2\", \"spotId\": \"1\", \"zoneId\": \"1\", \"staleAt\": null, \"snapshot\": {\"now\": \"2026-03-13T11:20:42.137Z\", \"spot\": {\"siteId\": \"2\", \"spotId\": \"1\", \"zoneId\": \"1\", \"spotCode\": \"HCM-VIP-01\", \"zoneCode\": \"VIP_A\"}, \"ageSeconds\": 0, \"activeGatePresence\": null, \"sensorStaleSeconds\": 180, \"latestPresenceEvent\": {\"traceId\": \"smoke-1773400842104\", \"cameraCode\": \"CAM_VIP_A_HCM_VIP_01\", \"capturedAt\": \"2026-03-13T11:20:42.000Z\", \"confidence\": 0.97, \"modelVersion\": \"smoke-release-v1\", \"plateCompact\": \"51B67890\", \"presenceEventId\": \"4\", \"snapshotObjectKey\": \"smoke/SITE_HCM_01/HCM-VIP-01/1773400842104.png\"}, \"reservedSpotSubscription\": {\"spotId\": \"1\", \"spotCode\": \"HCM-VIP-01\", \"subscriptionId\": \"1\", \"subscriptionSpotId\": \"1\", \"primaryPlateCompact\": \"51A12345\", \"allowedPlateCompacts\": [\"51A12345\"]}, \"observedVehicleSubscription\": null}, \"spotCode\": \"HCM-VIP-01\", \"zoneCode\": \"VIP_A\", \"updatedAt\": \"2026-03-13T18:20:42.000Z\", \"reasonCode\": \"RESERVED_SPOT_OCCUPIED_BY_OTHER\", \"projectionId\": \"1\", \"reasonDetail\": \"Spot đang được reserve/assign cho subscription khác nhưng camera thấy plate không thuộc danh sách cho phép.\", \"occupancyStatus\": \"OCCUPIED_VIOLATION\", \"expectedPlateCompact\": \"51A12345\", \"observedPlateCompact\": \"51B67890\", \"matchedGatePresenceId\": null, \"matchedSubscriptionId\": \"1\", \"sourcePresenceEventId\": \"4\", \"matchedSubscriptionSpotId\": \"1\"}, \"incidentHint\": {\"noiseClass\": \"REPEATED_MISMATCH\", \"fingerprint\": \"OCCUPIED_VIOLATION|RESERVED_SPOT_OCCUPIED_BY_OTHER|51B67890|51A12345|1|\", \"signatureFields\": [\"OCCUPIED_VIOLATION\", \"RESERVED_SPOT_OCCUPIED_BY_OTHER\", \"51B67890\", \"51A12345\", \"1\", \"\"], \"reopenWindowSeconds\": 600, \"suppressionThreshold\": 1, \"dedupeCooldownSeconds\": 180}, \"__noiseControl\": {\"hitCount\": 1, \"lastSeenAt\": \"2026-03-13T11:20:42.147Z\", \"noiseClass\": \"REPEATED_MISMATCH\", \"fingerprint\": \"OCCUPIED_VIOLATION|RESERVED_SPOT_OCCUPIED_BY_OTHER|51B67890|51A12345|1|\", \"firstSeenAt\": \"2026-03-12T18:28:30.455Z\", \"lastPublishedAt\": \"2026-03-13T11:20:42.147Z\", \"suppressedCount\": 0, \"lastMeaningfulAt\": \"2026-03-13T11:20:42.147Z\"}}','{\"role\": \"SYSTEM\", \"userId\": null, \"username\": null, \"sessionId\": null, \"actorLabel\": \"SYSTEM\", \"actorUserId\": null, \"serviceCode\": null, \"principalType\": \"SYSTEM\"}','4f923972-46ba-4fe9-b162-701110248754','reconciliation:2:1','2026-03-13 11:20:42','2026-03-13 18:20:42'),(58,2,2,'INCIDENT_RESOLVED','gate_incidents','6','{\"source\": \"RECONCILIATION\", \"projection\": {\"siteId\": \"2\", \"spotId\": \"1\", \"zoneId\": \"1\", \"staleAt\": null, \"snapshot\": {\"now\": \"2026-03-13T11:20:42.137Z\", \"spot\": {\"siteId\": \"2\", \"spotId\": \"1\", \"zoneId\": \"1\", \"spotCode\": \"HCM-VIP-01\", \"zoneCode\": \"VIP_A\"}, \"ageSeconds\": 0, \"activeGatePresence\": null, \"sensorStaleSeconds\": 180, \"latestPresenceEvent\": {\"traceId\": \"smoke-1773400842104\", \"cameraCode\": \"CAM_VIP_A_HCM_VIP_01\", \"capturedAt\": \"2026-03-13T11:20:42.000Z\", \"confidence\": 0.97, \"modelVersion\": \"smoke-release-v1\", \"plateCompact\": \"51B67890\", \"presenceEventId\": \"4\", \"snapshotObjectKey\": \"smoke/SITE_HCM_01/HCM-VIP-01/1773400842104.png\"}, \"reservedSpotSubscription\": {\"spotId\": \"1\", \"spotCode\": \"HCM-VIP-01\", \"subscriptionId\": \"1\", \"subscriptionSpotId\": \"1\", \"primaryPlateCompact\": \"51A12345\", \"allowedPlateCompacts\": [\"51A12345\"]}, \"observedVehicleSubscription\": null}, \"spotCode\": \"HCM-VIP-01\", \"zoneCode\": \"VIP_A\", \"updatedAt\": \"2026-03-13T18:20:42.000Z\", \"reasonCode\": \"RESERVED_SPOT_OCCUPIED_BY_OTHER\", \"projectionId\": \"1\", \"reasonDetail\": \"Spot đang được reserve/assign cho subscription khác nhưng camera thấy plate không thuộc danh sách cho phép.\", \"occupancyStatus\": \"OCCUPIED_VIOLATION\", \"expectedPlateCompact\": \"51A12345\", \"observedPlateCompact\": \"51B67890\", \"matchedGatePresenceId\": null, \"matchedSubscriptionId\": \"1\", \"sourcePresenceEventId\": \"4\", \"matchedSubscriptionSpotId\": \"1\"}, \"incidentHint\": {\"noiseClass\": \"REPEATED_MISMATCH\", \"fingerprint\": \"OCCUPIED_VIOLATION|RESERVED_SPOT_OCCUPIED_BY_OTHER|51B67890|51A12345|1|\", \"signatureFields\": [\"OCCUPIED_VIOLATION\", \"RESERVED_SPOT_OCCUPIED_BY_OTHER\", \"51B67890\", \"51A12345\", \"1\", \"\"], \"reopenWindowSeconds\": 600, \"suppressionThreshold\": 1, \"dedupeCooldownSeconds\": 180}, \"__noiseControl\": {\"hitCount\": 1, \"lastSeenAt\": \"2026-03-13T11:20:42.147Z\", \"noiseClass\": \"REPEATED_MISMATCH\", \"fingerprint\": \"OCCUPIED_VIOLATION|RESERVED_SPOT_OCCUPIED_BY_OTHER|51B67890|51A12345|1|\", \"firstSeenAt\": \"2026-03-12T18:28:30.455Z\", \"lastPublishedAt\": \"2026-03-13T11:20:42.147Z\", \"suppressedCount\": 0, \"lastMeaningfulAt\": \"2026-03-13T11:20:42.147Z\"}}','{\"source\": \"RECONCILIATION\", \"projection\": {\"siteId\": \"2\", \"spotId\": \"1\", \"zoneId\": \"1\", \"staleAt\": null, \"snapshot\": {\"now\": \"2026-03-13T11:20:42.137Z\", \"spot\": {\"siteId\": \"2\", \"spotId\": \"1\", \"zoneId\": \"1\", \"spotCode\": \"HCM-VIP-01\", \"zoneCode\": \"VIP_A\"}, \"ageSeconds\": 0, \"activeGatePresence\": null, \"sensorStaleSeconds\": 180, \"latestPresenceEvent\": {\"traceId\": \"smoke-1773400842104\", \"cameraCode\": \"CAM_VIP_A_HCM_VIP_01\", \"capturedAt\": \"2026-03-13T11:20:42.000Z\", \"confidence\": 0.97, \"modelVersion\": \"smoke-release-v1\", \"plateCompact\": \"51B67890\", \"presenceEventId\": \"4\", \"snapshotObjectKey\": \"smoke/SITE_HCM_01/HCM-VIP-01/1773400842104.png\"}, \"reservedSpotSubscription\": {\"spotId\": \"1\", \"spotCode\": \"HCM-VIP-01\", \"subscriptionId\": \"1\", \"subscriptionSpotId\": \"1\", \"primaryPlateCompact\": \"51A12345\", \"allowedPlateCompacts\": [\"51A12345\"]}, \"observedVehicleSubscription\": null}, \"spotCode\": \"HCM-VIP-01\", \"zoneCode\": \"VIP_A\", \"updatedAt\": \"2026-03-13T18:20:42.000Z\", \"reasonCode\": \"RESERVED_SPOT_OCCUPIED_BY_OTHER\", \"projectionId\": \"1\", \"reasonDetail\": \"Spot đang được reserve/assign cho subscription khác nhưng camera thấy plate không thuộc danh sách cho phép.\", \"occupancyStatus\": \"OCCUPIED_VIOLATION\", \"expectedPlateCompact\": \"51A12345\", \"observedPlateCompact\": \"51B67890\", \"matchedGatePresenceId\": null, \"matchedSubscriptionId\": \"1\", \"sourcePresenceEventId\": \"4\", \"matchedSubscriptionSpotId\": \"1\"}, \"incidentHint\": {\"noiseClass\": \"REPEATED_MISMATCH\", \"fingerprint\": \"OCCUPIED_VIOLATION|RESERVED_SPOT_OCCUPIED_BY_OTHER|51B67890|51A12345|1|\", \"signatureFields\": [\"OCCUPIED_VIOLATION\", \"RESERVED_SPOT_OCCUPIED_BY_OTHER\", \"51B67890\", \"51A12345\", \"1\", \"\"], \"reopenWindowSeconds\": 600, \"suppressionThreshold\": 1, \"dedupeCooldownSeconds\": 180}, \"__noiseControl\": {\"hitCount\": 1, \"lastSeenAt\": \"2026-03-13T11:20:42.147Z\", \"noiseClass\": \"REPEATED_MISMATCH\", \"fingerprint\": \"OCCUPIED_VIOLATION|RESERVED_SPOT_OCCUPIED_BY_OTHER|51B67890|51A12345|1|\", \"firstSeenAt\": \"2026-03-12T18:28:30.455Z\", \"lastPublishedAt\": \"2026-03-13T11:20:42.147Z\", \"suppressedCount\": 0, \"lastMeaningfulAt\": \"2026-03-13T11:20:42.147Z\"}}','{\"role\": \"OPS\", \"userId\": \"2\", \"username\": null, \"sessionId\": null, \"actorLabel\": \"OPS:2\", \"actorUserId\": \"2\", \"serviceCode\": null, \"principalType\": \"USER\"}','735f16b3-a2cd-4472-b841-4bc009a3c449','reconciliation:2:1','2026-03-13 11:20:42','2026-03-13 18:20:42'),(59,NULL,2,'AUTH_SESSION_LIMIT_EVICT','auth_user_sessions','d010a870-acd4-4e15-835f-35b28bcd606b',NULL,'{\"role\": \"OPS\", \"userId\": \"2\", \"revokedAt\": \"2026-03-13T13:33:53.776Z\", \"sessionId\": \"d010a870-acd4-4e15-835f-35b28bcd606b\", \"revokeReason\": \"SESSION_LIMIT_EXCEEDED\"}','{\"role\": \"OPS\", \"userId\": \"2\", \"username\": \"ops\", \"sessionId\": \"d17e4f7e-424f-4558-8527-1163b5ad7d44\", \"actorLabel\": \"OPS:2\", \"actorUserId\": \"2\", \"serviceCode\": null, \"principalType\": \"USER\"}','79fda7d1-26ba-4748-9917-48040e441e38','smoke:1773408833586:auth.login','2026-03-13 13:33:53','2026-03-13 20:33:53'),(60,NULL,2,'AUTH_LOGIN','auth_user_sessions','d17e4f7e-424f-4558-8527-1163b5ad7d44',NULL,'{\"role\": \"OPS\", \"userId\": \"2\", \"username\": \"ops\", \"revokedAt\": null, \"sessionId\": \"d17e4f7e-424f-4558-8527-1163b5ad7d44\", \"revokeReason\": null, \"accessExpiresAt\": \"2026-03-13T13:48:53.776Z\", \"refreshExpiresAt\": \"2026-03-20T13:33:53.776Z\"}','{\"role\": \"OPS\", \"userId\": \"2\", \"username\": \"ops\", \"sessionId\": \"d17e4f7e-424f-4558-8527-1163b5ad7d44\", \"actorLabel\": \"OPS:2\", \"actorUserId\": \"2\", \"serviceCode\": null, \"principalType\": \"USER\"}','79fda7d1-26ba-4748-9917-48040e441e38','smoke:1773408833586:auth.login','2026-03-13 13:33:53','2026-03-13 20:33:53'),(61,2,NULL,'INCIDENT_AUTO_OPENED','gate_incidents','7','{\"source\": \"RECONCILIATION\", \"projection\": {\"siteId\": \"2\", \"spotId\": \"1\", \"zoneId\": \"1\", \"staleAt\": null, \"snapshot\": {\"now\": \"2026-03-13T11:20:42.137Z\", \"spot\": {\"siteId\": \"2\", \"spotId\": \"1\", \"zoneId\": \"1\", \"spotCode\": \"HCM-VIP-01\", \"zoneCode\": \"VIP_A\"}, \"ageSeconds\": 0, \"activeGatePresence\": null, \"sensorStaleSeconds\": 180, \"latestPresenceEvent\": {\"traceId\": \"smoke-1773400842104\", \"cameraCode\": \"CAM_VIP_A_HCM_VIP_01\", \"capturedAt\": \"2026-03-13T11:20:42.000Z\", \"confidence\": 0.97, \"modelVersion\": \"smoke-release-v1\", \"plateCompact\": \"51B67890\", \"presenceEventId\": \"4\", \"snapshotObjectKey\": \"smoke/SITE_HCM_01/HCM-VIP-01/1773400842104.png\"}, \"reservedSpotSubscription\": {\"spotId\": \"1\", \"spotCode\": \"HCM-VIP-01\", \"subscriptionId\": \"1\", \"subscriptionSpotId\": \"1\", \"primaryPlateCompact\": \"51A12345\", \"allowedPlateCompacts\": [\"51A12345\"]}, \"observedVehicleSubscription\": null}, \"spotCode\": \"HCM-VIP-01\", \"zoneCode\": \"VIP_A\", \"updatedAt\": \"2026-03-13T18:20:42.000Z\", \"reasonCode\": \"RESERVED_SPOT_OCCUPIED_BY_OTHER\", \"projectionId\": \"1\", \"reasonDetail\": \"Spot đang được reserve/assign cho subscription khác nhưng camera thấy plate không thuộc danh sách cho phép.\", \"occupancyStatus\": \"OCCUPIED_VIOLATION\", \"expectedPlateCompact\": \"51A12345\", \"observedPlateCompact\": \"51B67890\", \"matchedGatePresenceId\": null, \"matchedSubscriptionId\": \"1\", \"sourcePresenceEventId\": \"4\", \"matchedSubscriptionSpotId\": \"1\"}, \"incidentHint\": {\"noiseClass\": \"REPEATED_MISMATCH\", \"fingerprint\": \"OCCUPIED_VIOLATION|RESERVED_SPOT_OCCUPIED_BY_OTHER|51B67890|51A12345|1|\", \"signatureFields\": [\"OCCUPIED_VIOLATION\", \"RESERVED_SPOT_OCCUPIED_BY_OTHER\", \"51B67890\", \"51A12345\", \"1\", \"\"], \"reopenWindowSeconds\": 600, \"suppressionThreshold\": 1, \"dedupeCooldownSeconds\": 180}, \"__noiseControl\": {\"hitCount\": 1, \"lastSeenAt\": \"2026-03-13T11:20:42.147Z\", \"noiseClass\": \"REPEATED_MISMATCH\", \"fingerprint\": \"OCCUPIED_VIOLATION|RESERVED_SPOT_OCCUPIED_BY_OTHER|51B67890|51A12345|1|\", \"firstSeenAt\": \"2026-03-12T18:28:30.455Z\", \"lastPublishedAt\": \"2026-03-13T11:20:42.147Z\", \"suppressedCount\": 0, \"lastMeaningfulAt\": \"2026-03-13T11:20:42.147Z\"}}','{\"source\": \"RECONCILIATION\", \"projection\": {\"siteId\": \"2\", \"spotId\": \"1\", \"zoneId\": \"1\", \"staleAt\": null, \"snapshot\": {\"now\": \"2026-03-13T13:33:53.861Z\", \"spot\": {\"siteId\": \"2\", \"spotId\": \"1\", \"zoneId\": \"1\", \"spotCode\": \"HCM-VIP-01\", \"zoneCode\": \"VIP_A\"}, \"ageSeconds\": 0, \"activeGatePresence\": null, \"sensorStaleSeconds\": 180, \"latestPresenceEvent\": {\"traceId\": \"smoke-1773408833834\", \"cameraCode\": \"CAM_VIP_A_HCM_VIP_01\", \"capturedAt\": \"2026-03-13T13:33:54.000Z\", \"confidence\": 0.97, \"modelVersion\": \"smoke-release-v1\", \"plateCompact\": \"51B67890\", \"presenceEventId\": \"5\", \"snapshotObjectKey\": \"smoke/SITE_HCM_01/HCM-VIP-01/1773408833834.png\"}, \"reservedSpotSubscription\": {\"spotId\": \"1\", \"spotCode\": \"HCM-VIP-01\", \"subscriptionId\": \"1\", \"subscriptionSpotId\": \"1\", \"primaryPlateCompact\": \"51A12345\", \"allowedPlateCompacts\": [\"51A12345\"]}, \"observedVehicleSubscription\": null}, \"spotCode\": \"HCM-VIP-01\", \"zoneCode\": \"VIP_A\", \"updatedAt\": \"2026-03-13T20:33:53.000Z\", \"reasonCode\": \"RESERVED_SPOT_OCCUPIED_BY_OTHER\", \"projectionId\": \"1\", \"reasonDetail\": \"Spot đang được reserve/assign cho subscription khác nhưng camera thấy plate không thuộc danh sách cho phép.\", \"occupancyStatus\": \"OCCUPIED_VIOLATION\", \"expectedPlateCompact\": \"51A12345\", \"observedPlateCompact\": \"51B67890\", \"matchedGatePresenceId\": null, \"matchedSubscriptionId\": \"1\", \"sourcePresenceEventId\": \"5\", \"matchedSubscriptionSpotId\": \"1\"}, \"incidentHint\": {\"noiseClass\": \"REPEATED_MISMATCH\", \"fingerprint\": \"OCCUPIED_VIOLATION|RESERVED_SPOT_OCCUPIED_BY_OTHER|51B67890|51A12345|1|\", \"signatureFields\": [\"OCCUPIED_VIOLATION\", \"RESERVED_SPOT_OCCUPIED_BY_OTHER\", \"51B67890\", \"51A12345\", \"1\", \"\"], \"reopenWindowSeconds\": 600, \"suppressionThreshold\": 1, \"dedupeCooldownSeconds\": 180}, \"__noiseControl\": {\"hitCount\": 1, \"lastSeenAt\": \"2026-03-13T13:33:53.867Z\", \"noiseClass\": \"REPEATED_MISMATCH\", \"fingerprint\": \"OCCUPIED_VIOLATION|RESERVED_SPOT_OCCUPIED_BY_OTHER|51B67890|51A12345|1|\", \"firstSeenAt\": \"2026-03-12T18:28:30.455Z\", \"lastPublishedAt\": \"2026-03-13T13:33:53.867Z\", \"suppressedCount\": 0, \"lastMeaningfulAt\": \"2026-03-13T13:33:53.867Z\"}}','{\"role\": \"SYSTEM\", \"userId\": null, \"username\": null, \"sessionId\": null, \"actorLabel\": \"SYSTEM\", \"actorUserId\": null, \"serviceCode\": null, \"principalType\": \"SYSTEM\"}','94c2ac99-ef73-4119-9c39-5425fb699b11','reconciliation:2:1','2026-03-13 13:33:53','2026-03-13 20:33:53'),(62,2,2,'INCIDENT_RESOLVED','gate_incidents','7','{\"source\": \"RECONCILIATION\", \"projection\": {\"siteId\": \"2\", \"spotId\": \"1\", \"zoneId\": \"1\", \"staleAt\": null, \"snapshot\": {\"now\": \"2026-03-13T13:33:53.861Z\", \"spot\": {\"siteId\": \"2\", \"spotId\": \"1\", \"zoneId\": \"1\", \"spotCode\": \"HCM-VIP-01\", \"zoneCode\": \"VIP_A\"}, \"ageSeconds\": 0, \"activeGatePresence\": null, \"sensorStaleSeconds\": 180, \"latestPresenceEvent\": {\"traceId\": \"smoke-1773408833834\", \"cameraCode\": \"CAM_VIP_A_HCM_VIP_01\", \"capturedAt\": \"2026-03-13T13:33:54.000Z\", \"confidence\": 0.97, \"modelVersion\": \"smoke-release-v1\", \"plateCompact\": \"51B67890\", \"presenceEventId\": \"5\", \"snapshotObjectKey\": \"smoke/SITE_HCM_01/HCM-VIP-01/1773408833834.png\"}, \"reservedSpotSubscription\": {\"spotId\": \"1\", \"spotCode\": \"HCM-VIP-01\", \"subscriptionId\": \"1\", \"subscriptionSpotId\": \"1\", \"primaryPlateCompact\": \"51A12345\", \"allowedPlateCompacts\": [\"51A12345\"]}, \"observedVehicleSubscription\": null}, \"spotCode\": \"HCM-VIP-01\", \"zoneCode\": \"VIP_A\", \"updatedAt\": \"2026-03-13T20:33:53.000Z\", \"reasonCode\": \"RESERVED_SPOT_OCCUPIED_BY_OTHER\", \"projectionId\": \"1\", \"reasonDetail\": \"Spot đang được reserve/assign cho subscription khác nhưng camera thấy plate không thuộc danh sách cho phép.\", \"occupancyStatus\": \"OCCUPIED_VIOLATION\", \"expectedPlateCompact\": \"51A12345\", \"observedPlateCompact\": \"51B67890\", \"matchedGatePresenceId\": null, \"matchedSubscriptionId\": \"1\", \"sourcePresenceEventId\": \"5\", \"matchedSubscriptionSpotId\": \"1\"}, \"incidentHint\": {\"noiseClass\": \"REPEATED_MISMATCH\", \"fingerprint\": \"OCCUPIED_VIOLATION|RESERVED_SPOT_OCCUPIED_BY_OTHER|51B67890|51A12345|1|\", \"signatureFields\": [\"OCCUPIED_VIOLATION\", \"RESERVED_SPOT_OCCUPIED_BY_OTHER\", \"51B67890\", \"51A12345\", \"1\", \"\"], \"reopenWindowSeconds\": 600, \"suppressionThreshold\": 1, \"dedupeCooldownSeconds\": 180}, \"__noiseControl\": {\"hitCount\": 1, \"lastSeenAt\": \"2026-03-13T13:33:53.867Z\", \"noiseClass\": \"REPEATED_MISMATCH\", \"fingerprint\": \"OCCUPIED_VIOLATION|RESERVED_SPOT_OCCUPIED_BY_OTHER|51B67890|51A12345|1|\", \"firstSeenAt\": \"2026-03-12T18:28:30.455Z\", \"lastPublishedAt\": \"2026-03-13T13:33:53.867Z\", \"suppressedCount\": 0, \"lastMeaningfulAt\": \"2026-03-13T13:33:53.867Z\"}}','{\"source\": \"RECONCILIATION\", \"projection\": {\"siteId\": \"2\", \"spotId\": \"1\", \"zoneId\": \"1\", \"staleAt\": null, \"snapshot\": {\"now\": \"2026-03-13T13:33:53.861Z\", \"spot\": {\"siteId\": \"2\", \"spotId\": \"1\", \"zoneId\": \"1\", \"spotCode\": \"HCM-VIP-01\", \"zoneCode\": \"VIP_A\"}, \"ageSeconds\": 0, \"activeGatePresence\": null, \"sensorStaleSeconds\": 180, \"latestPresenceEvent\": {\"traceId\": \"smoke-1773408833834\", \"cameraCode\": \"CAM_VIP_A_HCM_VIP_01\", \"capturedAt\": \"2026-03-13T13:33:54.000Z\", \"confidence\": 0.97, \"modelVersion\": \"smoke-release-v1\", \"plateCompact\": \"51B67890\", \"presenceEventId\": \"5\", \"snapshotObjectKey\": \"smoke/SITE_HCM_01/HCM-VIP-01/1773408833834.png\"}, \"reservedSpotSubscription\": {\"spotId\": \"1\", \"spotCode\": \"HCM-VIP-01\", \"subscriptionId\": \"1\", \"subscriptionSpotId\": \"1\", \"primaryPlateCompact\": \"51A12345\", \"allowedPlateCompacts\": [\"51A12345\"]}, \"observedVehicleSubscription\": null}, \"spotCode\": \"HCM-VIP-01\", \"zoneCode\": \"VIP_A\", \"updatedAt\": \"2026-03-13T20:33:53.000Z\", \"reasonCode\": \"RESERVED_SPOT_OCCUPIED_BY_OTHER\", \"projectionId\": \"1\", \"reasonDetail\": \"Spot đang được reserve/assign cho subscription khác nhưng camera thấy plate không thuộc danh sách cho phép.\", \"occupancyStatus\": \"OCCUPIED_VIOLATION\", \"expectedPlateCompact\": \"51A12345\", \"observedPlateCompact\": \"51B67890\", \"matchedGatePresenceId\": null, \"matchedSubscriptionId\": \"1\", \"sourcePresenceEventId\": \"5\", \"matchedSubscriptionSpotId\": \"1\"}, \"incidentHint\": {\"noiseClass\": \"REPEATED_MISMATCH\", \"fingerprint\": \"OCCUPIED_VIOLATION|RESERVED_SPOT_OCCUPIED_BY_OTHER|51B67890|51A12345|1|\", \"signatureFields\": [\"OCCUPIED_VIOLATION\", \"RESERVED_SPOT_OCCUPIED_BY_OTHER\", \"51B67890\", \"51A12345\", \"1\", \"\"], \"reopenWindowSeconds\": 600, \"suppressionThreshold\": 1, \"dedupeCooldownSeconds\": 180}, \"__noiseControl\": {\"hitCount\": 1, \"lastSeenAt\": \"2026-03-13T13:33:53.867Z\", \"noiseClass\": \"REPEATED_MISMATCH\", \"fingerprint\": \"OCCUPIED_VIOLATION|RESERVED_SPOT_OCCUPIED_BY_OTHER|51B67890|51A12345|1|\", \"firstSeenAt\": \"2026-03-12T18:28:30.455Z\", \"lastPublishedAt\": \"2026-03-13T13:33:53.867Z\", \"suppressedCount\": 0, \"lastMeaningfulAt\": \"2026-03-13T13:33:53.867Z\"}}','{\"role\": \"OPS\", \"userId\": \"2\", \"username\": null, \"sessionId\": null, \"actorLabel\": \"OPS:2\", \"actorUserId\": \"2\", \"serviceCode\": null, \"principalType\": \"USER\"}','57e01ae1-64b7-400e-9479-c7d816c852de','reconciliation:2:1','2026-03-13 13:33:53','2026-03-13 20:33:53'),(63,NULL,2,'AUTH_SESSION_LIMIT_EVICT','auth_user_sessions','63751a3f-11cd-484e-8da7-2add0e0ec7fc',NULL,'{\"role\": \"OPS\", \"userId\": \"2\", \"revokedAt\": \"2026-03-13T16:54:21.640Z\", \"sessionId\": \"63751a3f-11cd-484e-8da7-2add0e0ec7fc\", \"revokeReason\": \"SESSION_LIMIT_EXCEEDED\"}','{\"role\": \"OPS\", \"userId\": \"2\", \"username\": \"ops\", \"sessionId\": \"9304abfd-ebda-4dba-ba87-4b813678cf81\", \"actorLabel\": \"OPS:2\", \"actorUserId\": \"2\", \"serviceCode\": null, \"principalType\": \"USER\"}','40c16f7c-6dad-4969-a88f-7eb526c181f1',':auth.login','2026-03-13 16:54:21','2026-03-13 23:54:21'),(64,NULL,2,'AUTH_LOGIN','auth_user_sessions','9304abfd-ebda-4dba-ba87-4b813678cf81',NULL,'{\"role\": \"OPS\", \"userId\": \"2\", \"username\": \"ops\", \"revokedAt\": null, \"sessionId\": \"9304abfd-ebda-4dba-ba87-4b813678cf81\", \"revokeReason\": null, \"accessExpiresAt\": \"2026-03-13T17:09:21.640Z\", \"refreshExpiresAt\": \"2026-03-20T16:54:21.640Z\"}','{\"role\": \"OPS\", \"userId\": \"2\", \"username\": \"ops\", \"sessionId\": \"9304abfd-ebda-4dba-ba87-4b813678cf81\", \"actorLabel\": \"OPS:2\", \"actorUserId\": \"2\", \"serviceCode\": null, \"principalType\": \"USER\"}','40c16f7c-6dad-4969-a88f-7eb526c181f1',':auth.login','2026-03-13 16:54:21','2026-03-13 23:54:21'),(65,2,NULL,'INCIDENT_AUTO_OPENED','gate_incidents','8','{\"source\": \"RECONCILIATION\", \"projection\": {\"siteId\": \"2\", \"spotId\": \"1\", \"zoneId\": \"1\", \"staleAt\": null, \"snapshot\": {\"now\": \"2026-03-13T13:33:53.861Z\", \"spot\": {\"siteId\": \"2\", \"spotId\": \"1\", \"zoneId\": \"1\", \"spotCode\": \"HCM-VIP-01\", \"zoneCode\": \"VIP_A\"}, \"ageSeconds\": 0, \"activeGatePresence\": null, \"sensorStaleSeconds\": 180, \"latestPresenceEvent\": {\"traceId\": \"smoke-1773408833834\", \"cameraCode\": \"CAM_VIP_A_HCM_VIP_01\", \"capturedAt\": \"2026-03-13T13:33:54.000Z\", \"confidence\": 0.97, \"modelVersion\": \"smoke-release-v1\", \"plateCompact\": \"51B67890\", \"presenceEventId\": \"5\", \"snapshotObjectKey\": \"smoke/SITE_HCM_01/HCM-VIP-01/1773408833834.png\"}, \"reservedSpotSubscription\": {\"spotId\": \"1\", \"spotCode\": \"HCM-VIP-01\", \"subscriptionId\": \"1\", \"subscriptionSpotId\": \"1\", \"primaryPlateCompact\": \"51A12345\", \"allowedPlateCompacts\": [\"51A12345\"]}, \"observedVehicleSubscription\": null}, \"spotCode\": \"HCM-VIP-01\", \"zoneCode\": \"VIP_A\", \"updatedAt\": \"2026-03-13T20:33:53.000Z\", \"reasonCode\": \"RESERVED_SPOT_OCCUPIED_BY_OTHER\", \"projectionId\": \"1\", \"reasonDetail\": \"Spot đang được reserve/assign cho subscription khác nhưng camera thấy plate không thuộc danh sách cho phép.\", \"occupancyStatus\": \"OCCUPIED_VIOLATION\", \"expectedPlateCompact\": \"51A12345\", \"observedPlateCompact\": \"51B67890\", \"matchedGatePresenceId\": null, \"matchedSubscriptionId\": \"1\", \"sourcePresenceEventId\": \"5\", \"matchedSubscriptionSpotId\": \"1\"}, \"incidentHint\": {\"noiseClass\": \"REPEATED_MISMATCH\", \"fingerprint\": \"OCCUPIED_VIOLATION|RESERVED_SPOT_OCCUPIED_BY_OTHER|51B67890|51A12345|1|\", \"signatureFields\": [\"OCCUPIED_VIOLATION\", \"RESERVED_SPOT_OCCUPIED_BY_OTHER\", \"51B67890\", \"51A12345\", \"1\", \"\"], \"reopenWindowSeconds\": 600, \"suppressionThreshold\": 1, \"dedupeCooldownSeconds\": 180}, \"__noiseControl\": {\"hitCount\": 1, \"lastSeenAt\": \"2026-03-13T13:33:53.867Z\", \"noiseClass\": \"REPEATED_MISMATCH\", \"fingerprint\": \"OCCUPIED_VIOLATION|RESERVED_SPOT_OCCUPIED_BY_OTHER|51B67890|51A12345|1|\", \"firstSeenAt\": \"2026-03-12T18:28:30.455Z\", \"lastPublishedAt\": \"2026-03-13T13:33:53.867Z\", \"suppressedCount\": 0, \"lastMeaningfulAt\": \"2026-03-13T13:33:53.867Z\"}}','{\"source\": \"RECONCILIATION\", \"projection\": {\"siteId\": \"2\", \"spotId\": \"1\", \"zoneId\": \"1\", \"staleAt\": null, \"snapshot\": {\"now\": \"2026-03-13T16:54:21.725Z\", \"spot\": {\"siteId\": \"2\", \"spotId\": \"1\", \"zoneId\": \"1\", \"spotCode\": \"HCM-VIP-01\", \"zoneCode\": \"VIP_A\"}, \"ageSeconds\": 0, \"activeGatePresence\": null, \"sensorStaleSeconds\": 180, \"latestPresenceEvent\": {\"traceId\": \"smoke-1773420861698\", \"cameraCode\": \"CAM_VIP_A_HCM_VIP_01\", \"capturedAt\": \"2026-03-13T16:54:22.000Z\", \"confidence\": 0.97, \"modelVersion\": \"smoke-release-v1\", \"plateCompact\": \"51B67890\", \"presenceEventId\": \"6\", \"snapshotObjectKey\": \"smoke/SITE_HCM_01/HCM-VIP-01/1773420861698.png\"}, \"reservedSpotSubscription\": {\"spotId\": \"1\", \"spotCode\": \"HCM-VIP-01\", \"subscriptionId\": \"1\", \"subscriptionSpotId\": \"1\", \"primaryPlateCompact\": \"51A12345\", \"allowedPlateCompacts\": [\"51A12345\"]}, \"observedVehicleSubscription\": null}, \"spotCode\": \"HCM-VIP-01\", \"zoneCode\": \"VIP_A\", \"updatedAt\": \"2026-03-13T23:54:21.000Z\", \"reasonCode\": \"RESERVED_SPOT_OCCUPIED_BY_OTHER\", \"projectionId\": \"1\", \"reasonDetail\": \"Spot đang được reserve/assign cho subscription khác nhưng camera thấy plate không thuộc danh sách cho phép.\", \"occupancyStatus\": \"OCCUPIED_VIOLATION\", \"expectedPlateCompact\": \"51A12345\", \"observedPlateCompact\": \"51B67890\", \"matchedGatePresenceId\": null, \"matchedSubscriptionId\": \"1\", \"sourcePresenceEventId\": \"6\", \"matchedSubscriptionSpotId\": \"1\"}, \"incidentHint\": {\"noiseClass\": \"REPEATED_MISMATCH\", \"fingerprint\": \"OCCUPIED_VIOLATION|RESERVED_SPOT_OCCUPIED_BY_OTHER|51B67890|51A12345|1|\", \"signatureFields\": [\"OCCUPIED_VIOLATION\", \"RESERVED_SPOT_OCCUPIED_BY_OTHER\", \"51B67890\", \"51A12345\", \"1\", \"\"], \"reopenWindowSeconds\": 600, \"suppressionThreshold\": 1, \"dedupeCooldownSeconds\": 180}, \"__noiseControl\": {\"hitCount\": 1, \"lastSeenAt\": \"2026-03-13T16:54:21.731Z\", \"noiseClass\": \"REPEATED_MISMATCH\", \"fingerprint\": \"OCCUPIED_VIOLATION|RESERVED_SPOT_OCCUPIED_BY_OTHER|51B67890|51A12345|1|\", \"firstSeenAt\": \"2026-03-12T18:28:30.455Z\", \"lastPublishedAt\": \"2026-03-13T16:54:21.731Z\", \"suppressedCount\": 0, \"lastMeaningfulAt\": \"2026-03-13T16:54:21.731Z\"}}','{\"role\": \"SYSTEM\", \"userId\": null, \"username\": null, \"sessionId\": null, \"actorLabel\": \"SYSTEM\", \"actorUserId\": null, \"serviceCode\": null, \"principalType\": \"SYSTEM\"}','bc152cef-c91f-4beb-b359-caf8607b92df','reconciliation:2:1','2026-03-13 16:54:21','2026-03-13 23:54:21'),(66,2,2,'INCIDENT_RESOLVED','gate_incidents','8','{\"source\": \"RECONCILIATION\", \"projection\": {\"siteId\": \"2\", \"spotId\": \"1\", \"zoneId\": \"1\", \"staleAt\": null, \"snapshot\": {\"now\": \"2026-03-13T16:54:21.725Z\", \"spot\": {\"siteId\": \"2\", \"spotId\": \"1\", \"zoneId\": \"1\", \"spotCode\": \"HCM-VIP-01\", \"zoneCode\": \"VIP_A\"}, \"ageSeconds\": 0, \"activeGatePresence\": null, \"sensorStaleSeconds\": 180, \"latestPresenceEvent\": {\"traceId\": \"smoke-1773420861698\", \"cameraCode\": \"CAM_VIP_A_HCM_VIP_01\", \"capturedAt\": \"2026-03-13T16:54:22.000Z\", \"confidence\": 0.97, \"modelVersion\": \"smoke-release-v1\", \"plateCompact\": \"51B67890\", \"presenceEventId\": \"6\", \"snapshotObjectKey\": \"smoke/SITE_HCM_01/HCM-VIP-01/1773420861698.png\"}, \"reservedSpotSubscription\": {\"spotId\": \"1\", \"spotCode\": \"HCM-VIP-01\", \"subscriptionId\": \"1\", \"subscriptionSpotId\": \"1\", \"primaryPlateCompact\": \"51A12345\", \"allowedPlateCompacts\": [\"51A12345\"]}, \"observedVehicleSubscription\": null}, \"spotCode\": \"HCM-VIP-01\", \"zoneCode\": \"VIP_A\", \"updatedAt\": \"2026-03-13T23:54:21.000Z\", \"reasonCode\": \"RESERVED_SPOT_OCCUPIED_BY_OTHER\", \"projectionId\": \"1\", \"reasonDetail\": \"Spot đang được reserve/assign cho subscription khác nhưng camera thấy plate không thuộc danh sách cho phép.\", \"occupancyStatus\": \"OCCUPIED_VIOLATION\", \"expectedPlateCompact\": \"51A12345\", \"observedPlateCompact\": \"51B67890\", \"matchedGatePresenceId\": null, \"matchedSubscriptionId\": \"1\", \"sourcePresenceEventId\": \"6\", \"matchedSubscriptionSpotId\": \"1\"}, \"incidentHint\": {\"noiseClass\": \"REPEATED_MISMATCH\", \"fingerprint\": \"OCCUPIED_VIOLATION|RESERVED_SPOT_OCCUPIED_BY_OTHER|51B67890|51A12345|1|\", \"signatureFields\": [\"OCCUPIED_VIOLATION\", \"RESERVED_SPOT_OCCUPIED_BY_OTHER\", \"51B67890\", \"51A12345\", \"1\", \"\"], \"reopenWindowSeconds\": 600, \"suppressionThreshold\": 1, \"dedupeCooldownSeconds\": 180}, \"__noiseControl\": {\"hitCount\": 1, \"lastSeenAt\": \"2026-03-13T16:54:21.731Z\", \"noiseClass\": \"REPEATED_MISMATCH\", \"fingerprint\": \"OCCUPIED_VIOLATION|RESERVED_SPOT_OCCUPIED_BY_OTHER|51B67890|51A12345|1|\", \"firstSeenAt\": \"2026-03-12T18:28:30.455Z\", \"lastPublishedAt\": \"2026-03-13T16:54:21.731Z\", \"suppressedCount\": 0, \"lastMeaningfulAt\": \"2026-03-13T16:54:21.731Z\"}}','{\"source\": \"RECONCILIATION\", \"projection\": {\"siteId\": \"2\", \"spotId\": \"1\", \"zoneId\": \"1\", \"staleAt\": null, \"snapshot\": {\"now\": \"2026-03-13T16:54:21.725Z\", \"spot\": {\"siteId\": \"2\", \"spotId\": \"1\", \"zoneId\": \"1\", \"spotCode\": \"HCM-VIP-01\", \"zoneCode\": \"VIP_A\"}, \"ageSeconds\": 0, \"activeGatePresence\": null, \"sensorStaleSeconds\": 180, \"latestPresenceEvent\": {\"traceId\": \"smoke-1773420861698\", \"cameraCode\": \"CAM_VIP_A_HCM_VIP_01\", \"capturedAt\": \"2026-03-13T16:54:22.000Z\", \"confidence\": 0.97, \"modelVersion\": \"smoke-release-v1\", \"plateCompact\": \"51B67890\", \"presenceEventId\": \"6\", \"snapshotObjectKey\": \"smoke/SITE_HCM_01/HCM-VIP-01/1773420861698.png\"}, \"reservedSpotSubscription\": {\"spotId\": \"1\", \"spotCode\": \"HCM-VIP-01\", \"subscriptionId\": \"1\", \"subscriptionSpotId\": \"1\", \"primaryPlateCompact\": \"51A12345\", \"allowedPlateCompacts\": [\"51A12345\"]}, \"observedVehicleSubscription\": null}, \"spotCode\": \"HCM-VIP-01\", \"zoneCode\": \"VIP_A\", \"updatedAt\": \"2026-03-13T23:54:21.000Z\", \"reasonCode\": \"RESERVED_SPOT_OCCUPIED_BY_OTHER\", \"projectionId\": \"1\", \"reasonDetail\": \"Spot đang được reserve/assign cho subscription khác nhưng camera thấy plate không thuộc danh sách cho phép.\", \"occupancyStatus\": \"OCCUPIED_VIOLATION\", \"expectedPlateCompact\": \"51A12345\", \"observedPlateCompact\": \"51B67890\", \"matchedGatePresenceId\": null, \"matchedSubscriptionId\": \"1\", \"sourcePresenceEventId\": \"6\", \"matchedSubscriptionSpotId\": \"1\"}, \"incidentHint\": {\"noiseClass\": \"REPEATED_MISMATCH\", \"fingerprint\": \"OCCUPIED_VIOLATION|RESERVED_SPOT_OCCUPIED_BY_OTHER|51B67890|51A12345|1|\", \"signatureFields\": [\"OCCUPIED_VIOLATION\", \"RESERVED_SPOT_OCCUPIED_BY_OTHER\", \"51B67890\", \"51A12345\", \"1\", \"\"], \"reopenWindowSeconds\": 600, \"suppressionThreshold\": 1, \"dedupeCooldownSeconds\": 180}, \"__noiseControl\": {\"hitCount\": 1, \"lastSeenAt\": \"2026-03-13T16:54:21.731Z\", \"noiseClass\": \"REPEATED_MISMATCH\", \"fingerprint\": \"OCCUPIED_VIOLATION|RESERVED_SPOT_OCCUPIED_BY_OTHER|51B67890|51A12345|1|\", \"firstSeenAt\": \"2026-03-12T18:28:30.455Z\", \"lastPublishedAt\": \"2026-03-13T16:54:21.731Z\", \"suppressedCount\": 0, \"lastMeaningfulAt\": \"2026-03-13T16:54:21.731Z\"}}','{\"role\": \"OPS\", \"userId\": \"2\", \"username\": null, \"sessionId\": null, \"actorLabel\": \"OPS:2\", \"actorUserId\": \"2\", \"serviceCode\": null, \"principalType\": \"USER\"}','c5007536-ff43-486a-ae19-73d85888c751','reconciliation:2:1','2026-03-13 16:54:21','2026-03-13 23:54:21');
/*!40000 ALTER TABLE `audit_logs` ENABLE KEYS */;
UNLOCK TABLES;
/*!50003 SET @saved_cs_client      = @@character_set_client */ ;
/*!50003 SET @saved_cs_results     = @@character_set_results */ ;
/*!50003 SET @saved_col_connection = @@collation_connection */ ;
/*!50003 SET character_set_client  = utf8mb4 */ ;
/*!50003 SET character_set_results = utf8mb4 */ ;
/*!50003 SET collation_connection  = utf8mb4_unicode_ci */ ;
/*!50003 SET @saved_sql_mode       = @@sql_mode */ ;
/*!50003 SET sql_mode              = 'IGNORE_SPACE,STRICT_TRANS_TABLES,NO_ENGINE_SUBSTITUTION' */ ;
DELIMITER ;;
/*!50003 CREATE*/ /*!50017 DEFINER=`parking_root`@`localhost`*/ /*!50003 TRIGGER `trg_audit_logs_no_update` BEFORE UPDATE ON `audit_logs` FOR EACH ROW BEGIN
  SIGNAL SQLSTATE '45000' SET MESSAGE_TEXT = 'audit_logs is append-only: UPDATE is not allowed';
END */;;
DELIMITER ;
/*!50003 SET sql_mode              = @saved_sql_mode */ ;
/*!50003 SET character_set_client  = @saved_cs_client */ ;
/*!50003 SET character_set_results = @saved_cs_results */ ;
/*!50003 SET collation_connection  = @saved_col_connection */ ;
/*!50003 SET @saved_cs_client      = @@character_set_client */ ;
/*!50003 SET @saved_cs_results     = @@character_set_results */ ;
/*!50003 SET @saved_col_connection = @@collation_connection */ ;
/*!50003 SET character_set_client  = utf8mb4 */ ;
/*!50003 SET character_set_results = utf8mb4 */ ;
/*!50003 SET collation_connection  = utf8mb4_unicode_ci */ ;
/*!50003 SET @saved_sql_mode       = @@sql_mode */ ;
/*!50003 SET sql_mode              = 'IGNORE_SPACE,STRICT_TRANS_TABLES,NO_ENGINE_SUBSTITUTION' */ ;
DELIMITER ;;
/*!50003 CREATE*/ /*!50017 DEFINER=`parking_root`@`localhost`*/ /*!50003 TRIGGER `trg_audit_logs_no_delete` BEFORE DELETE ON `audit_logs` FOR EACH ROW BEGIN
  SIGNAL SQLSTATE '45000' SET MESSAGE_TEXT = 'audit_logs is append-only: DELETE is not allowed';
END */;;
DELIMITER ;
/*!50003 SET sql_mode              = @saved_sql_mode */ ;
/*!50003 SET character_set_client  = @saved_cs_client */ ;
/*!50003 SET character_set_results = @saved_cs_results */ ;
/*!50003 SET collation_connection  = @saved_col_connection */ ;

--
-- Table structure for table `auth_login_attempts`
--

DROP TABLE IF EXISTS `auth_login_attempts`;
/*!40101 SET @saved_cs_client     = @@character_set_client */;
/*!50503 SET character_set_client = utf8mb4 */;
CREATE TABLE `auth_login_attempts` (
  `attempt_key` varchar(191) NOT NULL,
  `bucket_kind` enum('USERNAME','USERNAME_IP') NOT NULL,
  `username` varchar(64) NOT NULL,
  `ip_address` varchar(64) DEFAULT NULL,
  `failure_count` int NOT NULL DEFAULT '0',
  `first_failure_at` datetime DEFAULT NULL,
  `last_failure_at` datetime DEFAULT NULL,
  `lockout_until` datetime DEFAULT NULL,
  `last_delay_ms` int NOT NULL DEFAULT '0',
  `created_at` datetime NOT NULL DEFAULT CURRENT_TIMESTAMP,
  `updated_at` datetime NOT NULL DEFAULT CURRENT_TIMESTAMP ON UPDATE CURRENT_TIMESTAMP,
  PRIMARY KEY (`attempt_key`),
  KEY `ix_auth_login_attempts_username` (`username`,`updated_at`),
  KEY `ix_auth_login_attempts_lockout` (`lockout_until`,`updated_at`),
  KEY `ix_auth_login_attempts_ip` (`ip_address`,`updated_at`)
) ENGINE=InnoDB DEFAULT CHARSET=utf8mb4 COLLATE=utf8mb4_0900_ai_ci;
/*!40101 SET character_set_client = @saved_cs_client */;

--
-- Dumping data for table `auth_login_attempts`
--

LOCK TABLES `auth_login_attempts` WRITE;
/*!40000 ALTER TABLE `auth_login_attempts` DISABLE KEYS */;
/*!40000 ALTER TABLE `auth_login_attempts` ENABLE KEYS */;
UNLOCK TABLES;

--
-- Table structure for table `auth_user_sessions`
--

DROP TABLE IF EXISTS `auth_user_sessions`;
/*!40101 SET @saved_cs_client     = @@character_set_client */;
/*!50503 SET character_set_client = utf8mb4 */;
CREATE TABLE `auth_user_sessions` (
  `session_id` char(36) NOT NULL,
  `user_id` bigint NOT NULL,
  `role_code` varchar(32) NOT NULL,
  `access_token_hash` char(64) NOT NULL,
  `refresh_token_hash` char(64) NOT NULL,
  `access_expires_at` datetime NOT NULL,
  `refresh_expires_at` datetime NOT NULL,
  `last_seen_at` datetime DEFAULT NULL,
  `last_refreshed_at` datetime DEFAULT NULL,
  `revoked_at` datetime DEFAULT NULL,
  `revoke_reason` varchar(255) DEFAULT NULL,
  `last_ip_address` varchar(64) DEFAULT NULL,
  `last_user_agent` varchar(255) DEFAULT NULL,
  `created_at` datetime NOT NULL DEFAULT CURRENT_TIMESTAMP,
  `updated_at` datetime NOT NULL DEFAULT CURRENT_TIMESTAMP ON UPDATE CURRENT_TIMESTAMP,
  PRIMARY KEY (`session_id`),
  UNIQUE KEY `uq_auth_user_sessions_access_hash` (`access_token_hash`),
  UNIQUE KEY `uq_auth_user_sessions_refresh_hash` (`refresh_token_hash`),
  KEY `ix_auth_user_sessions_user_created` (`user_id`,`created_at`),
  KEY `ix_auth_user_sessions_role_revoked` (`role_code`,`revoked_at`),
  KEY `ix_auth_user_sessions_access_expiry` (`access_expires_at`),
  KEY `ix_auth_user_sessions_refresh_expiry` (`refresh_expires_at`),
  CONSTRAINT `fk_auth_user_sessions_user` FOREIGN KEY (`user_id`) REFERENCES `users` (`user_id`)
) ENGINE=InnoDB DEFAULT CHARSET=utf8mb4 COLLATE=utf8mb4_0900_ai_ci;
/*!40101 SET character_set_client = @saved_cs_client */;

--
-- Dumping data for table `auth_user_sessions`
--

LOCK TABLES `auth_user_sessions` WRITE;
/*!40000 ALTER TABLE `auth_user_sessions` DISABLE KEYS */;
INSERT INTO `auth_user_sessions` VALUES ('012b613a-371a-4a7e-9b7b-ba8c3e09c9d5',2,'OPS','9ba5051655fa3b6a7570637bbff68d052f8e6a30191079c51a73c10806805abf','c0965bfaa5235251b7e7edfdf3cb0bdce17fce1d9a4204728ff68ce8900e0cfe','2026-03-12 18:46:49','2026-03-19 18:31:49','2026-03-12 18:31:50',NULL,NULL,NULL,'127.0.0.1','node','2026-03-13 01:31:49','2026-03-13 01:31:50'),('34734ba8-f465-41ee-a569-c9e413101b8c',2,'OPS','ca4de07b0bf7c21def4481671aec11a0499278d1e2bc6a04727445e64f162795','559505133c7ca18ed7438bf395ce1f59e80a69a1794d57edfb6791cd1bce1ccd','2026-03-12 18:43:30','2026-03-19 18:28:30','2026-03-12 18:28:30',NULL,NULL,NULL,'127.0.0.1','node','2026-03-13 01:28:30','2026-03-13 01:28:30'),('63751a3f-11cd-484e-8da7-2add0e0ec7fc',2,'OPS','f732ae4ab620c1590ee653a7ad47e065f16a3af2f7f6487d92b90f6bd58062ad','68652c6841a25a4949657aa5c950b26b4fcaf1ccfe8b1031871712a3d79ea8b2','2026-03-12 18:36:36','2026-03-19 18:21:36','2026-03-12 18:21:36',NULL,'2026-03-13 16:54:21','SESSION_LIMIT_EXCEEDED','127.0.0.1','node','2026-03-13 01:21:36','2026-03-13 23:54:21'),('9304abfd-ebda-4dba-ba87-4b813678cf81',2,'OPS','3907a4d7953d66fb1f1533da9e8ff821069609d0684a8d5972370ba255df04ea','ff9507ebcdc23d736b38095de1713e379a7d72aebda1b5074561e4b399d49642','2026-03-13 17:09:21','2026-03-20 16:54:21','2026-03-13 16:54:21',NULL,NULL,NULL,'127.0.0.1','node','2026-03-13 23:54:21','2026-03-13 23:54:21'),('cc9f9268-7e7a-4212-a8a3-c9cceb7f8835',2,'OPS','7e894030204eb459db6b7c994ad415554716c69e877d934563179864ed22cff7','9fdd3fcc9cc14a0b4ec738b7c226fa84bac4e6408492f0646d0a1fe063f36b6f','2026-03-12 18:22:09','2026-03-19 18:07:09','2026-03-12 18:07:09',NULL,'2026-03-13 11:20:42','SESSION_LIMIT_EXCEEDED','127.0.0.1','node','2026-03-13 01:07:09','2026-03-13 18:20:42'),('d010a870-acd4-4e15-835f-35b28bcd606b',2,'OPS','33d47bd432d8bcc31be6f8f6f011c304b9ee55c1e842b3289e816ffb9e2fd928','140973b23008ebc74700afa904a93f0772475d226da7b4103ece67c3b2f7cef4','2026-03-12 18:26:48','2026-03-19 18:11:48','2026-03-12 18:11:48',NULL,'2026-03-13 13:33:53','SESSION_LIMIT_EXCEEDED','127.0.0.1','node','2026-03-13 01:11:48','2026-03-13 20:33:53'),('d17e4f7e-424f-4558-8527-1163b5ad7d44',2,'OPS','d1288f60423acaf2ee8fffaa14b89185b4c7f57abd6df87cd02c709425a3457c','57c27296e0342ad4d34a0d1942ae19e7a075f1d68361b1899b934ff8f5661699','2026-03-13 13:48:53','2026-03-20 13:33:53','2026-03-13 13:33:53',NULL,NULL,NULL,'127.0.0.1','node','2026-03-13 20:33:53','2026-03-13 20:33:53'),('d7781ac1-3d6b-478e-bb09-a4f8b90a760c',2,'OPS','48b68f4225b9b24c0a568333e92c057852248f064a04064c8d24f6ccffb900bb','7886b8fc325e0eb09e88e2d3d84f27f87fec79d9f378b632a613f1fdecda755b','2026-03-13 11:35:42','2026-03-20 11:20:42','2026-03-13 11:20:42',NULL,NULL,NULL,'127.0.0.1','node','2026-03-13 18:20:42','2026-03-13 18:20:42');
/*!40000 ALTER TABLE `auth_user_sessions` ENABLE KEYS */;
UNLOCK TABLES;

--
-- Table structure for table `credentials`
--

DROP TABLE IF EXISTS `credentials`;
/*!40101 SET @saved_cs_client     = @@character_set_client */;
/*!50503 SET character_set_client = utf8mb4 */;
CREATE TABLE `credentials` (
  `credential_id` bigint NOT NULL AUTO_INCREMENT,
  `site_id` bigint NOT NULL,
  `subscription_id` bigint DEFAULT NULL,
  `rfid_uid` varchar(64) NOT NULL,
  `status` enum('ACTIVE','BLOCKED','LOST') NOT NULL DEFAULT 'ACTIVE',
  `last_direction` enum('ENTRY','EXIT') DEFAULT NULL,
  `last_event_time` datetime DEFAULT NULL,
  PRIMARY KEY (`credential_id`),
  UNIQUE KEY `uq_credential_uid` (`site_id`,`rfid_uid`),
  KEY `ix_cred_site` (`site_id`),
  KEY `ix_cred_sub` (`subscription_id`),
  KEY `ix_cred_site_status` (`site_id`,`status`),
  KEY `ix_cred_site_lastdir` (`site_id`,`last_direction`),
  CONSTRAINT `fk_credentials_site` FOREIGN KEY (`site_id`) REFERENCES `parking_sites` (`site_id`),
  CONSTRAINT `fk_credentials_subscription` FOREIGN KEY (`subscription_id`) REFERENCES `subscriptions` (`subscription_id`)
) ENGINE=InnoDB AUTO_INCREMENT=29 DEFAULT CHARSET=utf8mb4 COLLATE=utf8mb4_0900_ai_ci;
/*!40101 SET character_set_client = @saved_cs_client */;

--
-- Dumping data for table `credentials`
--

LOCK TABLES `credentials` WRITE;
/*!40000 ALTER TABLE `credentials` DISABLE KEYS */;
INSERT INTO `credentials` VALUES (1,2,1,'VIP-HCM-0001','ACTIVE',NULL,NULL),(2,2,2,'VIP-HCM-0002','BLOCKED',NULL,NULL),(3,2,3,'VIP-HCM-0003','BLOCKED',NULL,NULL);
/*!40000 ALTER TABLE `credentials` ENABLE KEYS */;
UNLOCK TABLES;

--
-- Table structure for table `customers`
--

DROP TABLE IF EXISTS `customers`;
/*!40101 SET @saved_cs_client     = @@character_set_client */;
/*!50503 SET character_set_client = utf8mb4 */;
CREATE TABLE `customers` (
  `customer_id` bigint NOT NULL AUTO_INCREMENT,
  `full_name` varchar(255) NOT NULL,
  `phone` varchar(20) DEFAULT NULL,
  `email` varchar(255) DEFAULT NULL,
  `status` enum('ACTIVE','SUSPENDED') NOT NULL DEFAULT 'ACTIVE',
  `created_at` datetime NOT NULL DEFAULT CURRENT_TIMESTAMP,
  PRIMARY KEY (`customer_id`),
  UNIQUE KEY `uq_customer_phone` (`phone`),
  UNIQUE KEY `uq_customer_email` (`email`),
  KEY `ix_customers_status` (`status`)
) ENGINE=InnoDB AUTO_INCREMENT=29607 DEFAULT CHARSET=utf8mb4 COLLATE=utf8mb4_0900_ai_ci;
/*!40101 SET character_set_client = @saved_cs_client */;

--
-- Dumping data for table `customers`
--

LOCK TABLES `customers` WRITE;
/*!40000 ALTER TABLE `customers` DISABLE KEYS */;
INSERT INTO `customers` VALUES (24575,'Nguyen Van A','0900000001','a@example.com','ACTIVE','2026-03-01 02:17:19'),(29579,'Nguyen Van VIP Active','0909000001','vip.active@parkly.local','ACTIVE','2026-03-12 19:29:38'),(29580,'Nguyen Van VIP Expired','0909000002','vip.expired@parkly.local','ACTIVE','2026-03-12 19:29:38'),(29581,'Nguyen Van VIP Suspended','0909000003','vip.suspended@parkly.local','SUSPENDED','2026-03-12 19:29:38');
/*!40000 ALTER TABLE `customers` ENABLE KEYS */;
UNLOCK TABLES;

--
-- Table structure for table `device_heartbeats`
--

DROP TABLE IF EXISTS `device_heartbeats`;
/*!40101 SET @saved_cs_client     = @@character_set_client */;
/*!50503 SET character_set_client = utf8mb4 */;
CREATE TABLE `device_heartbeats` (
  `heartbeat_id` bigint NOT NULL AUTO_INCREMENT,
  `site_id` bigint NOT NULL,
  `device_id` bigint NOT NULL,
  `status` enum('ONLINE','DEGRADED','OFFLINE') NOT NULL DEFAULT 'ONLINE',
  `reported_at` datetime NOT NULL,
  `received_at` datetime NOT NULL DEFAULT CURRENT_TIMESTAMP,
  `latency_ms` int DEFAULT NULL,
  `firmware_version` varchar(64) DEFAULT NULL,
  `ip_address` varchar(64) DEFAULT NULL,
  `payload_json` json DEFAULT NULL,
  PRIMARY KEY (`heartbeat_id`),
  KEY `ix_device_heartbeats_site_device_time` (`site_id`,`device_id`,`reported_at`),
  KEY `ix_device_heartbeats_site_status` (`site_id`,`status`),
  KEY `ix_device_heartbeats_device_time` (`device_id`,`reported_at`),
  CONSTRAINT `fk_device_heartbeats_device` FOREIGN KEY (`device_id`) REFERENCES `gate_devices` (`device_id`),
  CONSTRAINT `fk_device_heartbeats_site` FOREIGN KEY (`site_id`) REFERENCES `parking_sites` (`site_id`)
) ENGINE=InnoDB DEFAULT CHARSET=utf8mb4 COLLATE=utf8mb4_0900_ai_ci;
/*!40101 SET character_set_client = @saved_cs_client */;

--
-- Dumping data for table `device_heartbeats`
--

LOCK TABLES `device_heartbeats` WRITE;
/*!40000 ALTER TABLE `device_heartbeats` DISABLE KEYS */;
/*!40000 ALTER TABLE `device_heartbeats` ENABLE KEYS */;
UNLOCK TABLES;

--
-- Table structure for table `flyway_schema_history`
--

DROP TABLE IF EXISTS `flyway_schema_history`;
/*!40101 SET @saved_cs_client     = @@character_set_client */;
/*!50503 SET character_set_client = utf8mb4 */;
CREATE TABLE `flyway_schema_history` (
  `installed_rank` int NOT NULL,
  `version` varchar(50) DEFAULT NULL,
  `description` varchar(200) NOT NULL,
  `type` varchar(20) NOT NULL,
  `script` varchar(1000) NOT NULL,
  `checksum` int DEFAULT NULL,
  `installed_by` varchar(100) NOT NULL,
  `installed_on` timestamp NOT NULL DEFAULT CURRENT_TIMESTAMP,
  `execution_time` int NOT NULL,
  `success` tinyint(1) NOT NULL,
  PRIMARY KEY (`installed_rank`),
  KEY `flyway_schema_history_s_idx` (`success`)
) ENGINE=InnoDB DEFAULT CHARSET=utf8mb4 COLLATE=utf8mb4_0900_ai_ci;
/*!40101 SET character_set_client = @saved_cs_client */;

--
-- Dumping data for table `flyway_schema_history`
--

LOCK TABLES `flyway_schema_history` WRITE;
/*!40000 ALTER TABLE `flyway_schema_history` DISABLE KEYS */;
INSERT INTO `flyway_schema_history` VALUES (1,'1','init schema','SQL','V1__init_schema.sql',-379191386,'parking_root','2026-02-23 20:09:08',17,1),(2,'2','core tables','SQL','V2__core_tables.sql',691568879,'parking_root','2026-02-23 20:09:08',292,1),(3,'3','gate events partitioned','SQL','V3__gate_events_partitioned.sql',-93188291,'parking_root','2026-02-23 20:09:08',63,1),(4,'4','gate event outbox','SQL','V4__gate_event_outbox.sql',-499764093,'parking_root','2026-02-23 20:09:08',18,1),(5,'5','append only triggers','SQL','V5__append_only_triggers.sql',-468495636,'parking_root','2026-02-23 20:15:31',41,1),(6,'6','shift closures and procedure','SQL','V6__shift_closures_and_procedure.sql',1876146789,'parking_root','2026-02-24 02:57:33',73,1),(7,'7','audit triggers tariffs','SQL','V7__audit_triggers_tariffs.sql',-1659274433,'parking_root','2026-02-24 02:57:33',49,1),(8,'8','outbox tracking and retry','SQL','V8__outbox_tracking_and_retry.sql',1674651731,'parking_root','2026-02-24 04:59:08',30,1),(9,'9','payments paid date index','SQL','V9__payments_paid_date_index.sql',-1186408613,'root','2026-02-24 14:28:14',215,1),(10,'10','api idempotency','SQL','V10__api_idempotency.sql',1023497500,'parking_root','2026-03-04 05:59:13',36,1),(11,'11','gate lanes and sessions','SQL','V11__gate_lanes_and_sessions.sql',535271253,'parking_root','2026-03-07 02:48:24',205,1),(12,'12','gate review and health','SQL','V12__gate_review_and_health.sql',1791742853,'parking_root','2026-03-07 02:48:24',87,1),(13,'13','gate media evidence','SQL','V13__gate_media_evidence.sql',-1636885636,'parking_root','2026-03-07 13:08:26',156,1),(14,'14','gate session waiting read','SQL','V14__gate_session_waiting_read.sql',-1945554778,'parking_root','2026-03-07 14:24:08',86,1),(15,'15','gate entry presence and barrier','SQL','V15__gate_entry_presence_and_barrier.sql',622163606,'parking_root','2026-03-07 15:31:24',50,1),(16,'16','object storage media','SQL','V16__object_storage_media.sql',-104645947,'parking_root','2026-03-11 16:22:14',153,1),(17,'17','subscription spot vehicle links','SQL','V17__subscription_spot_vehicle_links.sql',-768567992,'parking_root','2026-03-12 12:29:32',103,1),(18,'18','subscription decision codes','SQL','V18__subscription_decision_codes.sql',-1071522107,'parking_root','2026-03-12 12:29:32',10,1),(19,'19','internal presence events','SQL','V19__internal_presence_events.sql',382124636,'parking_root','2026-03-12 12:29:32',35,1),(20,'20','spot occupancy projection','SQL','V20__spot_occupancy_projection.sql',385572640,'parking_root','2026-03-12 12:29:32',28,1),(21,'21','gate incident resolution actions','SQL','V21__gate_incident_resolution_actions.sql',-1495943736,'parking_root','2026-03-12 12:29:32',107,1),(22,'22','auth users sessions','SQL','V22__auth_users_sessions.sql',1930957014,'parking_root','2026-03-12 13:42:12',28,1),(23,'23','audit hardening platform','SQL','V23__audit_hardening_platform.sql',-305639144,'parking_root','2026-03-12 16:52:30',133,1),(24,'24','auth security layer2','SQL','V24__auth_security_layer2.sql',-1940273098,'parking_root','2026-03-13 10:36:41',48,1);
/*!40000 ALTER TABLE `flyway_schema_history` ENABLE KEYS */;
UNLOCK TABLES;

--
-- Table structure for table `gate_active_presence`
--

DROP TABLE IF EXISTS `gate_active_presence`;
/*!40101 SET @saved_cs_client     = @@character_set_client */;
/*!50503 SET character_set_client = utf8mb4 */;
CREATE TABLE `gate_active_presence` (
  `presence_id` bigint NOT NULL AUTO_INCREMENT,
  `site_id` bigint NOT NULL,
  `session_id` bigint DEFAULT NULL,
  `ticket_id` bigint DEFAULT NULL,
  `plate_compact` varchar(32) DEFAULT NULL,
  `rfid_uid` varchar(64) DEFAULT NULL,
  `entry_lane_code` varchar(32) NOT NULL,
  `entered_at` datetime NOT NULL,
  `last_seen_at` datetime NOT NULL,
  `evidence_read_event_id` bigint DEFAULT NULL,
  `status` enum('ACTIVE','EXITED','CLEARED','BLOCKED') NOT NULL DEFAULT 'ACTIVE',
  `cleared_at` datetime DEFAULT NULL,
  `created_at` datetime NOT NULL DEFAULT CURRENT_TIMESTAMP,
  `updated_at` datetime NOT NULL DEFAULT CURRENT_TIMESTAMP ON UPDATE CURRENT_TIMESTAMP,
  `active_flag` tinyint GENERATED ALWAYS AS ((case when (`status` = _utf8mb4'ACTIVE') then 1 else NULL end)) STORED,
  PRIMARY KEY (`presence_id`),
  UNIQUE KEY `uq_gate_presence_active_ticket` (`site_id`,`ticket_id`,`active_flag`),
  UNIQUE KEY `uq_gate_presence_active_plate` (`site_id`,`plate_compact`,`active_flag`),
  UNIQUE KEY `uq_gate_presence_active_rfid` (`site_id`,`rfid_uid`,`active_flag`),
  KEY `fk_gate_presence_read` (`evidence_read_event_id`),
  KEY `ix_gate_presence_site_status` (`site_id`,`status`),
  KEY `ix_gate_presence_site_last_seen` (`site_id`,`last_seen_at`),
  KEY `ix_gate_presence_session` (`session_id`),
  KEY `ix_gate_presence_ticket` (`ticket_id`),
  CONSTRAINT `fk_gate_presence_read` FOREIGN KEY (`evidence_read_event_id`) REFERENCES `gate_read_events` (`read_event_id`),
  CONSTRAINT `fk_gate_presence_session` FOREIGN KEY (`session_id`) REFERENCES `gate_passage_sessions` (`session_id`),
  CONSTRAINT `fk_gate_presence_site` FOREIGN KEY (`site_id`) REFERENCES `parking_sites` (`site_id`),
  CONSTRAINT `fk_gate_presence_ticket` FOREIGN KEY (`ticket_id`) REFERENCES `tickets` (`ticket_id`)
) ENGINE=InnoDB AUTO_INCREMENT=8 DEFAULT CHARSET=utf8mb4 COLLATE=utf8mb4_0900_ai_ci;
/*!40101 SET character_set_client = @saved_cs_client */;

--
-- Dumping data for table `gate_active_presence`
--

LOCK TABLES `gate_active_presence` WRITE;
/*!40000 ALTER TABLE `gate_active_presence` DISABLE KEYS */;
INSERT INTO `gate_active_presence` (`presence_id`, `site_id`, `session_id`, `ticket_id`, `plate_compact`, `rfid_uid`, `entry_lane_code`, `entered_at`, `last_seen_at`, `evidence_read_event_id`, `status`, `cleared_at`, `created_at`, `updated_at`) VALUES (3,19,7,98308,'61LI69166',NULL,'GATE_01_ENTRY','2026-03-07 20:40:40','2026-03-07 20:40:40',NULL,'ACTIVE',NULL,'2026-03-07 20:40:40','2026-03-07 20:40:40'),(4,19,8,98309,'50AF66879',NULL,'GATE_01_ENTRY','2026-03-08 07:19:51','2026-03-08 07:19:51',NULL,'ACTIVE',NULL,'2026-03-08 07:19:51','2026-03-08 07:19:51'),(5,2,10,98310,'50AF66879',NULL,'GATE_01_ENTRY','2026-03-08 07:24:18','2026-03-08 07:24:18',NULL,'ACTIVE',NULL,'2026-03-08 07:24:18','2026-03-08 07:24:18'),(6,19,12,98311,'30AF66879',NULL,'GATE_01_ENTRY','2026-03-08 08:55:42','2026-03-08 08:55:42',NULL,'ACTIVE',NULL,'2026-03-08 08:55:42','2026-03-08 08:55:42'),(7,19,13,98312,'99EI22268',NULL,'GATE_01_ENTRY','2026-03-10 17:50:05','2026-03-10 17:50:05',NULL,'ACTIVE',NULL,'2026-03-10 17:50:05','2026-03-10 17:50:05');
/*!40000 ALTER TABLE `gate_active_presence` ENABLE KEYS */;
UNLOCK TABLES;

--
-- Table structure for table `gate_barrier_commands`
--

DROP TABLE IF EXISTS `gate_barrier_commands`;
/*!40101 SET @saved_cs_client     = @@character_set_client */;
/*!50503 SET character_set_client = utf8mb4 */;
CREATE TABLE `gate_barrier_commands` (
  `command_id` bigint NOT NULL AUTO_INCREMENT,
  `session_id` bigint DEFAULT NULL,
  `site_id` bigint NOT NULL,
  `lane_id` bigint NOT NULL,
  `device_id` bigint DEFAULT NULL,
  `command_type` enum('OPEN','CLOSE','HOLD_OPEN','LOCK') NOT NULL,
  `status` enum('PENDING','SENT','ACKED','NACKED','TIMEOUT','CANCELLED') NOT NULL DEFAULT 'PENDING',
  `request_id` varchar(64) DEFAULT NULL,
  `reason_code` varchar(64) DEFAULT NULL,
  `payload_json` json DEFAULT NULL,
  `issued_at` datetime NOT NULL DEFAULT CURRENT_TIMESTAMP,
  `ack_at` datetime DEFAULT NULL,
  `created_at` datetime NOT NULL DEFAULT CURRENT_TIMESTAMP,
  `updated_at` datetime NOT NULL DEFAULT CURRENT_TIMESTAMP ON UPDATE CURRENT_TIMESTAMP,
  PRIMARY KEY (`command_id`),
  KEY `ix_gate_barrier_commands_session` (`session_id`),
  KEY `ix_gate_barrier_commands_lane_status` (`lane_id`,`status`),
  KEY `ix_gate_barrier_commands_site_status` (`site_id`,`status`),
  KEY `ix_gate_barrier_commands_device` (`device_id`),
  CONSTRAINT `fk_gate_barrier_commands_device` FOREIGN KEY (`device_id`) REFERENCES `gate_devices` (`device_id`),
  CONSTRAINT `fk_gate_barrier_commands_lane` FOREIGN KEY (`lane_id`) REFERENCES `gate_lanes` (`lane_id`),
  CONSTRAINT `fk_gate_barrier_commands_session` FOREIGN KEY (`session_id`) REFERENCES `gate_passage_sessions` (`session_id`),
  CONSTRAINT `fk_gate_barrier_commands_site` FOREIGN KEY (`site_id`) REFERENCES `parking_sites` (`site_id`)
) ENGINE=InnoDB AUTO_INCREMENT=12 DEFAULT CHARSET=utf8mb4 COLLATE=utf8mb4_0900_ai_ci;
/*!40101 SET character_set_client = @saved_cs_client */;

--
-- Dumping data for table `gate_barrier_commands`
--

LOCK TABLES `gate_barrier_commands` WRITE;
/*!40000 ALTER TABLE `gate_barrier_commands` DISABLE KEYS */;
INSERT INTO `gate_barrier_commands` VALUES (1,5,19,5,47,'OPEN','ACKED','ui_1772877299932_3a5f5cbc','UI_CONFIRM_PASS','null','2026-03-07 09:55:00','2026-03-07 09:55:00','2026-03-07 09:55:00','2026-03-07 09:55:00'),(2,4,19,8,59,'OPEN','ACKED','ui_1772877304074_70128ec2','UI_CONFIRM_PASS','null','2026-03-07 09:55:04','2026-03-07 09:55:04','2026-03-07 09:55:04','2026-03-07 09:55:04'),(5,7,19,5,49,'OPEN','ACKED','ui_1772916039790_918a2a73','ENTRY_APPROVED','{\"source\": \"PR07_ENTRY_FLOW\", \"payload\": null, \"ticketId\": \"98308\", \"reasonCode\": \"MANUAL_APPROVE\", \"ticketCode\": \"ENTEDN017\", \"decisionCode\": \"AUTO_APPROVED\"}','2026-03-07 20:40:40','2026-03-07 20:40:40','2026-03-07 20:40:40','2026-03-07 20:40:40'),(6,7,19,5,47,'OPEN','ACKED','ui_1772916043022_158743ae','UI_CONFIRM_PASS','null','2026-03-07 20:40:43','2026-03-07 20:40:43','2026-03-07 20:40:43','2026-03-07 20:40:43'),(7,8,19,5,49,'OPEN','ACKED','legacy-ui_1772954390567_71d4a222','ENTRY_APPROVED','{\"source\": \"PR07_ENTRY_FLOW\", \"payload\": {\"source\": \"web.gate-page\", \"gateCode\": \"GATE_01\", \"laneCode\": \"GATE_01_ENTRY\", \"siteCode\": \"SITE_DN_01\", \"alprResult\": {\"raw\": {\"mode\": \"PLATE_HINT\", \"rawText\": null, \"imageUrl\": \"/uploads/20260308_071950_d277fd82.png\", \"imagePath\": null, \"authoritative\": \"BACKEND\", \"originalFilename\": null}, \"plate\": \"50-AF 668.79\", \"confidence\": 0.99}, \"capturedAt\": \"2026-03-08T07:19:50.567Z\", \"deviceCode\": \"GATE_01_ENTRY_RFID\", \"plateEngine\": {\"compare\": {\"alprPlate\": \"50-AF 668.79\", \"licensePlateRaw\": \"50-AF 668.79\"}, \"plateRaw\": \"50-AF 668.79\", \"authority\": \"BACKEND\", \"plateFamily\": \"DOMESTIC\", \"plateCompact\": \"50AF66879\", \"plateDisplay\": \"50-AF 668.79\", \"plateValidity\": \"STRICT_VALID\", \"reviewRequired\": false, \"sourcePlateRaw\": \"50-AF 668.79\", \"suspiciousFlags\": [], \"validationNotes\": [], \"ocrSubstitutions\": []}, \"uploadFilename\": \"20260308_071950_d277fd82.png\", \"legacyEventAdapter\": true}, \"ticketId\": \"98309\", \"reasonCode\": \"ENTRY_CLEAR\", \"ticketCode\": \"ENTEDN018\", \"decisionCode\": \"AUTO_APPROVED\"}','2026-03-08 07:19:51','2026-03-08 07:19:51','2026-03-08 07:19:51','2026-03-08 07:19:51'),(8,10,2,1,33,'OPEN','ACKED','legacy-ui_1772954657668_a80e2547','ENTRY_APPROVED','{\"source\": \"PR07_ENTRY_FLOW\", \"payload\": {\"source\": \"web.gate-page\", \"gateCode\": \"GATE_01\", \"laneCode\": \"GATE_01_ENTRY\", \"siteCode\": \"SITE_HCM_01\", \"alprResult\": {\"raw\": {\"mode\": \"PLATE_HINT\", \"rawText\": null, \"imageUrl\": \"/uploads/20260308_072417_4145a67e.png\", \"imagePath\": null, \"authoritative\": \"BACKEND\", \"originalFilename\": null}, \"plate\": \"50-AF 668.79\", \"confidence\": 0.99}, \"capturedAt\": \"2026-03-08T07:24:17.668Z\", \"deviceCode\": \"GATE_01_ENTRY_RFID\", \"plateEngine\": {\"compare\": {\"alprPlate\": \"50-AF 668.79\", \"licensePlateRaw\": \"50-AF 668.79\"}, \"plateRaw\": \"50-AF 668.79\", \"authority\": \"BACKEND\", \"plateFamily\": \"DOMESTIC\", \"plateCompact\": \"50AF66879\", \"plateDisplay\": \"50-AF 668.79\", \"plateValidity\": \"STRICT_VALID\", \"reviewRequired\": false, \"sourcePlateRaw\": \"50-AF 668.79\", \"suspiciousFlags\": [], \"validationNotes\": [], \"ocrSubstitutions\": []}, \"uploadFilename\": \"20260308_072417_4145a67e.png\", \"legacyEventAdapter\": true}, \"ticketId\": \"98310\", \"reasonCode\": \"ENTRY_CLEAR\", \"ticketCode\": \"ENEHCM0110\", \"decisionCode\": \"AUTO_APPROVED\"}','2026-03-08 07:24:18','2026-03-08 07:24:18','2026-03-08 07:24:18','2026-03-08 07:24:18'),(9,12,19,5,49,'OPEN','ACKED','legacy-ui_1772960141912_e1ba50f7','ENTRY_APPROVED','{\"source\": \"PR07_ENTRY_FLOW\", \"payload\": {\"source\": \"web.gate-page\", \"gateCode\": \"GATE_01\", \"laneCode\": \"GATE_01_ENTRY\", \"siteCode\": \"SITE_DN_01\", \"alprResult\": {\"raw\": {\"mode\": \"TESSERACT\", \"rawText\": \"30-AF\\r\\n\\r\\n668.79\", \"imageUrl\": \"/uploads/20260308_085540_bed4b143.png\", \"imagePath\": \"C:\\\\Users\\\\ADMIN\\\\Desktop\\\\Parkly\\\\parkly\\\\apps\\\\api\\\\uploads\\\\20260308_085540_bed4b143.png\", \"authoritative\": \"BACKEND\", \"originalFilename\": \"20260308_085540_bed4b143.png\"}, \"plate\": \"30-AF 668.79\", \"confidence\": 0.94}, \"capturedAt\": \"2026-03-08T08:55:41.912Z\", \"deviceCode\": \"GATE_01_ENTRY_RFID\", \"plateEngine\": {\"compare\": {\"alprPlate\": \"30-AF 668.79\", \"licensePlateRaw\": \"30-AF 668.79\"}, \"plateRaw\": \"30-AF 668.79\", \"authority\": \"BACKEND\", \"plateFamily\": \"DOMESTIC\", \"plateCompact\": \"30AF66879\", \"plateDisplay\": \"30-AF 668.79\", \"plateValidity\": \"STRICT_VALID\", \"reviewRequired\": false, \"sourcePlateRaw\": \"30-AF 668.79\", \"suspiciousFlags\": [], \"validationNotes\": [], \"ocrSubstitutions\": []}, \"uploadFilename\": \"20260308_085540_bed4b143.png\", \"legacyEventAdapter\": true}, \"ticketId\": \"98311\", \"reasonCode\": \"ENTRY_CLEAR\", \"ticketCode\": \"ENTEDN0112\", \"decisionCode\": \"AUTO_APPROVED\"}','2026-03-08 08:55:42','2026-03-08 08:55:42','2026-03-08 08:55:42','2026-03-08 08:55:42'),(10,13,19,5,49,'OPEN','ACKED','ui_1773165005182_e0da5712','ENTRY_APPROVED','{\"source\": \"PR07_ENTRY_FLOW\", \"payload\": null, \"ticketId\": \"98312\", \"reasonCode\": \"MANUAL_APPROVE\", \"ticketCode\": \"ENTEDN0113\", \"decisionCode\": \"AUTO_APPROVED\"}','2026-03-10 17:50:05','2026-03-10 17:50:05','2026-03-10 17:50:05','2026-03-10 17:50:05'),(11,13,19,5,47,'OPEN','ACKED','ui_1773165006350_ea14a86d','UI_CONFIRM_PASS','null','2026-03-10 17:50:06','2026-03-10 17:50:06','2026-03-10 17:50:06','2026-03-10 17:50:06');
/*!40000 ALTER TABLE `gate_barrier_commands` ENABLE KEYS */;
UNLOCK TABLES;

--
-- Table structure for table `gate_decisions`
--

DROP TABLE IF EXISTS `gate_decisions`;
/*!40101 SET @saved_cs_client     = @@character_set_client */;
/*!50503 SET character_set_client = utf8mb4 */;
CREATE TABLE `gate_decisions` (
  `decision_id` bigint NOT NULL AUTO_INCREMENT,
  `session_id` bigint NOT NULL,
  `site_id` bigint NOT NULL,
  `lane_id` bigint NOT NULL,
  `decision_code` enum('AUTO_APPROVED','REVIEW_REQUIRED','AUTO_DENIED','PAYMENT_REQUIRED','TICKET_NOT_FOUND','PLATE_RFID_MISMATCH','ANTI_PASSBACK_BLOCKED','DEVICE_DEGRADED','SUBSCRIPTION_AUTO_APPROVED','SUBSCRIPTION_EXIT_BYPASS_PAYMENT','SUBSCRIPTION_REVIEW_REQUIRED') NOT NULL,
  `final_action` enum('APPROVE','REVIEW','DENY','PAYMENT_HOLD') NOT NULL,
  `reason_code` varchar(64) NOT NULL,
  `reason_detail` varchar(255) DEFAULT NULL,
  `input_snapshot_json` json DEFAULT NULL,
  `threshold_snapshot_json` json DEFAULT NULL,
  `created_at` datetime NOT NULL DEFAULT CURRENT_TIMESTAMP,
  PRIMARY KEY (`decision_id`),
  KEY `fk_gate_decisions_lane` (`lane_id`),
  KEY `ix_gate_decisions_session` (`session_id`),
  KEY `ix_gate_decisions_site_lane_time` (`site_id`,`lane_id`,`created_at`),
  KEY `ix_gate_decisions_code_time` (`decision_code`,`created_at`),
  CONSTRAINT `fk_gate_decisions_lane` FOREIGN KEY (`lane_id`) REFERENCES `gate_lanes` (`lane_id`),
  CONSTRAINT `fk_gate_decisions_session` FOREIGN KEY (`session_id`) REFERENCES `gate_passage_sessions` (`session_id`),
  CONSTRAINT `fk_gate_decisions_site` FOREIGN KEY (`site_id`) REFERENCES `parking_sites` (`site_id`)
) ENGINE=InnoDB AUTO_INCREMENT=27 DEFAULT CHARSET=utf8mb4 COLLATE=utf8mb4_0900_ai_ci;
/*!40101 SET character_set_client = @saved_cs_client */;

--
-- Dumping data for table `gate_decisions`
--

LOCK TABLES `gate_decisions` WRITE;
/*!40000 ALTER TABLE `gate_decisions` DISABLE KEYS */;
INSERT INTO `gate_decisions` VALUES (1,3,19,5,'REVIEW_REQUIRED','REVIEW','PLATE_REVIEW_REQUIRED','Backend gắn cờ review từ plate canonical.','{\"denied\": false, \"rfidUid\": null, \"approved\": false, \"readType\": null, \"plateCompact\": null, \"presenceActive\": true, \"reviewRequired\": true, \"paymentRequired\": false}','{\"source\": \"resolveGateSession\", \"orchestrator\": \"PR05\"}','2026-03-07 09:31:51'),(2,4,19,8,'REVIEW_REQUIRED','REVIEW','PLATE_REVIEW_REQUIRED','Backend gắn cờ review từ plate canonical.','{\"denied\": false, \"rfidUid\": null, \"approved\": false, \"readType\": null, \"plateCompact\": null, \"presenceActive\": true, \"reviewRequired\": true, \"paymentRequired\": false}','{\"source\": \"resolveGateSession\", \"orchestrator\": \"PR05\"}','2026-03-07 09:32:07'),(3,5,19,5,'REVIEW_REQUIRED','REVIEW','EVIDENCE_CAPTURED','Evidence ALPR đã được ghi nhận, chờ decision.','{\"denied\": false, \"rfidUid\": null, \"approved\": false, \"readType\": null, \"plateCompact\": null, \"presenceActive\": true, \"reviewRequired\": true, \"paymentRequired\": false}','{\"source\": \"resolveGateSession\", \"orchestrator\": \"PR05\"}','2026-03-07 09:54:40'),(4,5,19,5,'PAYMENT_REQUIRED','PAYMENT_HOLD','PAYMENT_REQUIRED_UI','Đẩy session sang WAITING_PAYMENT từ UI','{\"denied\": false, \"rfidUid\": null, \"approved\": false, \"readType\": null, \"plateCompact\": null, \"presenceActive\": true, \"reviewRequired\": false, \"paymentRequired\": true}','{\"source\": \"resolveGateSession\", \"orchestrator\": \"PR05\"}','2026-03-07 09:54:52'),(5,5,19,5,'AUTO_APPROVED','APPROVE','MANUAL_APPROVE','Thao tác từ Sessions page','{\"denied\": false, \"rfidUid\": null, \"approved\": true, \"readType\": null, \"plateCompact\": null, \"presenceActive\": true, \"reviewRequired\": false, \"paymentRequired\": false}','{\"source\": \"resolveGateSession\", \"orchestrator\": \"PR05\"}','2026-03-07 09:54:55'),(6,4,19,8,'AUTO_APPROVED','APPROVE','MANUAL_APPROVE','Thao tác từ Sessions page','{\"denied\": false, \"rfidUid\": null, \"approved\": true, \"readType\": null, \"plateCompact\": null, \"presenceActive\": true, \"reviewRequired\": false, \"paymentRequired\": false}','{\"source\": \"resolveGateSession\", \"orchestrator\": \"PR05\"}','2026-03-07 09:55:03'),(7,6,19,5,'REVIEW_REQUIRED','REVIEW','PLATE_REVIEW_REQUIRED','Plate canonicalization gắn cờ reviewRequired nên operator cần kiểm tra trước khi cho qua.','{\"rfidUid\": null, \"plateRaw\": \"50K-5270.44\", \"openTicket\": null, \"plateFamily\": \"DOMESTIC\", \"deviceHealth\": \"UNKNOWN\", \"plateCompact\": \"50KS27044\", \"rfidTicketId\": null, \"laneDirection\": \"ENTRY\", \"ocrConfidence\": 0.92, \"paymentStatus\": \"NOT_APPLICABLE\", \"plateTicketId\": null, \"plateValidity\": \"REVIEW\", \"activePresence\": null, \"presenceActive\": true, \"credentialStatus\": \"UNKNOWN\", \"paymentResolution\": null, \"openTicketSelection\": {\"mismatch\": false, \"selectedBy\": null, \"rfidTicketId\": null, \"plateTicketId\": null}, \"deviceHealthSnapshot\": {\"health\": \"UNKNOWN\", \"status\": null, \"ageSeconds\": null, \"reportedAt\": null}}','{\"ocrReviewMin\": 0.75, \"engineVersion\": \"PR08_EXIT_FLOW_V1\", \"ocrApproveMin\": 0.9, \"offlineHeartbeatAgeSeconds\": 300, \"degradedHeartbeatAgeSeconds\": 120}','2026-03-07 20:37:31'),(10,7,19,5,'REVIEW_REQUIRED','REVIEW','PLATE_REVIEW_REQUIRED','Plate canonicalization gắn cờ reviewRequired nên operator cần kiểm tra trước khi cho qua.','{\"rfidUid\": null, \"plateRaw\": \"61L-1691.66\", \"openTicket\": null, \"plateFamily\": \"DOMESTIC\", \"deviceHealth\": \"UNKNOWN\", \"plateCompact\": \"61LI69166\", \"rfidTicketId\": null, \"laneDirection\": \"ENTRY\", \"ocrConfidence\": 0.92, \"paymentStatus\": \"NOT_APPLICABLE\", \"plateTicketId\": null, \"plateValidity\": \"REVIEW\", \"activePresence\": null, \"presenceActive\": true, \"credentialStatus\": \"UNKNOWN\", \"paymentResolution\": null, \"openTicketSelection\": {\"mismatch\": false, \"selectedBy\": null, \"rfidTicketId\": null, \"plateTicketId\": null}, \"deviceHealthSnapshot\": {\"health\": \"UNKNOWN\", \"status\": null, \"ageSeconds\": null, \"reportedAt\": null}}','{\"ocrReviewMin\": 0.75, \"engineVersion\": \"PR08_EXIT_FLOW_V1\", \"ocrApproveMin\": 0.9, \"offlineHeartbeatAgeSeconds\": 300, \"degradedHeartbeatAgeSeconds\": 120}','2026-03-07 20:39:25'),(11,7,19,5,'AUTO_APPROVED','APPROVE','MANUAL_APPROVE','Thao tác từ Session History','{\"source\": \"MANUAL_OVERRIDE\", \"recommendedAction\": \"APPROVE\"}','{\"source\": \"MANUAL_OVERRIDE\"}','2026-03-07 20:40:40'),(12,8,19,5,'AUTO_APPROVED','APPROVE','ENTRY_CLEAR','Lane ENTRY không có tín hiệu chặn, plate/RFID đạt ngưỡng và có thể auto-approve.','{\"rfidUid\": null, \"plateRaw\": \"50-AF 668.79\", \"openTicket\": null, \"plateFamily\": \"DOMESTIC\", \"deviceHealth\": \"UNKNOWN\", \"plateCompact\": \"50AF66879\", \"rfidTicketId\": null, \"laneDirection\": \"ENTRY\", \"ocrConfidence\": 0.99, \"paymentStatus\": \"NOT_APPLICABLE\", \"plateTicketId\": null, \"plateValidity\": \"STRICT_VALID\", \"activePresence\": null, \"presenceActive\": true, \"credentialStatus\": \"UNKNOWN\", \"paymentResolution\": null, \"openTicketSelection\": {\"mismatch\": false, \"selectedBy\": null, \"rfidTicketId\": null, \"plateTicketId\": null}, \"deviceHealthSnapshot\": {\"health\": \"UNKNOWN\", \"status\": null, \"ageSeconds\": null, \"reportedAt\": null}}','{\"ocrReviewMin\": 0.75, \"engineVersion\": \"PR08_EXIT_FLOW_V1\", \"ocrApproveMin\": 0.9, \"offlineHeartbeatAgeSeconds\": 300, \"degradedHeartbeatAgeSeconds\": 120}','2026-03-08 07:19:51'),(13,8,19,5,'ANTI_PASSBACK_BLOCKED','DENY','ACTIVE_PRESENCE_EXISTS','Phát hiện active presence trong site cho TICKET+PLATE từ lane GATE_01_ENTRY; entry mới bị chặn để chống anti-passback.','{\"rfidUid\": null, \"plateRaw\": \"50-AF 668.79\", \"openTicket\": {\"ticketId\": \"98309\", \"entryTime\": \"2026-03-08T07:19:51.000Z\", \"matchedBy\": \"PLATE\", \"ticketCode\": \"ENTEDN018\"}, \"plateFamily\": \"DOMESTIC\", \"deviceHealth\": \"UNKNOWN\", \"plateCompact\": \"50AF66879\", \"rfidTicketId\": null, \"laneDirection\": \"ENTRY\", \"ocrConfidence\": 0.99, \"paymentStatus\": \"NOT_APPLICABLE\", \"plateTicketId\": \"98309\", \"plateValidity\": \"STRICT_VALID\", \"activePresence\": {\"rfidUid\": null, \"ticketId\": \"98309\", \"enteredAt\": \"2026-03-08T07:19:51.000Z\", \"matchedBy\": [\"TICKET\", \"PLATE\"], \"sessionId\": \"8\", \"lastSeenAt\": \"2026-03-08T07:19:51.000Z\", \"presenceId\": \"4\", \"plateCompact\": \"50AF66879\", \"entryLaneCode\": \"GATE_01_ENTRY\", \"evidenceReadEventId\": null}, \"presenceActive\": true, \"credentialStatus\": \"UNKNOWN\", \"paymentResolution\": null, \"openTicketSelection\": {\"mismatch\": false, \"selectedBy\": \"PLATE\", \"rfidTicketId\": null, \"plateTicketId\": \"98309\"}, \"deviceHealthSnapshot\": {\"health\": \"UNKNOWN\", \"status\": null, \"ageSeconds\": null, \"reportedAt\": null}}','{\"ocrReviewMin\": 0.75, \"engineVersion\": \"PR08_EXIT_FLOW_V1\", \"ocrApproveMin\": 0.9, \"offlineHeartbeatAgeSeconds\": 300, \"degradedHeartbeatAgeSeconds\": 120}','2026-03-08 07:19:51'),(14,9,2,4,'TICKET_NOT_FOUND','REVIEW','OPEN_TICKET_NOT_FOUND','Không tìm thấy open ticket cho lượt EXIT dựa trên RFID trước rồi plateCompact sau; cần operator review.','{\"rfidUid\": null, \"plateRaw\": \"50-AF 668.79\", \"openTicket\": null, \"plateFamily\": \"DOMESTIC\", \"deviceHealth\": \"UNKNOWN\", \"plateCompact\": \"50AF66879\", \"rfidTicketId\": null, \"laneDirection\": \"EXIT\", \"ocrConfidence\": 0.99, \"paymentStatus\": \"NOT_APPLICABLE\", \"plateTicketId\": null, \"plateValidity\": \"STRICT_VALID\", \"activePresence\": null, \"presenceActive\": true, \"credentialStatus\": \"UNKNOWN\", \"paymentResolution\": null, \"openTicketSelection\": {\"mismatch\": false, \"selectedBy\": null, \"rfidTicketId\": null, \"plateTicketId\": null}, \"deviceHealthSnapshot\": {\"health\": \"UNKNOWN\", \"status\": null, \"ageSeconds\": null, \"reportedAt\": null}}','{\"ocrReviewMin\": 0.75, \"engineVersion\": \"PR08_EXIT_FLOW_V1\", \"ocrApproveMin\": 0.9, \"offlineHeartbeatAgeSeconds\": 300, \"degradedHeartbeatAgeSeconds\": 120}','2026-03-08 07:24:02'),(15,9,2,4,'TICKET_NOT_FOUND','REVIEW','OPEN_TICKET_NOT_FOUND','Không tìm thấy open ticket cho lượt EXIT dựa trên RFID trước rồi plateCompact sau; cần operator review.','{\"rfidUid\": null, \"plateRaw\": \"50-AF 668.79\", \"openTicket\": null, \"plateFamily\": \"DOMESTIC\", \"deviceHealth\": \"UNKNOWN\", \"plateCompact\": \"50AF66879\", \"rfidTicketId\": null, \"laneDirection\": \"EXIT\", \"ocrConfidence\": 0.99, \"paymentStatus\": \"NOT_APPLICABLE\", \"plateTicketId\": null, \"plateValidity\": \"STRICT_VALID\", \"activePresence\": null, \"presenceActive\": true, \"credentialStatus\": \"UNKNOWN\", \"paymentResolution\": null, \"openTicketSelection\": {\"mismatch\": false, \"selectedBy\": null, \"rfidTicketId\": null, \"plateTicketId\": null}, \"deviceHealthSnapshot\": {\"health\": \"UNKNOWN\", \"status\": null, \"ageSeconds\": null, \"reportedAt\": null}}','{\"ocrReviewMin\": 0.75, \"engineVersion\": \"PR08_EXIT_FLOW_V1\", \"ocrApproveMin\": 0.9, \"offlineHeartbeatAgeSeconds\": 300, \"degradedHeartbeatAgeSeconds\": 120}','2026-03-08 07:24:02'),(16,10,2,1,'AUTO_APPROVED','APPROVE','ENTRY_CLEAR','Lane ENTRY không có tín hiệu chặn, plate/RFID đạt ngưỡng và có thể auto-approve.','{\"rfidUid\": null, \"plateRaw\": \"50-AF 668.79\", \"openTicket\": null, \"plateFamily\": \"DOMESTIC\", \"deviceHealth\": \"UNKNOWN\", \"plateCompact\": \"50AF66879\", \"rfidTicketId\": null, \"laneDirection\": \"ENTRY\", \"ocrConfidence\": 0.99, \"paymentStatus\": \"NOT_APPLICABLE\", \"plateTicketId\": null, \"plateValidity\": \"STRICT_VALID\", \"activePresence\": null, \"presenceActive\": true, \"credentialStatus\": \"UNKNOWN\", \"paymentResolution\": null, \"openTicketSelection\": {\"mismatch\": false, \"selectedBy\": null, \"rfidTicketId\": null, \"plateTicketId\": null}, \"deviceHealthSnapshot\": {\"health\": \"UNKNOWN\", \"status\": null, \"ageSeconds\": null, \"reportedAt\": null}}','{\"ocrReviewMin\": 0.75, \"engineVersion\": \"PR08_EXIT_FLOW_V1\", \"ocrApproveMin\": 0.9, \"offlineHeartbeatAgeSeconds\": 300, \"degradedHeartbeatAgeSeconds\": 120}','2026-03-08 07:24:18'),(17,10,2,1,'ANTI_PASSBACK_BLOCKED','DENY','ACTIVE_PRESENCE_EXISTS','Phát hiện active presence trong site cho TICKET+PLATE từ lane GATE_01_ENTRY; entry mới bị chặn để chống anti-passback.','{\"rfidUid\": null, \"plateRaw\": \"50-AF 668.79\", \"openTicket\": {\"ticketId\": \"98310\", \"entryTime\": \"2026-03-08T07:24:18.000Z\", \"matchedBy\": \"PLATE\", \"ticketCode\": \"ENEHCM0110\"}, \"plateFamily\": \"DOMESTIC\", \"deviceHealth\": \"UNKNOWN\", \"plateCompact\": \"50AF66879\", \"rfidTicketId\": null, \"laneDirection\": \"ENTRY\", \"ocrConfidence\": 0.99, \"paymentStatus\": \"NOT_APPLICABLE\", \"plateTicketId\": \"98310\", \"plateValidity\": \"STRICT_VALID\", \"activePresence\": {\"rfidUid\": null, \"ticketId\": \"98310\", \"enteredAt\": \"2026-03-08T07:24:18.000Z\", \"matchedBy\": [\"TICKET\", \"PLATE\"], \"sessionId\": \"10\", \"lastSeenAt\": \"2026-03-08T07:24:18.000Z\", \"presenceId\": \"5\", \"plateCompact\": \"50AF66879\", \"entryLaneCode\": \"GATE_01_ENTRY\", \"evidenceReadEventId\": null}, \"presenceActive\": true, \"credentialStatus\": \"UNKNOWN\", \"paymentResolution\": null, \"openTicketSelection\": {\"mismatch\": false, \"selectedBy\": \"PLATE\", \"rfidTicketId\": null, \"plateTicketId\": \"98310\"}, \"deviceHealthSnapshot\": {\"health\": \"UNKNOWN\", \"status\": null, \"ageSeconds\": null, \"reportedAt\": null}}','{\"ocrReviewMin\": 0.75, \"engineVersion\": \"PR08_EXIT_FLOW_V1\", \"ocrApproveMin\": 0.9, \"offlineHeartbeatAgeSeconds\": 300, \"degradedHeartbeatAgeSeconds\": 120}','2026-03-08 07:24:18'),(18,11,19,5,'ANTI_PASSBACK_BLOCKED','DENY','ACTIVE_PRESENCE_EXISTS','Phát hiện active presence trong site cho TICKET+PLATE từ lane GATE_01_ENTRY; entry mới bị chặn để chống anti-passback.','{\"rfidUid\": null, \"plateRaw\": \"50-af 668.79\", \"openTicket\": {\"ticketId\": \"98309\", \"entryTime\": \"2026-03-08T07:19:51.000Z\", \"matchedBy\": \"PLATE\", \"ticketCode\": \"ENTEDN018\"}, \"plateFamily\": \"DOMESTIC\", \"deviceHealth\": \"UNKNOWN\", \"plateCompact\": \"50AF66879\", \"rfidTicketId\": null, \"laneDirection\": \"ENTRY\", \"ocrConfidence\": 0.99, \"paymentStatus\": \"NOT_APPLICABLE\", \"plateTicketId\": \"98309\", \"plateValidity\": \"STRICT_VALID\", \"activePresence\": {\"rfidUid\": null, \"ticketId\": \"98309\", \"enteredAt\": \"2026-03-08T07:19:51.000Z\", \"matchedBy\": [\"TICKET\", \"PLATE\"], \"sessionId\": \"8\", \"lastSeenAt\": \"2026-03-08T07:19:51.000Z\", \"presenceId\": \"4\", \"plateCompact\": \"50AF66879\", \"entryLaneCode\": \"GATE_01_ENTRY\", \"evidenceReadEventId\": null}, \"presenceActive\": true, \"credentialStatus\": \"UNKNOWN\", \"paymentResolution\": null, \"openTicketSelection\": {\"mismatch\": false, \"selectedBy\": \"PLATE\", \"rfidTicketId\": null, \"plateTicketId\": \"98309\"}, \"deviceHealthSnapshot\": {\"health\": \"UNKNOWN\", \"status\": null, \"ageSeconds\": null, \"reportedAt\": null}}','{\"ocrReviewMin\": 0.75, \"engineVersion\": \"PR08_EXIT_FLOW_V1\", \"ocrApproveMin\": 0.9, \"offlineHeartbeatAgeSeconds\": 300, \"degradedHeartbeatAgeSeconds\": 120}','2026-03-08 07:52:56'),(19,12,19,5,'AUTO_APPROVED','APPROVE','ENTRY_CLEAR','Lane ENTRY không có tín hiệu chặn, plate/RFID đạt ngưỡng và có thể auto-approve.','{\"rfidUid\": null, \"plateRaw\": \"30-AF 668.79\", \"openTicket\": null, \"plateFamily\": \"DOMESTIC\", \"deviceHealth\": \"UNKNOWN\", \"plateCompact\": \"30AF66879\", \"rfidTicketId\": null, \"laneDirection\": \"ENTRY\", \"ocrConfidence\": 0.94, \"paymentStatus\": \"NOT_APPLICABLE\", \"plateTicketId\": null, \"plateValidity\": \"STRICT_VALID\", \"activePresence\": null, \"presenceActive\": true, \"currentLaneCode\": \"GATE_01_ENTRY\", \"credentialStatus\": \"UNKNOWN\", \"currentSessionId\": \"12\", \"paymentResolution\": null, \"openTicketSelection\": {\"mismatch\": false, \"selectedBy\": null, \"rfidTicketId\": null, \"plateTicketId\": null}, \"deviceHealthSnapshot\": {\"health\": \"UNKNOWN\", \"status\": null, \"ageSeconds\": null, \"reportedAt\": null}}','{\"ocrReviewMin\": 0.75, \"engineVersion\": \"PR08_EXIT_FLOW_V1\", \"ocrApproveMin\": 0.9, \"antiPassbackStaleSeconds\": 900, \"offlineHeartbeatAgeSeconds\": 300, \"degradedHeartbeatAgeSeconds\": 120, \"antiPassbackSameLaneDebounceSeconds\": 8}','2026-03-08 08:55:42'),(20,12,19,5,'ANTI_PASSBACK_BLOCKED','DENY','ENTRY_ALREADY_HAS_OPEN_TICKET','Xe đang có open ticket ở hệ thống nên entry lane bị chặn để tránh anti-passback.','{\"rfidUid\": null, \"plateRaw\": \"30-AF 668.79\", \"openTicket\": {\"ticketId\": \"98311\", \"entryTime\": \"2026-03-08T08:55:42.000Z\", \"matchedBy\": \"PLATE\", \"ticketCode\": \"ENTEDN0112\"}, \"plateFamily\": \"DOMESTIC\", \"deviceHealth\": \"UNKNOWN\", \"plateCompact\": \"30AF66879\", \"rfidTicketId\": null, \"laneDirection\": \"ENTRY\", \"ocrConfidence\": 0.94, \"paymentStatus\": \"NOT_APPLICABLE\", \"plateTicketId\": \"98311\", \"plateValidity\": \"STRICT_VALID\", \"activePresence\": null, \"presenceActive\": true, \"currentLaneCode\": \"GATE_01_ENTRY\", \"credentialStatus\": \"UNKNOWN\", \"currentSessionId\": \"12\", \"paymentResolution\": null, \"openTicketSelection\": {\"mismatch\": false, \"selectedBy\": \"PLATE\", \"rfidTicketId\": null, \"plateTicketId\": \"98311\"}, \"deviceHealthSnapshot\": {\"health\": \"UNKNOWN\", \"status\": null, \"ageSeconds\": null, \"reportedAt\": null}}','{\"ocrReviewMin\": 0.75, \"engineVersion\": \"PR08_EXIT_FLOW_V1\", \"ocrApproveMin\": 0.9, \"antiPassbackStaleSeconds\": 900, \"offlineHeartbeatAgeSeconds\": 300, \"degradedHeartbeatAgeSeconds\": 120, \"antiPassbackSameLaneDebounceSeconds\": 8}','2026-03-08 08:55:42'),(21,13,19,5,'REVIEW_REQUIRED','REVIEW','OCR_CONFIDENCE_TOO_LOW','OCR confidence thấp hơn review threshold (0.00 < 0.75).','{\"rfidUid\": null, \"plateRaw\": \"99E1 222.68\", \"openTicket\": null, \"plateFamily\": \"DOMESTIC\", \"deviceHealth\": \"UNKNOWN\", \"plateCompact\": \"99EI22268\", \"rfidTicketId\": null, \"laneDirection\": \"ENTRY\", \"ocrConfidence\": 0, \"paymentStatus\": \"NOT_APPLICABLE\", \"plateTicketId\": null, \"plateValidity\": \"REVIEW\", \"activePresence\": null, \"presenceActive\": true, \"currentLaneCode\": null, \"credentialStatus\": \"UNKNOWN\", \"currentSessionId\": null, \"paymentResolution\": null, \"openTicketSelection\": {\"mismatch\": false, \"selectedBy\": null, \"rfidTicketId\": null, \"plateTicketId\": null}, \"deviceHealthSnapshot\": {\"health\": \"UNKNOWN\", \"status\": null, \"ageSeconds\": null, \"reportedAt\": null}}','{\"ocrReviewMin\": 0.75, \"engineVersion\": \"PR08_EXIT_FLOW_V1\", \"ocrApproveMin\": 0.9, \"antiPassbackStaleSeconds\": 900, \"offlineHeartbeatAgeSeconds\": 300, \"degradedHeartbeatAgeSeconds\": 120, \"antiPassbackSameLaneDebounceSeconds\": 8}','2026-03-10 16:18:39'),(22,13,19,5,'AUTO_APPROVED','APPROVE','MANUAL_APPROVE','Thao tác từ Session History','{\"source\": \"MANUAL_OVERRIDE\", \"recommendedAction\": \"APPROVE\"}','{\"source\": \"MANUAL_OVERRIDE\"}','2026-03-10 17:50:05'),(23,14,19,5,'REVIEW_REQUIRED','REVIEW','OCR_CONFIDENCE_TOO_LOW','OCR confidence thấp hơn review threshold (0.00 < 0.75).','{\"rfidUid\": null, \"plateRaw\": \"20-AA 567.89\", \"openTicket\": null, \"plateFamily\": \"DOMESTIC\", \"deviceHealth\": \"UNKNOWN\", \"plateCompact\": \"20AA56789\", \"rfidTicketId\": null, \"laneDirection\": \"ENTRY\", \"ocrConfidence\": 0, \"paymentStatus\": \"NOT_APPLICABLE\", \"plateTicketId\": null, \"plateValidity\": \"STRICT_VALID\", \"activePresence\": null, \"presenceActive\": true, \"currentLaneCode\": null, \"credentialStatus\": \"UNKNOWN\", \"currentSessionId\": null, \"paymentResolution\": null, \"openTicketSelection\": {\"mismatch\": false, \"selectedBy\": null, \"rfidTicketId\": null, \"plateTicketId\": null}, \"deviceHealthSnapshot\": {\"health\": \"UNKNOWN\", \"status\": null, \"ageSeconds\": null, \"reportedAt\": null}}','{\"ocrReviewMin\": 0.75, \"engineVersion\": \"PR08_EXIT_FLOW_V1\", \"ocrApproveMin\": 0.9, \"antiPassbackStaleSeconds\": 900, \"offlineHeartbeatAgeSeconds\": 300, \"degradedHeartbeatAgeSeconds\": 120, \"antiPassbackSameLaneDebounceSeconds\": 8}','2026-03-11 10:35:32'),(24,14,19,5,'REVIEW_REQUIRED','REVIEW','OCR_CONFIDENCE_TOO_LOW','OCR confidence thấp hơn review threshold (0.00 < 0.75).','{\"rfidUid\": null, \"plateRaw\": \"20-AA 567.89\", \"openTicket\": null, \"plateFamily\": \"DOMESTIC\", \"deviceHealth\": \"UNKNOWN\", \"plateCompact\": \"20AA56789\", \"rfidTicketId\": null, \"laneDirection\": \"ENTRY\", \"ocrConfidence\": 0, \"paymentStatus\": \"NOT_APPLICABLE\", \"plateTicketId\": null, \"plateValidity\": \"STRICT_VALID\", \"activePresence\": null, \"presenceActive\": true, \"currentLaneCode\": null, \"credentialStatus\": \"UNKNOWN\", \"currentSessionId\": null, \"paymentResolution\": null, \"openTicketSelection\": {\"mismatch\": false, \"selectedBy\": null, \"rfidTicketId\": null, \"plateTicketId\": null}, \"deviceHealthSnapshot\": {\"health\": \"UNKNOWN\", \"status\": null, \"ageSeconds\": null, \"reportedAt\": null}}','{\"ocrReviewMin\": 0.75, \"engineVersion\": \"PR08_EXIT_FLOW_V1\", \"ocrApproveMin\": 0.9, \"antiPassbackStaleSeconds\": 900, \"offlineHeartbeatAgeSeconds\": 300, \"degradedHeartbeatAgeSeconds\": 120, \"antiPassbackSameLaneDebounceSeconds\": 8}','2026-03-11 10:35:35'),(25,18,2,1,'REVIEW_REQUIRED','REVIEW','PLATE_REVIEW_REQUIRED','Capture ALPR mở mới session và chờ quyết định','{\"rfidUid\": null, \"readType\": \"ALPR\", \"sensorState\": null, \"plateCompact\": \"51AI2345\", \"presenceActive\": true}','{\"source\": \"resolveOrCreateSession\", \"orchestrator\": \"PR05_CAPTURE\"}','2026-03-11 17:32:23'),(26,19,2,1,'REVIEW_REQUIRED','REVIEW','PLATE_REVIEW_REQUIRED','Capture ALPR mở mới session và chờ quyết định','{\"rfidUid\": null, \"readType\": \"ALPR\", \"sensorState\": null, \"plateCompact\": \"51AI2345\", \"presenceActive\": true}','{\"source\": \"resolveOrCreateSession\", \"orchestrator\": \"PR05_CAPTURE\"}','2026-03-11 17:34:21');
/*!40000 ALTER TABLE `gate_decisions` ENABLE KEYS */;
UNLOCK TABLES;

--
-- Table structure for table `gate_devices`
--

DROP TABLE IF EXISTS `gate_devices`;
/*!40101 SET @saved_cs_client     = @@character_set_client */;
/*!50503 SET character_set_client = utf8mb4 */;
CREATE TABLE `gate_devices` (
  `device_id` bigint NOT NULL AUTO_INCREMENT,
  `site_id` bigint NOT NULL,
  `device_code` varchar(32) NOT NULL,
  `device_type` enum('RFID_READER','CAMERA_ALPR','BARRIER','LOOP_SENSOR') NOT NULL,
  `direction` enum('ENTRY','EXIT') NOT NULL,
  `location_hint` varchar(255) DEFAULT NULL,
  PRIMARY KEY (`device_id`),
  UNIQUE KEY `uq_device_code` (`site_id`,`device_code`),
  KEY `ix_devices_site` (`site_id`),
  KEY `ix_devices_site_type` (`site_id`,`device_type`),
  KEY `ix_devices_site_dir` (`site_id`,`direction`),
  CONSTRAINT `fk_devices_site` FOREIGN KEY (`site_id`) REFERENCES `parking_sites` (`site_id`)
) ENGINE=InnoDB AUTO_INCREMENT=992 DEFAULT CHARSET=utf8mb4 COLLATE=utf8mb4_0900_ai_ci;
/*!40101 SET character_set_client = @saved_cs_client */;

--
-- Dumping data for table `gate_devices`
--

LOCK TABLES `gate_devices` WRITE;
/*!40000 ALTER TABLE `gate_devices` DISABLE KEYS */;
INSERT INTO `gate_devices` VALUES (3,2,'GATE_ENTRY_01','RFID_READER','ENTRY','Gate 01 · Lane ENTRY'),(5,2,'GATE_EXIT_01','RFID_READER','EXIT','Gate 01 · Lane EXIT'),(22,2,'GATE_ENTRY_02','RFID_READER','ENTRY','Gate 02 · Lane ENTRY'),(23,2,'GATE_EXIT_02','RFID_READER','EXIT','Gate 02 · Lane EXIT'),(26,19,'GATE_ENTRY_01','RFID_READER','ENTRY','Gate 01 · Lane ENTRY'),(27,19,'GATE_EXIT_01','RFID_READER','EXIT','Gate 01 · Lane EXIT'),(28,19,'GATE_ENTRY_02','RFID_READER','ENTRY','Gate 02 · Lane ENTRY'),(29,19,'GATE_EXIT_02','RFID_READER','EXIT','Gate 02 · Lane EXIT'),(30,2,'GATE_01_ENTRY_CAMERA','CAMERA_ALPR','ENTRY','Gate 01 - ENTRY - Camera'),(31,2,'GATE_01_ENTRY_RFID','RFID_READER','ENTRY','Gate 01 - ENTRY - RFID'),(32,2,'GATE_01_ENTRY_LOOP','LOOP_SENSOR','ENTRY','Gate 01 - ENTRY - Loop Sensor'),(33,2,'GATE_01_ENTRY_BARRIER','BARRIER','ENTRY','Gate 01 - ENTRY - Barrier'),(34,2,'GATE_01_EXIT_CAMERA','CAMERA_ALPR','EXIT','Gate 01 - EXIT - Camera'),(35,2,'GATE_01_EXIT_RFID','RFID_READER','EXIT','Gate 01 - EXIT - RFID'),(36,2,'GATE_01_EXIT_LOOP','LOOP_SENSOR','EXIT','Gate 01 - EXIT - Loop Sensor'),(37,2,'GATE_01_EXIT_BARRIER','BARRIER','EXIT','Gate 01 - EXIT - Barrier'),(38,2,'GATE_02_ENTRY_CAMERA','CAMERA_ALPR','ENTRY','Gate 02 - ENTRY - Camera'),(39,2,'GATE_02_ENTRY_RFID','RFID_READER','ENTRY','Gate 02 - ENTRY - RFID'),(40,2,'GATE_02_ENTRY_LOOP','LOOP_SENSOR','ENTRY','Gate 02 - ENTRY - Loop Sensor'),(41,2,'GATE_02_ENTRY_BARRIER','BARRIER','ENTRY','Gate 02 - ENTRY - Barrier'),(42,2,'GATE_02_EXIT_CAMERA','CAMERA_ALPR','EXIT','Gate 02 - EXIT - Camera'),(43,2,'GATE_02_EXIT_RFID','RFID_READER','EXIT','Gate 02 - EXIT - RFID'),(44,2,'GATE_02_EXIT_LOOP','LOOP_SENSOR','EXIT','Gate 02 - EXIT - Loop Sensor'),(45,2,'GATE_02_EXIT_BARRIER','BARRIER','EXIT','Gate 02 - EXIT - Barrier'),(46,19,'GATE_01_ENTRY_CAMERA','CAMERA_ALPR','ENTRY','Gate 01 - ENTRY - Camera'),(47,19,'GATE_01_ENTRY_RFID','RFID_READER','ENTRY','Gate 01 - ENTRY - RFID'),(48,19,'GATE_01_ENTRY_LOOP','LOOP_SENSOR','ENTRY','Gate 01 - ENTRY - Loop Sensor'),(49,19,'GATE_01_ENTRY_BARRIER','BARRIER','ENTRY','Gate 01 - ENTRY - Barrier'),(50,19,'GATE_01_EXIT_CAMERA','CAMERA_ALPR','EXIT','Gate 01 - EXIT - Camera'),(51,19,'GATE_01_EXIT_RFID','RFID_READER','EXIT','Gate 01 - EXIT - RFID'),(52,19,'GATE_01_EXIT_LOOP','LOOP_SENSOR','EXIT','Gate 01 - EXIT - Loop Sensor'),(53,19,'GATE_01_EXIT_BARRIER','BARRIER','EXIT','Gate 01 - EXIT - Barrier'),(54,19,'GATE_02_ENTRY_CAMERA','CAMERA_ALPR','ENTRY','Gate 02 - ENTRY - Camera'),(55,19,'GATE_02_ENTRY_RFID','RFID_READER','ENTRY','Gate 02 - ENTRY - RFID'),(56,19,'GATE_02_ENTRY_LOOP','LOOP_SENSOR','ENTRY','Gate 02 - ENTRY - Loop Sensor'),(57,19,'GATE_02_ENTRY_BARRIER','BARRIER','ENTRY','Gate 02 - ENTRY - Barrier'),(58,19,'GATE_02_EXIT_CAMERA','CAMERA_ALPR','EXIT','Gate 02 - EXIT - Camera'),(59,19,'GATE_02_EXIT_RFID','RFID_READER','EXIT','Gate 02 - EXIT - RFID'),(60,19,'GATE_02_EXIT_LOOP','LOOP_SENSOR','EXIT','Gate 02 - EXIT - Loop Sensor'),(61,19,'GATE_02_EXIT_BARRIER','BARRIER','EXIT','Gate 02 - EXIT - Barrier');
/*!40000 ALTER TABLE `gate_devices` ENABLE KEYS */;
UNLOCK TABLES;

--
-- Table structure for table `gate_event_outbox`
--

DROP TABLE IF EXISTS `gate_event_outbox`;
/*!40101 SET @saved_cs_client     = @@character_set_client */;
/*!50503 SET character_set_client = utf8mb4 */;
CREATE TABLE `gate_event_outbox` (
  `outbox_id` bigint NOT NULL AUTO_INCREMENT,
  `site_id` bigint NOT NULL,
  `event_id` bigint NOT NULL,
  `event_time` datetime NOT NULL,
  `mongo_collection` varchar(64) NOT NULL DEFAULT 'device_events',
  `payload_json` json NOT NULL,
  `status` enum('PENDING','SENT','FAILED') NOT NULL DEFAULT 'PENDING',
  `sent_at` datetime DEFAULT NULL,
  `attempts` int NOT NULL DEFAULT '0',
  `last_error` text,
  `mongo_doc_id` varchar(64) DEFAULT NULL,
  `created_at` datetime NOT NULL DEFAULT CURRENT_TIMESTAMP,
  `updated_at` datetime NOT NULL DEFAULT CURRENT_TIMESTAMP ON UPDATE CURRENT_TIMESTAMP,
  `next_retry_at` datetime DEFAULT NULL,
  PRIMARY KEY (`outbox_id`),
  UNIQUE KEY `uq_outbox_event` (`site_id`,`event_id`,`event_time`),
  KEY `ix_outbox_status_created` (`status`,`created_at`),
  KEY `ix_outbox_next_retry` (`status`,`next_retry_at`)
) ENGINE=InnoDB AUTO_INCREMENT=286 DEFAULT CHARSET=utf8mb4 COLLATE=utf8mb4_0900_ai_ci;
/*!40101 SET character_set_client = @saved_cs_client */;

--
-- Dumping data for table `gate_event_outbox`
--

LOCK TABLES `gate_event_outbox` WRITE;
/*!40000 ALTER TABLE `gate_event_outbox` DISABLE KEYS */;
INSERT INTO `gate_event_outbox` VALUES (1,1,1,'2026-02-24 03:17:38','device_events','{\"mysql\": {\"site_id\": \"1\", \"rfid_uid\": \"TEST_001\", \"device_id\": \"1\", \"direction\": \"ENTRY\", \"image_url\": \"https://example.com/snapshots/entry_001.jpg\", \"ticket_id\": null, \"event_time\": \"2026-02-24T03:17:38.000Z\", \"idempotency_key\": \"SITE1|DEV1|ENTRY|2026-02-24T03:17:38.159Z|RFID:TEST_001\", \"license_plate_raw\": \"51A-999.99\"}, \"created_at\": \"2026-02-24T03:17:38.231Z\", \"raw_payload\": {\"bounding_box\": {\"h\": 40, \"w\": 100, \"x\": 10, \"y\": 20}, \"ocr_confidence\": 0.92, \"device_metadata\": {\"temp\": \"36C\", \"firmware\": \"1.0.0\"}}}','SENT',NULL,0,NULL,'699d1852e6dac002cd2c674b','2026-02-24 03:17:38','2026-02-24 03:17:38',NULL),(3,1,3,'2026-02-24 04:31:37','device_events','{\"mysql\": {\"site_id\": \"1\", \"rfid_uid\": \"TEST_001\", \"device_id\": \"1\", \"direction\": \"ENTRY\", \"image_url\": \"https://example.com/snapshots/entry_001.jpg\", \"ticket_id\": null, \"event_time\": \"2026-02-24T04:31:37.000Z\", \"idempotency_key\": \"SITE1|DEV1|ENTRY|2026-02-24T04:31:37.767Z|RFID:TEST_001\", \"license_plate_raw\": \"51A-999.99\"}, \"created_at\": \"2026-02-24T04:31:37.780Z\", \"raw_payload\": {\"ocr_confidence\": 0.92, \"device_metadata\": {\"temp\": \"36C\", \"firmware\": \"1.0.0\"}}}','SENT',NULL,0,NULL,'699d2a882277f442e5dcef94','2026-02-24 04:31:38','2026-02-24 04:31:38',NULL),(5,1,4,'2026-02-24 04:59:43','device_events','{\"mysql\": {\"site_id\": \"1\", \"rfid_uid\": \"TEST_001\", \"device_id\": \"1\", \"direction\": \"ENTRY\", \"image_url\": \"https://example.com/snapshots/entry_001.jpg\", \"ticket_id\": null, \"event_time\": \"2026-02-24T04:59:43.000Z\", \"idempotency_key\": \"SITE1|DEV1|ENTRY|2026-02-24T04:59:43.977Z|RFID:TEST_001\", \"license_plate_raw\": \"51A-999.99\"}, \"created_at\": \"2026-02-24T04:59:44.132Z\", \"raw_payload\": {\"ocr_confidence\": 0.92, \"device_metadata\": {\"temp\": \"36C\", \"firmware\": \"1.0.0\"}}}','SENT','2026-02-24 05:00:01',0,NULL,'699d3051017d5dd667074ed5','2026-02-24 04:59:44','2026-02-24 05:00:01',NULL),(7,1,5,'2026-02-24 10:28:27','device_events','{\"mysql\": {\"site_id\": \"1\", \"rfid_uid\": \"TEST_001\", \"device_id\": \"1\", \"direction\": \"ENTRY\", \"image_url\": \"https://example.com/snapshots/entry_001.jpg\", \"ticket_id\": null, \"event_time\": \"2026-02-24T10:28:27.000Z\", \"idempotency_key\": \"SITE1|DEV1|ENTRY|2026-02-24T10:28:27.667Z|RFID:TEST_001\", \"license_plate_raw\": \"51A-999.99\"}, \"created_at\": \"2026-02-24T10:28:27.842Z\", \"raw_payload\": {\"ocr_confidence\": 0.92, \"device_metadata\": {\"temp\": \"36C\", \"firmware\": \"1.0.0\"}}}','SENT','2026-02-24 10:28:34',0,NULL,'699d7d51104c939c5c4a332e','2026-02-24 10:28:28','2026-02-24 10:28:34',NULL),(135,1,200006,'2026-02-28 19:08:47','device_events','{\"mysql\": {\"site_id\": \"1\", \"rfid_uid\": \"TEST_001\", \"device_id\": \"1\", \"direction\": \"ENTRY\", \"image_url\": \"https://example.com/snapshots/entry_001.jpg\", \"ticket_id\": null, \"event_time\": \"2026-02-28T19:08:47.000Z\", \"idempotency_key\": \"SITE1|DEV1|ENTRY|2026-02-28T19:08:47.701Z|RFID:TEST_001\", \"license_plate_raw\": \"51A-999.99\"}, \"created_at\": \"2026-02-28T19:08:47.840Z\", \"raw_payload\": {\"ocr_confidence\": 0.92, \"device_metadata\": {\"temp\": \"36C\", \"firmware\": \"1.0.0\"}}}','SENT','2026-02-28 19:20:34',0,NULL,'69a34002ad5db7120f171b75','2026-02-28 19:08:48','2026-02-28 19:20:34',NULL),(137,2,200007,'2026-02-28 19:20:24','device_events','{\"mysql\": {\"site_id\": \"2\", \"rfid_uid\": \"TEST_001\", \"device_id\": \"3\", \"direction\": \"ENTRY\", \"image_url\": \"https://example.com/snapshots/entry_001.jpg\", \"ticket_id\": null, \"event_time\": \"2026-02-28T19:20:24.000Z\", \"idempotency_key\": \"SITE2|DEV3|ENTRY|2026-02-28T19:20:24.922Z|RFID:TEST_001\", \"license_plate_raw\": \"51A-999.99\"}, \"created_at\": \"2026-02-28T19:20:24.927Z\", \"raw_payload\": {\"ocr_confidence\": 0.92, \"device_metadata\": {\"temp\": \"36C\", \"firmware\": \"1.0.0\"}}}','SENT','2026-02-28 19:20:34',0,NULL,'69a34002ad5db7120f171b76','2026-02-28 19:20:25','2026-02-28 19:20:34',NULL),(139,2,200008,'2026-02-28 20:05:14','device_events','{\"mysql\": {\"site_id\": \"2\", \"rfid_uid\": \"TEST_001\", \"device_id\": \"3\", \"direction\": \"ENTRY\", \"image_url\": \"https://example.com/snapshots/entry_001.jpg\", \"ticket_id\": null, \"event_time\": \"2026-02-28T20:05:14.000Z\", \"idempotency_key\": \"SITE2|DEV3|ENTRY|2026-02-28T20:05:14.845Z|RFID:TEST_001\", \"license_plate_raw\": \"51A-999.99\"}, \"created_at\": \"2026-02-28T20:05:14.850Z\", \"raw_payload\": {\"ocr_confidence\": 0.92, \"device_metadata\": {\"temp\": \"36C\", \"firmware\": \"1.0.0\"}}}','SENT','2026-02-28 20:05:16',0,NULL,'69a34a7b77644218be524da1','2026-02-28 20:05:15','2026-02-28 20:05:16',NULL),(141,2,200009,'2026-02-28 20:06:41','device_events','{\"mysql\": {\"site_id\": \"2\", \"rfid_uid\": \"TEST_001\", \"device_id\": \"3\", \"direction\": \"ENTRY\", \"image_url\": \"https://example.com/snapshots/entry_001.jpg\", \"ticket_id\": null, \"event_time\": \"2026-02-28T20:06:41.000Z\", \"idempotency_key\": \"SITE2|DEV3|ENTRY|2026-02-28T20:06:41.020Z|RFID:TEST_001\", \"license_plate_raw\": \"51A-999.99\"}, \"created_at\": \"2026-02-28T20:06:41.025Z\", \"raw_payload\": {\"ocr_confidence\": 0.92, \"device_metadata\": {\"temp\": \"36C\", \"firmware\": \"1.0.0\"}}}','SENT','2026-02-28 20:06:42',0,NULL,'69a34ad102f1999506f249ea','2026-02-28 20:06:41','2026-02-28 20:06:42',NULL),(143,2,200010,'2026-03-01 07:34:04','device_events','{\"mysql\": {\"site_id\": \"2\", \"rfid_uid\": \"TEST_001\", \"device_id\": \"3\", \"direction\": \"ENTRY\", \"image_url\": \"https://example.com/snapshots/entry_001.jpg\", \"ticket_id\": null, \"event_time\": \"2026-03-01T07:34:04.000Z\", \"idempotency_key\": \"SITE2|DEV3|ENTRY|2026-03-01T07:34:04.182Z|RFID:TEST_001\", \"license_plate_raw\": \"51A-999.99\"}, \"created_at\": \"2026-03-01T07:34:04.190Z\", \"raw_payload\": {\"ocr_confidence\": 0.92, \"device_metadata\": {\"temp\": \"36C\", \"firmware\": \"1.0.0\"}}}','SENT','2026-03-01 07:34:05',0,NULL,'69a3ebedc56b864179a7a002','2026-03-01 07:34:04','2026-03-01 07:34:05',NULL),(145,2,200011,'2026-03-01 08:00:00','device_events','{\"mysql\": {\"site_id\": \"2\", \"rfid_uid\": \"RFID_DEMO_001\", \"device_id\": \"3\", \"direction\": \"ENTRY\", \"image_url\": null, \"ticket_id\": null, \"event_time\": \"2026-03-01T08:00:00.000Z\", \"idempotency_key\": \"idem_0d4cc68b-3847-45\", \"license_plate_raw\": \"36I-2413.34\"}, \"created_at\": \"2026-03-01T07:34:30.486Z\", \"raw_payload\": {\"plate\": \"36I-2413.34\", \"alprMock\": true, \"capturedAt\": \"2026-03-01T08:00:00.000Z\"}}','SENT','2026-03-01 07:34:31',0,NULL,'69a3ec069a995b23285eddc1','2026-03-01 07:34:31','2026-03-01 07:34:31',NULL),(147,2,200012,'2026-03-01 08:00:00','device_events','{\"mysql\": {\"site_id\": \"2\", \"rfid_uid\": \"RFID_DEMO_001\", \"device_id\": \"3\", \"direction\": \"ENTRY\", \"image_url\": null, \"ticket_id\": null, \"event_time\": \"2026-03-01T08:00:00.000Z\", \"idempotency_key\": \"idem_b8441611-567a-45\", \"license_plate_raw\": \"61D-5679.30\"}, \"created_at\": \"2026-03-01T07:34:59.079Z\", \"raw_payload\": {\"plate\": \"61D-5679.30\", \"alprMock\": true, \"capturedAt\": \"2026-03-01T08:00:00.000Z\"}}','SENT','2026-03-01 07:34:59',0,NULL,'69a3ec23fc95f445a8cbf8ef','2026-03-01 07:34:59','2026-03-01 07:34:59',NULL),(149,2,200013,'2026-03-01 08:00:00','device_events','{\"mysql\": {\"site_id\": \"2\", \"rfid_uid\": \"RFID_DEMO_001\", \"device_id\": \"3\", \"direction\": \"ENTRY\", \"image_url\": null, \"ticket_id\": null, \"event_time\": \"2026-03-01T08:00:00.000Z\", \"idempotency_key\": \"idem_0e08f750-b1dd-4d\", \"license_plate_raw\": \"17A-9154.78\"}, \"created_at\": \"2026-03-01T07:36:49.639Z\", \"raw_payload\": {\"plate\": \"17A-9154.78\", \"alprMock\": true, \"capturedAt\": \"2026-03-01T08:00:00.000Z\"}}','SENT','2026-03-01 07:36:50',0,NULL,'69a3ec91afd4a251b4f56a38','2026-03-01 07:36:50','2026-03-01 07:36:50',NULL),(151,2,200014,'2026-03-04 07:47:30','device_events','{\"mysql\": {\"site_id\": \"2\", \"rfid_uid\": \"TEST_001\", \"device_id\": \"3\", \"direction\": \"ENTRY\", \"image_url\": \"https://example.com/snapshots/entry_001.jpg\", \"ticket_id\": null, \"event_time\": \"2026-03-04T07:47:30.000Z\", \"idempotency_key\": \"SITE2|DEV3|ENTRY|2026-03-04T07:47:30.642Z|RFID:TEST_001\", \"license_plate_raw\": \"51A-999.99\"}, \"created_at\": \"2026-03-04T07:47:30.647Z\", \"raw_payload\": {\"ocr_confidence\": 0.92, \"device_metadata\": {\"temp\": \"36C\", \"firmware\": \"1.0.0\"}}}','SENT','2026-03-04 07:47:32',0,NULL,'69a7e39304922e3b46c3d08a','2026-03-04 07:47:31','2026-03-04 07:47:32',NULL),(153,2,200015,'2026-03-05 15:12:03','device_events','{\"mysql\": {\"site_id\": \"2\", \"rfid_uid\": \"TEST_001\", \"device_id\": \"3\", \"direction\": \"ENTRY\", \"image_url\": \"https://example.com/snapshots/entry_001.jpg\", \"ticket_id\": null, \"event_time\": \"2026-03-05T15:12:03.000Z\", \"idempotency_key\": \"SITE2|DEV3|ENTRY|2026-03-05T15:12:03.840Z|RFID:TEST_001\", \"license_plate_raw\": \"51A-999.99\"}, \"created_at\": \"2026-03-05T15:12:03.845Z\", \"raw_payload\": {\"ocr_confidence\": 0.92, \"device_metadata\": {\"temp\": \"36C\", \"firmware\": \"1.0.0\"}}}','SENT','2026-03-05 15:12:05',0,NULL,'69a99d449f2d213053f74f1b','2026-03-05 15:12:04','2026-03-05 15:12:05',NULL),(155,2,200016,'2026-03-05 16:03:46','device_events','{\"mysql\": {\"site_id\": \"2\", \"rfid_uid\": null, \"device_id\": \"3\", \"direction\": \"EXIT\", \"image_url\": \"/uploads/20260305_160346_7da43231.png\", \"ticket_id\": null, \"event_time\": \"2026-03-05T16:03:46.000Z\", \"idempotency_key\": \"ui_1772726626740_841dd469\", \"license_plate_raw\": \"14G-6514.94\"}, \"created_at\": \"2026-03-05T16:03:46.753Z\", \"raw_payload\": {\"plate\": \"14G-6514.94\", \"alprMock\": true, \"alprResult\": {\"raw\": {\"mode\": \"MOCK\", \"imageUrl\": \"/uploads/20260305_160346_7da43231.png\"}, \"plate\": \"14G-6514.94\", \"confidence\": 0.92}, \"capturedAt\": \"2026-03-05T16:03:46.000Z\"}}','SENT','2026-03-06 15:45:15',0,NULL,'69aaf68bcce0cd4bdf1b2cda','2026-03-05 16:03:47','2026-03-06 15:45:15',NULL),(156,2,200017,'2026-03-05 16:11:13','device_events','{\"mysql\": {\"site_id\": \"2\", \"rfid_uid\": null, \"device_id\": \"3\", \"direction\": \"ENTRY\", \"image_url\": null, \"ticket_id\": null, \"event_time\": \"2026-03-05T16:11:13.000Z\", \"idempotency_key\": \"ui_1772727073709_2f4b53fc\", \"license_plate_raw\": \"60C-1309.35\"}, \"created_at\": \"2026-03-05T16:11:13.716Z\", \"raw_payload\": {\"plate\": \"60C-1309.35\", \"alprMock\": true, \"alprResult\": {\"raw\": {\"mode\": \"MOCK\", \"imageUrl\": null}, \"plate\": \"60C-1309.35\", \"confidence\": 0.92}, \"capturedAt\": \"2026-03-05T16:11:13.000Z\"}}','SENT','2026-03-06 15:45:16',0,NULL,'69aaf68bcce0cd4bdf1b2cdb','2026-03-05 16:11:14','2026-03-06 15:45:16',NULL),(157,2,200018,'2026-03-05 16:34:08','device_events','{\"mysql\": {\"site_id\": \"2\", \"rfid_uid\": null, \"device_id\": \"3\", \"direction\": \"ENTRY\", \"image_url\": \"/uploads/20260305_163408_bcf793c5.png\", \"ticket_id\": null, \"event_time\": \"2026-03-05T16:34:08.000Z\", \"idempotency_key\": \"ui_1772728448489_89054426\", \"license_plate_raw\": \"59H-4175.17\"}, \"created_at\": \"2026-03-05T16:34:08.496Z\", \"raw_payload\": {\"plate\": \"59H-4175.17\", \"alprMock\": true, \"alprResult\": {\"raw\": {\"mode\": \"MOCK\", \"imageUrl\": \"/uploads/20260305_163408_bcf793c5.png\"}, \"plate\": \"59H-4175.17\", \"confidence\": 0.92}, \"capturedAt\": \"2026-03-05T16:34:08.000Z\"}}','SENT','2026-03-06 15:45:16',0,NULL,'69aaf68bcce0cd4bdf1b2cdc','2026-03-05 16:34:08','2026-03-06 15:45:16',NULL),(158,2,200019,'2026-03-05 18:32:44','device_events','{\"mysql\": {\"site_id\": \"2\", \"rfid_uid\": null, \"device_id\": \"3\", \"direction\": \"ENTRY\", \"image_url\": null, \"ticket_id\": null, \"event_time\": \"2026-03-05T18:32:44.000Z\", \"idempotency_key\": \"ui_1772735564666_9c0f9575\", \"license_plate_raw\": \"43G-2993.31\"}, \"created_at\": \"2026-03-05T18:32:44.672Z\", \"raw_payload\": {\"plate\": \"43G-2993.31\", \"alprMock\": true, \"alprResult\": {\"raw\": {\"mode\": \"MOCK\", \"imageUrl\": null}, \"plate\": \"43G-2993.31\", \"confidence\": 0.92}, \"capturedAt\": \"2026-03-05T18:32:44.000Z\"}}','SENT','2026-03-06 15:45:16',0,NULL,'69aaf68bcce0cd4bdf1b2cdd','2026-03-05 18:32:45','2026-03-06 15:45:16',NULL),(159,2,200020,'2026-03-05 18:33:32','device_events','{\"mysql\": {\"site_id\": \"2\", \"rfid_uid\": null, \"device_id\": \"3\", \"direction\": \"ENTRY\", \"image_url\": null, \"ticket_id\": null, \"event_time\": \"2026-03-05T18:33:32.000Z\", \"idempotency_key\": \"ui_1772735612242_2af2d0af\", \"license_plate_raw\": \"14E-8635.62\"}, \"created_at\": \"2026-03-05T18:33:32.248Z\", \"raw_payload\": {\"plate\": \"14E-8635.62\", \"alprMock\": true, \"alprResult\": {\"raw\": {\"mode\": \"MOCK\", \"imageUrl\": null}, \"plate\": \"14E-8635.62\", \"confidence\": 0.92}, \"capturedAt\": \"2026-03-05T18:33:32.000Z\"}}','SENT','2026-03-06 15:45:16',0,NULL,'69aaf68bcce0cd4bdf1b2cde','2026-03-05 18:33:32','2026-03-06 15:45:16',NULL),(160,2,200021,'2026-03-05 18:33:32','device_events','{\"mysql\": {\"site_id\": \"2\", \"rfid_uid\": null, \"device_id\": \"3\", \"direction\": \"ENTRY\", \"image_url\": null, \"ticket_id\": null, \"event_time\": \"2026-03-05T18:33:32.000Z\", \"idempotency_key\": \"ui_1772735612727_7b68bb6c\", \"license_plate_raw\": \"68H-1185.66\"}, \"created_at\": \"2026-03-05T18:33:32.733Z\", \"raw_payload\": {\"plate\": \"68H-1185.66\", \"alprMock\": true, \"alprResult\": {\"raw\": {\"mode\": \"MOCK\", \"imageUrl\": null}, \"plate\": \"68H-1185.66\", \"confidence\": 0.92}, \"capturedAt\": \"2026-03-05T18:33:32.000Z\"}}','SENT','2026-03-06 15:45:16',0,NULL,'69aaf68bcce0cd4bdf1b2cdf','2026-03-05 18:33:33','2026-03-06 15:45:16',NULL),(161,2,200022,'2026-03-05 18:33:33','device_events','{\"mysql\": {\"site_id\": \"2\", \"rfid_uid\": null, \"device_id\": \"3\", \"direction\": \"EXIT\", \"image_url\": null, \"ticket_id\": null, \"event_time\": \"2026-03-05T18:33:33.000Z\", \"idempotency_key\": \"ui_1772735613767_5886a812\", \"license_plate_raw\": \"65K-9121.47\"}, \"created_at\": \"2026-03-05T18:33:33.772Z\", \"raw_payload\": {\"plate\": \"65K-9121.47\", \"alprMock\": true, \"alprResult\": {\"raw\": {\"mode\": \"MOCK\", \"imageUrl\": null}, \"plate\": \"65K-9121.47\", \"confidence\": 0.92}, \"capturedAt\": \"2026-03-05T18:33:33.000Z\"}}','SENT','2026-03-06 15:45:16',0,NULL,'69aaf68bcce0cd4bdf1b2ce0','2026-03-05 18:33:34','2026-03-06 15:45:16',NULL),(162,2,200023,'2026-03-05 18:33:34','device_events','{\"mysql\": {\"site_id\": \"2\", \"rfid_uid\": null, \"device_id\": \"3\", \"direction\": \"EXIT\", \"image_url\": null, \"ticket_id\": null, \"event_time\": \"2026-03-05T18:33:34.000Z\", \"idempotency_key\": \"ui_1772735614188_d0ec05e6\", \"license_plate_raw\": \"69H-2935.12\"}, \"created_at\": \"2026-03-05T18:33:34.194Z\", \"raw_payload\": {\"plate\": \"69H-2935.12\", \"alprMock\": true, \"alprResult\": {\"raw\": {\"mode\": \"MOCK\", \"imageUrl\": null}, \"plate\": \"69H-2935.12\", \"confidence\": 0.92}, \"capturedAt\": \"2026-03-05T18:33:34.000Z\"}}','SENT','2026-03-06 15:45:16',0,NULL,'69aaf68bcce0cd4bdf1b2ce1','2026-03-05 18:33:34','2026-03-06 15:45:16',NULL),(163,2,200024,'2026-03-05 18:33:35','device_events','{\"mysql\": {\"site_id\": \"2\", \"rfid_uid\": null, \"device_id\": \"3\", \"direction\": \"EXIT\", \"image_url\": null, \"ticket_id\": null, \"event_time\": \"2026-03-05T18:33:35.000Z\", \"idempotency_key\": \"ui_1772735615114_bf3cf86e\", \"license_plate_raw\": \"69K-2939.40\"}, \"created_at\": \"2026-03-05T18:33:35.121Z\", \"raw_payload\": {\"plate\": \"69K-2939.40\", \"alprMock\": true, \"alprResult\": {\"raw\": {\"mode\": \"MOCK\", \"imageUrl\": null}, \"plate\": \"69K-2939.40\", \"confidence\": 0.92}, \"capturedAt\": \"2026-03-05T18:33:35.000Z\"}}','SENT','2026-03-06 15:45:16',0,NULL,'69aaf68bcce0cd4bdf1b2ce2','2026-03-05 18:33:35','2026-03-06 15:45:16',NULL),(164,2,200025,'2026-03-06 12:50:29','device_events','{\"mysql\": {\"site_id\": \"2\", \"rfid_uid\": null, \"device_id\": \"3\", \"direction\": \"ENTRY\", \"image_url\": null, \"ticket_id\": null, \"event_time\": \"2026-03-06T12:50:29.000Z\", \"idempotency_key\": \"ui_1772801429813_93385489\", \"license_plate_raw\": \"12H-5866.33\"}, \"created_at\": \"2026-03-06T12:50:29.829Z\", \"raw_payload\": {\"plate\": \"12H-5866.33\", \"alprMock\": true, \"alprResult\": {\"raw\": {\"mode\": \"MOCK\", \"imageUrl\": null}, \"plate\": \"12H-5866.33\", \"confidence\": 0.92}, \"capturedAt\": \"2026-03-06T12:50:29.000Z\"}}','SENT','2026-03-06 15:45:16',0,NULL,'69aaf68bcce0cd4bdf1b2ce3','2026-03-06 12:50:30','2026-03-06 15:45:16',NULL),(165,2,200026,'2026-03-06 15:45:14','device_events','{\"mysql\": {\"site_id\": \"2\", \"rfid_uid\": \"TEST_001\", \"device_id\": \"3\", \"direction\": \"ENTRY\", \"image_url\": \"https://example.com/snapshots/entry_001.jpg\", \"ticket_id\": null, \"event_time\": \"2026-03-06T15:45:14.000Z\", \"idempotency_key\": \"SITE2|DEV3|ENTRY|2026-03-06T15:45:14.549Z|RFID:TEST_001\", \"license_plate_raw\": \"51A-999.99\"}, \"created_at\": \"2026-03-06T15:45:14.554Z\", \"raw_payload\": {\"ocr_confidence\": 0.92, \"device_metadata\": {\"temp\": \"36C\", \"firmware\": \"1.0.0\"}}}','SENT','2026-03-06 15:45:16',0,NULL,'69aaf68bcce0cd4bdf1b2ce4','2026-03-06 15:45:15','2026-03-06 15:45:16',NULL),(167,2,200027,'2026-03-06 15:46:25','device_events','{\"mysql\": {\"site_id\": \"2\", \"rfid_uid\": null, \"device_id\": \"23\", \"direction\": \"EXIT\", \"image_url\": \"/uploads/20260306_154625_d779cc52.png\", \"ticket_id\": null, \"event_time\": \"2026-03-06T15:46:25.000Z\", \"idempotency_key\": \"ui_1772811985157_e55b865f\", \"license_plate_raw\": \"65J-8904.44\"}, \"created_at\": \"2026-03-06T15:46:25.169Z\", \"raw_payload\": {\"source\": \"web.gate-page\", \"gateCode\": \"GATE_02\", \"laneCode\": \"EXIT\", \"siteCode\": \"SITE_HCM_01\", \"deviceCode\": \"GATE_EXIT_02\"}}','SENT','2026-03-07 03:03:33',0,NULL,'69ab958557f7f91306be3a4a','2026-03-06 15:46:25','2026-03-07 03:03:33',NULL),(168,19,200028,'2026-03-06 15:46:53','device_events','{\"mysql\": {\"site_id\": \"19\", \"rfid_uid\": null, \"device_id\": \"26\", \"direction\": \"ENTRY\", \"image_url\": \"/uploads/20260306_154653_2349b938.png\", \"ticket_id\": null, \"event_time\": \"2026-03-06T15:46:53.000Z\", \"idempotency_key\": \"ui_1772812013095_7e708da7\", \"license_plate_raw\": \"17B-2341.55\"}, \"created_at\": \"2026-03-06T15:46:53.103Z\", \"raw_payload\": {\"source\": \"web.gate-page\", \"gateCode\": \"GATE_01\", \"laneCode\": \"ENTRY\", \"siteCode\": \"SITE_DN_01\", \"deviceCode\": \"GATE_ENTRY_01\"}}','SENT','2026-03-07 03:03:33',0,NULL,'69ab958557f7f91306be3a4b','2026-03-06 15:46:53','2026-03-07 03:03:33',NULL),(169,19,200029,'2026-03-06 17:27:06','device_events','{\"mysql\": {\"site_id\": \"19\", \"rfid_uid\": null, \"device_id\": \"26\", \"direction\": \"ENTRY\", \"image_url\": null, \"ticket_id\": null, \"event_time\": \"2026-03-06T17:27:06.000Z\", \"idempotency_key\": \"ui_1772818026019_a412c3ca\", \"license_plate_raw\": \"29CG99680\"}, \"created_at\": \"2026-03-06T17:27:06.031Z\", \"raw_payload\": {\"source\": \"web.gate-page\", \"gateCode\": \"GATE_01\", \"laneCode\": \"ENTRY\", \"siteCode\": \"SITE_DN_01\", \"alprResult\": {\"raw\": {\"payload\": {\"mode\": \"MOCK\", \"imageUrl\": null, \"authoritative\": \"BACKEND\"}, \"provider\": \"MOCK\", \"canonicalPreview\": {\"plateFamily\": \"DOMESTIC\", \"plateCompact\": \"29CG99680\", \"plateDisplay\": \"29-CG 996.80\", \"plateValidity\": \"STRICT_VALID\", \"suspiciousFlags\": [\"OCR_SUBSTITUTION\"], \"ocrSubstitutions\": [\"series:2[2] 6→G\"]}}, \"plate\": \"29C-6996.80\", \"confidence\": 0.92}, \"capturedAt\": \"2026-03-06T17:27:06.000Z\", \"deviceCode\": \"GATE_ENTRY_01\", \"plateEngine\": {\"compare\": {\"alprPlate\": \"29C-6996.80\", \"licensePlateRaw\": \"29C-6996.80\"}, \"plateRaw\": \"29C-6996.80\", \"authority\": \"BACKEND\", \"plateFamily\": \"DOMESTIC\", \"plateCompact\": \"29CG99680\", \"plateDisplay\": \"29-CG 996.80\", \"plateValidity\": \"STRICT_VALID\", \"reviewRequired\": true, \"sourcePlateRaw\": \"29C-6996.80\", \"suspiciousFlags\": [\"OCR_SUBSTITUTION\"], \"validationNotes\": [\"Khớp format 2 số tỉnh + seri + 5 số thứ tự.\", \"Có ký tự được chuẩn hoá từ OCR/input trước khi validate.\"], \"ocrSubstitutions\": [\"series:2[2] 6→G\"]}}}','SENT','2026-03-07 03:03:33',0,NULL,'69ab958557f7f91306be3a4c','2026-03-06 17:27:06','2026-03-07 03:03:33',NULL),(170,19,200030,'2026-03-06 17:27:24','device_events','{\"mysql\": {\"site_id\": \"19\", \"rfid_uid\": null, \"device_id\": \"26\", \"direction\": \"ENTRY\", \"image_url\": \"/uploads/20260306_172724_70feab97.png\", \"ticket_id\": null, \"event_time\": \"2026-03-06T17:27:24.000Z\", \"idempotency_key\": \"ui_1772818044833_9c3e72ea\", \"license_plate_raw\": \"30AB21286\"}, \"created_at\": \"2026-03-06T17:27:24.841Z\", \"raw_payload\": {\"source\": \"web.gate-page\", \"gateCode\": \"GATE_01\", \"laneCode\": \"ENTRY\", \"siteCode\": \"SITE_DN_01\", \"alprResult\": {\"raw\": {\"payload\": {\"mode\": \"MOCK\", \"imageUrl\": \"/uploads/20260306_172724_70feab97.png\", \"authoritative\": \"BACKEND\"}, \"provider\": \"MOCK\", \"canonicalPreview\": {\"plateFamily\": \"DOMESTIC\", \"plateCompact\": \"30AB21286\", \"plateDisplay\": \"30-AB 212.86\", \"plateValidity\": \"STRICT_VALID\", \"suspiciousFlags\": [\"OCR_SUBSTITUTION\"], \"ocrSubstitutions\": [\"series:2[2] 8→B\"]}}, \"plate\": \"30A-8212.86\", \"confidence\": 0.92}, \"capturedAt\": \"2026-03-06T17:27:24.000Z\", \"deviceCode\": \"GATE_ENTRY_01\", \"plateEngine\": {\"compare\": {\"alprPlate\": \"30A-8212.86\", \"licensePlateRaw\": \"30A-8212.86\"}, \"plateRaw\": \"30A-8212.86\", \"authority\": \"BACKEND\", \"plateFamily\": \"DOMESTIC\", \"plateCompact\": \"30AB21286\", \"plateDisplay\": \"30-AB 212.86\", \"plateValidity\": \"STRICT_VALID\", \"reviewRequired\": true, \"sourcePlateRaw\": \"30A-8212.86\", \"suspiciousFlags\": [\"OCR_SUBSTITUTION\"], \"validationNotes\": [\"Khớp format 2 số tỉnh + seri + 5 số thứ tự.\", \"Có ký tự được chuẩn hoá từ OCR/input trước khi validate.\"], \"ocrSubstitutions\": [\"series:2[2] 8→B\"]}}}','SENT','2026-03-07 03:03:33',0,NULL,'69ab958557f7f91306be3a4d','2026-03-06 17:27:25','2026-03-07 03:03:33',NULL),(234,2,300031,'2026-03-07 03:03:32','device_events','{\"mysql\": {\"site_id\": \"2\", \"rfid_uid\": \"TEST_001\", \"device_id\": \"3\", \"direction\": \"ENTRY\", \"image_url\": \"https://example.com/snapshots/entry_001.jpg\", \"ticket_id\": null, \"event_time\": \"2026-03-07T03:03:32.000Z\", \"idempotency_key\": \"SITE2|DEV3|ENTRY|2026-03-07T03:03:32.397Z|RFID:TEST_001\", \"license_plate_raw\": \"51A-999.99\"}, \"created_at\": \"2026-03-07T03:03:32.403Z\", \"raw_payload\": {\"ocr_confidence\": 0.92, \"device_metadata\": {\"temp\": \"36C\", \"firmware\": \"1.0.0\"}}}','SENT','2026-03-07 03:03:33',0,NULL,'69ab958557f7f91306be3a4e','2026-03-07 03:03:32','2026-03-07 03:03:33',NULL),(236,19,300032,'2026-03-07 05:17:32','device_events','{\"mysql\": {\"site_id\": \"19\", \"rfid_uid\": null, \"device_id\": \"26\", \"direction\": \"ENTRY\", \"image_url\": null, \"ticket_id\": null, \"event_time\": \"2026-03-07T05:17:32.000Z\", \"idempotency_key\": \"ui_1772860652329_73897570\", \"license_plate_raw\": \"49AI37312\"}, \"created_at\": \"2026-03-07T05:17:32.342Z\", \"raw_payload\": {\"source\": \"web.gate-page\", \"gateCode\": \"GATE_01\", \"laneCode\": \"ENTRY\", \"siteCode\": \"SITE_DN_01\", \"alprResult\": {\"raw\": {\"payload\": {\"mode\": \"MOCK\", \"imageUrl\": null, \"authoritative\": \"BACKEND\"}, \"provider\": \"MOCK\", \"canonicalPreview\": {\"plateFamily\": \"DOMESTIC\", \"plateCompact\": \"49AI37312\", \"plateDisplay\": \"49-AI 373.12\", \"plateValidity\": \"STRICT_VALID\", \"suspiciousFlags\": [\"OCR_SUBSTITUTION\"], \"ocrSubstitutions\": [\"series:2[2] 1→I\"]}}, \"plate\": \"49A-1373.12\", \"confidence\": 0.92}, \"capturedAt\": \"2026-03-07T05:17:32.000Z\", \"deviceCode\": \"GATE_ENTRY_01\", \"plateEngine\": {\"compare\": {\"alprPlate\": \"49A-1373.12\", \"licensePlateRaw\": \"49A-1373.12\"}, \"plateRaw\": \"49A-1373.12\", \"authority\": \"BACKEND\", \"plateFamily\": \"DOMESTIC\", \"plateCompact\": \"49AI37312\", \"plateDisplay\": \"49-AI 373.12\", \"plateValidity\": \"STRICT_VALID\", \"reviewRequired\": true, \"sourcePlateRaw\": \"49A-1373.12\", \"suspiciousFlags\": [\"OCR_SUBSTITUTION\"], \"validationNotes\": [\"Khớp format 2 số tỉnh + seri + 5 số thứ tự.\", \"Có ký tự được chuẩn hoá từ OCR/input trước khi validate.\"], \"ocrSubstitutions\": [\"series:2[2] 1→I\"]}}}','SENT','2026-03-07 08:11:22',0,NULL,'69abddaaf8e8c022e051d9c1','2026-03-07 05:17:32','2026-03-07 08:11:22',NULL),(237,2,300033,'2026-03-07 05:18:02','device_events','{\"mysql\": {\"site_id\": \"2\", \"rfid_uid\": null, \"device_id\": \"5\", \"direction\": \"EXIT\", \"image_url\": null, \"ticket_id\": null, \"event_time\": \"2026-03-07T05:18:02.000Z\", \"idempotency_key\": \"ui_1772860682879_e507321c\", \"license_plate_raw\": \"43LI16732\"}, \"created_at\": \"2026-03-07T05:18:02.887Z\", \"raw_payload\": {\"source\": \"web.gate-page\", \"gateCode\": \"GATE_01\", \"laneCode\": \"EXIT\", \"siteCode\": \"SITE_HCM_01\", \"alprResult\": {\"raw\": {\"payload\": {\"mode\": \"MOCK\", \"imageUrl\": null, \"authoritative\": \"BACKEND\"}, \"provider\": \"MOCK\", \"canonicalPreview\": {\"plateFamily\": \"DOMESTIC\", \"plateCompact\": \"43LI16732\", \"plateDisplay\": \"43-LI 167.32\", \"plateValidity\": \"STRICT_VALID\", \"suspiciousFlags\": [\"OCR_SUBSTITUTION\"], \"ocrSubstitutions\": [\"series:2[2] 1→I\"]}}, \"plate\": \"43L-1167.32\", \"confidence\": 0.92}, \"capturedAt\": \"2026-03-07T05:18:02.000Z\", \"deviceCode\": \"GATE_EXIT_01\", \"plateEngine\": {\"compare\": {\"alprPlate\": \"43L-1167.32\", \"licensePlateRaw\": \"43L-1167.32\"}, \"plateRaw\": \"43L-1167.32\", \"authority\": \"BACKEND\", \"plateFamily\": \"DOMESTIC\", \"plateCompact\": \"43LI16732\", \"plateDisplay\": \"43-LI 167.32\", \"plateValidity\": \"STRICT_VALID\", \"reviewRequired\": true, \"sourcePlateRaw\": \"43L-1167.32\", \"suspiciousFlags\": [\"OCR_SUBSTITUTION\"], \"validationNotes\": [\"Khớp format 2 số tỉnh + seri + 5 số thứ tự.\", \"Có ký tự được chuẩn hoá từ OCR/input trước khi validate.\"], \"ocrSubstitutions\": [\"series:2[2] 1→I\"]}}}','SENT','2026-03-07 08:11:22',0,NULL,'69abddaaf8e8c022e051d9c2','2026-03-07 05:18:03','2026-03-07 08:11:22',NULL),(238,2,300034,'2026-03-07 08:11:21','device_events','{\"mysql\": {\"site_id\": \"2\", \"rfid_uid\": \"TEST_001\", \"device_id\": \"3\", \"direction\": \"ENTRY\", \"image_url\": \"https://example.com/snapshots/entry_001.jpg\", \"ticket_id\": null, \"event_time\": \"2026-03-07T08:11:21.000Z\", \"idempotency_key\": \"SITE2|DEV3|ENTRY|2026-03-07T08:11:21.148Z|RFID:TEST_001\", \"license_plate_raw\": \"51A-999.99\"}, \"created_at\": \"2026-03-07T08:11:21.152Z\", \"raw_payload\": {\"ocr_confidence\": 0.92, \"device_metadata\": {\"temp\": \"36C\", \"firmware\": \"1.0.0\"}}}','SENT','2026-03-07 08:11:22',0,NULL,'69abddaaf8e8c022e051d9c3','2026-03-07 08:11:21','2026-03-07 08:11:22',NULL),(240,2,300035,'2026-03-07 09:11:08','device_events','{\"mysql\": {\"site_id\": \"2\", \"rfid_uid\": \"TEST_001\", \"device_id\": \"3\", \"direction\": \"ENTRY\", \"image_url\": \"https://example.com/snapshots/entry_001.jpg\", \"ticket_id\": null, \"event_time\": \"2026-03-07T09:11:08.000Z\", \"idempotency_key\": \"SITE2|DEV3|ENTRY|2026-03-07T09:11:08.481Z|RFID:TEST_001\", \"license_plate_raw\": \"51A-999.99\"}, \"created_at\": \"2026-03-07T09:11:08.486Z\", \"raw_payload\": {\"ocr_confidence\": 0.92, \"device_metadata\": {\"temp\": \"36C\", \"firmware\": \"1.0.0\"}}}','SENT','2026-03-07 09:11:09',0,NULL,'69abebadb36a0e7fa30817c2','2026-03-07 09:11:09','2026-03-07 09:11:09',NULL),(242,2,300036,'2026-03-07 09:25:09','device_events','{\"mysql\": {\"site_id\": \"2\", \"rfid_uid\": \"TEST_001\", \"device_id\": \"3\", \"direction\": \"ENTRY\", \"image_url\": \"https://example.com/snapshots/entry_001.jpg\", \"ticket_id\": null, \"event_time\": \"2026-03-07T09:25:09.000Z\", \"idempotency_key\": \"SITE2|DEV3|ENTRY|2026-03-07T09:25:09.650Z|RFID:TEST_001\", \"license_plate_raw\": \"51A-999.99\"}, \"created_at\": \"2026-03-07T09:25:09.656Z\", \"raw_payload\": {\"ocr_confidence\": 0.92, \"device_metadata\": {\"temp\": \"36C\", \"firmware\": \"1.0.0\"}}}','SENT','2026-03-07 09:25:11',0,NULL,'69abeef6b6800d31e348a601','2026-03-07 09:25:10','2026-03-07 09:25:11',NULL),(244,19,300037,'2026-03-07 09:25:31','device_events','{\"mysql\": {\"site_id\": \"19\", \"rfid_uid\": null, \"device_id\": \"47\", \"direction\": \"ENTRY\", \"image_url\": \"/uploads/20260307_092531_ef2d3b02.png\", \"ticket_id\": null, \"event_time\": \"2026-03-07T09:25:31.000Z\", \"idempotency_key\": \"ui_1772875531889_3d30bdea\", \"license_plate_raw\": \"68IB84315\"}, \"created_at\": \"2026-03-07T09:25:31.899Z\", \"raw_payload\": {\"source\": \"web.gate-page\", \"gateCode\": \"GATE_01\", \"laneCode\": \"GATE_01_ENTRY\", \"siteCode\": \"SITE_DN_01\", \"alprResult\": {\"raw\": {\"mode\": \"MOCK\", \"imageUrl\": \"/uploads/20260307_092531_ef2d3b02.png\", \"authoritative\": \"BACKEND\"}, \"plate\": \"68I-8843.15\", \"confidence\": 0.92}, \"capturedAt\": \"2026-03-07T09:25:31.889Z\", \"deviceCode\": \"GATE_01_ENTRY_RFID\", \"plateEngine\": {\"compare\": {\"alprPlate\": \"68I-8843.15\", \"licensePlateRaw\": \"68I-8843.15\"}, \"plateRaw\": \"68I-8843.15\", \"authority\": \"BACKEND\", \"plateFamily\": \"DOMESTIC\", \"plateCompact\": \"68IB84315\", \"plateDisplay\": \"68-IB 843.15\", \"plateValidity\": \"REVIEW\", \"reviewRequired\": true, \"sourcePlateRaw\": \"68I-8843.15\", \"suspiciousFlags\": [], \"validationNotes\": [\"Có OCR substitution; backend sẽ quyết định authoritative.\"], \"ocrSubstitutions\": [\"8→B@series\"]}, \"uploadFilename\": \"20260307_092531_ef2d3b02.png\"}}','SENT','2026-03-07 13:08:55',0,NULL,'69ac2367520ce89f4fe3de1c','2026-03-07 09:25:32','2026-03-07 13:08:55',NULL),(245,19,300038,'2026-03-07 09:26:01','device_events','{\"mysql\": {\"site_id\": \"19\", \"rfid_uid\": null, \"device_id\": \"47\", \"direction\": \"ENTRY\", \"image_url\": \"/uploads/20260307_092601_46705eab.png\", \"ticket_id\": null, \"event_time\": \"2026-03-07T09:26:01.000Z\", \"idempotency_key\": \"ui_1772875561527_f410c26c\", \"license_plate_raw\": \"15E341610\"}, \"created_at\": \"2026-03-07T09:26:01.533Z\", \"raw_payload\": {\"source\": \"web.gate-page\", \"gateCode\": \"GATE_01\", \"laneCode\": \"GATE_01_ENTRY\", \"siteCode\": \"SITE_DN_01\", \"alprResult\": {\"raw\": {\"mode\": \"MOCK\", \"imageUrl\": \"/uploads/20260307_092601_46705eab.png\", \"authoritative\": \"BACKEND\"}, \"plate\": \"15E-3416.10\", \"confidence\": 0.92}, \"capturedAt\": \"2026-03-07T09:26:01.527Z\", \"deviceCode\": \"GATE_01_ENTRY_RFID\", \"plateEngine\": {\"compare\": {\"alprPlate\": \"15E-3416.10\", \"licensePlateRaw\": \"15E-3416.10\"}, \"plateRaw\": \"15E-3416.10\", \"authority\": \"BACKEND\", \"plateFamily\": \"FOREIGN\", \"plateCompact\": \"15E341610\", \"plateDisplay\": \"15-E341610\", \"plateValidity\": \"STRICT_VALID\", \"reviewRequired\": false, \"sourcePlateRaw\": \"15E-3416.10\", \"suspiciousFlags\": [], \"validationNotes\": [], \"ocrSubstitutions\": []}, \"uploadFilename\": \"20260307_092601_46705eab.png\"}}','SENT','2026-03-07 13:08:55',0,NULL,'69ac2367520ce89f4fe3de1d','2026-03-07 09:26:02','2026-03-07 13:08:55',NULL),(246,19,300039,'2026-03-07 09:31:50','device_events','{\"mysql\": {\"site_id\": \"19\", \"rfid_uid\": null, \"device_id\": \"47\", \"direction\": \"ENTRY\", \"image_url\": \"/uploads/20260307_093150_4ac8b217.png\", \"ticket_id\": null, \"event_time\": \"2026-03-07T09:31:50.000Z\", \"idempotency_key\": \"ui_1772875910997_99a22cbe\", \"license_plate_raw\": \"30LB14084\"}, \"created_at\": \"2026-03-07T09:31:51.006Z\", \"raw_payload\": {\"source\": \"web.gate-page\", \"gateCode\": \"GATE_01\", \"laneCode\": \"GATE_01_ENTRY\", \"siteCode\": \"SITE_DN_01\", \"alprResult\": {\"raw\": {\"mode\": \"MOCK\", \"imageUrl\": \"/uploads/20260307_093150_4ac8b217.png\", \"authoritative\": \"BACKEND\"}, \"plate\": \"30L-8140.84\", \"confidence\": 0.92}, \"capturedAt\": \"2026-03-07T09:31:50.997Z\", \"deviceCode\": \"GATE_01_ENTRY_RFID\", \"plateEngine\": {\"compare\": {\"alprPlate\": \"30L-8140.84\", \"licensePlateRaw\": \"30L-8140.84\"}, \"plateRaw\": \"30L-8140.84\", \"authority\": \"BACKEND\", \"plateFamily\": \"DOMESTIC\", \"plateCompact\": \"30LB14084\", \"plateDisplay\": \"30-LB 140.84\", \"plateValidity\": \"REVIEW\", \"reviewRequired\": true, \"sourcePlateRaw\": \"30L-8140.84\", \"suspiciousFlags\": [], \"validationNotes\": [\"Có OCR substitution; backend sẽ quyết định authoritative.\"], \"ocrSubstitutions\": [\"8→B@series\"]}, \"uploadFilename\": \"20260307_093150_4ac8b217.png\"}}','SENT','2026-03-07 13:08:55',0,NULL,'69ac2367520ce89f4fe3de1e','2026-03-07 09:31:51','2026-03-07 13:08:55',NULL),(247,19,300040,'2026-03-07 09:32:06','device_events','{\"mysql\": {\"site_id\": \"19\", \"rfid_uid\": null, \"device_id\": \"59\", \"direction\": \"EXIT\", \"image_url\": \"/uploads/20260307_093206_43933d9d.png\", \"ticket_id\": null, \"event_time\": \"2026-03-07T09:32:06.000Z\", \"idempotency_key\": \"ui_1772875926980_ded3c598\", \"license_plate_raw\": \"18BZ50255\"}, \"created_at\": \"2026-03-07T09:32:06.986Z\", \"raw_payload\": {\"source\": \"web.gate-page\", \"gateCode\": \"GATE_02\", \"laneCode\": \"GATE_02_EXIT\", \"siteCode\": \"SITE_DN_01\", \"alprResult\": {\"raw\": {\"mode\": \"MOCK\", \"imageUrl\": \"/uploads/20260307_093206_43933d9d.png\", \"authoritative\": \"BACKEND\"}, \"plate\": \"18B-2502.55\", \"confidence\": 0.92}, \"capturedAt\": \"2026-03-07T09:32:06.980Z\", \"deviceCode\": \"GATE_02_EXIT_RFID\", \"plateEngine\": {\"compare\": {\"alprPlate\": \"18B-2502.55\", \"licensePlateRaw\": \"18B-2502.55\"}, \"plateRaw\": \"18B-2502.55\", \"authority\": \"BACKEND\", \"plateFamily\": \"DOMESTIC\", \"plateCompact\": \"18BZ50255\", \"plateDisplay\": \"18-BZ 502.55\", \"plateValidity\": \"REVIEW\", \"reviewRequired\": true, \"sourcePlateRaw\": \"18B-2502.55\", \"suspiciousFlags\": [], \"validationNotes\": [\"Có OCR substitution; backend sẽ quyết định authoritative.\"], \"ocrSubstitutions\": [\"2→Z@series\"]}, \"uploadFilename\": \"20260307_093206_43933d9d.png\"}}','SENT','2026-03-07 13:08:55',0,NULL,'69ac2367520ce89f4fe3de1f','2026-03-07 09:32:07','2026-03-07 13:08:55',NULL),(248,19,300041,'2026-03-07 09:54:39','device_events','{\"mysql\": {\"site_id\": \"19\", \"rfid_uid\": null, \"device_id\": \"47\", \"direction\": \"ENTRY\", \"image_url\": \"/uploads/20260307_095439_45f50bcc.png\", \"ticket_id\": null, \"event_time\": \"2026-03-07T09:54:39.000Z\", \"idempotency_key\": \"ui_1772877279800_c077216b\", \"license_plate_raw\": \"64F959034\"}, \"created_at\": \"2026-03-07T09:54:39.808Z\", \"raw_payload\": {\"source\": \"web.gate-page\", \"gateCode\": \"GATE_01\", \"laneCode\": \"GATE_01_ENTRY\", \"siteCode\": \"SITE_DN_01\", \"alprResult\": {\"raw\": {\"mode\": \"MOCK\", \"imageUrl\": \"/uploads/20260307_095439_45f50bcc.png\", \"authoritative\": \"BACKEND\"}, \"plate\": \"64F-9590.34\", \"confidence\": 0.92}, \"capturedAt\": \"2026-03-07T09:54:39.800Z\", \"deviceCode\": \"GATE_01_ENTRY_RFID\", \"plateEngine\": {\"compare\": {\"alprPlate\": \"64F-9590.34\", \"licensePlateRaw\": \"64F-9590.34\"}, \"plateRaw\": \"64F-9590.34\", \"authority\": \"BACKEND\", \"plateFamily\": \"FOREIGN\", \"plateCompact\": \"64F959034\", \"plateDisplay\": \"64-F959034\", \"plateValidity\": \"STRICT_VALID\", \"reviewRequired\": false, \"sourcePlateRaw\": \"64F-9590.34\", \"suspiciousFlags\": [], \"validationNotes\": [], \"ocrSubstitutions\": []}, \"uploadFilename\": \"20260307_095439_45f50bcc.png\"}}','SENT','2026-03-07 13:08:55',0,NULL,'69ac2367520ce89f4fe3de20','2026-03-07 09:54:40','2026-03-07 13:08:55',NULL),(249,2,300042,'2026-03-07 13:08:54','device_events','{\"mysql\": {\"site_id\": \"2\", \"rfid_uid\": \"TEST_001\", \"device_id\": \"3\", \"direction\": \"ENTRY\", \"image_url\": \"https://example.com/snapshots/entry_001.jpg\", \"ticket_id\": null, \"event_time\": \"2026-03-07T13:08:54.000Z\", \"idempotency_key\": \"SITE2|DEV3|ENTRY|2026-03-07T13:08:54.510Z|RFID:TEST_001\", \"license_plate_raw\": \"51A-999.99\"}, \"created_at\": \"2026-03-07T13:08:54.514Z\", \"raw_payload\": {\"ocr_confidence\": 0.92, \"device_metadata\": {\"temp\": \"36C\", \"firmware\": \"1.0.0\"}}}','SENT','2026-03-07 13:08:55',0,NULL,'69ac2367520ce89f4fe3de21','2026-03-07 13:08:55','2026-03-07 13:08:55',NULL),(251,2,300043,'2026-03-07 13:47:51','device_events','{\"mysql\": {\"site_id\": \"2\", \"rfid_uid\": \"TEST_001\", \"device_id\": \"3\", \"direction\": \"ENTRY\", \"image_url\": \"https://example.com/snapshots/entry_001.jpg\", \"ticket_id\": null, \"event_time\": \"2026-03-07T13:47:51.000Z\", \"idempotency_key\": \"SITE2|DEV3|ENTRY|2026-03-07T13:47:51.083Z|RFID:TEST_001\", \"license_plate_raw\": \"51A-999.99\"}, \"created_at\": \"2026-03-07T13:47:51.089Z\", \"raw_payload\": {\"ocr_confidence\": 0.92, \"device_metadata\": {\"temp\": \"36C\", \"firmware\": \"1.0.0\"}}}','SENT','2026-03-07 13:47:52',0,NULL,'69ac2c88e9674a5ef503ca41','2026-03-07 13:47:51','2026-03-07 13:47:52',NULL),(253,2,300044,'2026-03-07 14:24:36','device_events','{\"mysql\": {\"site_id\": \"2\", \"rfid_uid\": \"TEST_001\", \"device_id\": \"3\", \"direction\": \"ENTRY\", \"image_url\": \"https://example.com/snapshots/entry_001.jpg\", \"ticket_id\": null, \"event_time\": \"2026-03-07T14:24:36.000Z\", \"idempotency_key\": \"SITE2|DEV3|ENTRY|2026-03-07T14:24:36.437Z|RFID:TEST_001\", \"license_plate_raw\": \"51A-999.99\"}, \"created_at\": \"2026-03-07T14:24:36.443Z\", \"raw_payload\": {\"ocr_confidence\": 0.92, \"device_metadata\": {\"temp\": \"36C\", \"firmware\": \"1.0.0\"}}}','SENT','2026-03-07 14:24:37',0,NULL,'69ac35257ec13e29f3798f55','2026-03-07 14:24:36','2026-03-07 14:24:37',NULL),(255,2,300045,'2026-03-07 14:53:55','device_events','{\"mysql\": {\"site_id\": \"2\", \"rfid_uid\": \"TEST_001\", \"device_id\": \"3\", \"direction\": \"ENTRY\", \"image_url\": \"https://example.com/snapshots/entry_001.jpg\", \"ticket_id\": null, \"event_time\": \"2026-03-07T14:53:55.000Z\", \"idempotency_key\": \"SITE2|DEV3|ENTRY|2026-03-07T14:53:55.273Z|RFID:TEST_001\", \"license_plate_raw\": \"51A-999.99\"}, \"created_at\": \"2026-03-07T14:53:55.279Z\", \"raw_payload\": {\"ocr_confidence\": 0.92, \"device_metadata\": {\"temp\": \"36C\", \"firmware\": \"1.0.0\"}}}','SENT','2026-03-07 14:53:56',0,NULL,'69ac3c04e84f26826b2b16b8','2026-03-07 14:53:55','2026-03-07 14:53:56',NULL),(257,2,300046,'2026-03-07 15:37:27','device_events','{\"mysql\": {\"site_id\": \"2\", \"rfid_uid\": \"TEST_001\", \"device_id\": \"3\", \"direction\": \"ENTRY\", \"image_url\": \"https://example.com/snapshots/entry_001.jpg\", \"ticket_id\": null, \"event_time\": \"2026-03-07T15:37:27.000Z\", \"idempotency_key\": \"SITE2|DEV3|ENTRY|2026-03-07T15:37:27.428Z|RFID:TEST_001\", \"license_plate_raw\": \"51A-999.99\"}, \"created_at\": \"2026-03-07T15:37:27.434Z\", \"raw_payload\": {\"ocr_confidence\": 0.92, \"device_metadata\": {\"temp\": \"36C\", \"firmware\": \"1.0.0\"}}}','SENT','2026-03-07 15:37:28',0,NULL,'69ac4638f1e013d40d164c53','2026-03-07 15:37:27','2026-03-07 15:37:28',NULL),(259,2,300047,'2026-03-07 16:13:06','device_events','{\"mysql\": {\"site_id\": \"2\", \"rfid_uid\": \"TEST_001\", \"device_id\": \"3\", \"direction\": \"ENTRY\", \"image_url\": \"https://example.com/snapshots/entry_001.jpg\", \"ticket_id\": null, \"event_time\": \"2026-03-07T16:13:06.000Z\", \"idempotency_key\": \"SITE2|DEV3|ENTRY|2026-03-07T16:13:06.693Z|RFID:TEST_001\", \"license_plate_raw\": \"51A-999.99\"}, \"created_at\": \"2026-03-07T16:13:06.698Z\", \"raw_payload\": {\"ocr_confidence\": 0.92, \"device_metadata\": {\"temp\": \"36C\", \"firmware\": \"1.0.0\"}}}','SENT','2026-03-07 16:13:08',0,NULL,'69ac4e93395eafd1104d57e9','2026-03-07 16:13:07','2026-03-07 16:13:08',NULL),(261,2,300048,'2026-03-07 16:39:18','device_events','{\"mysql\": {\"site_id\": \"2\", \"rfid_uid\": \"TEST_001\", \"device_id\": \"3\", \"direction\": \"ENTRY\", \"image_url\": \"https://example.com/snapshots/entry_001.jpg\", \"ticket_id\": null, \"event_time\": \"2026-03-07T16:39:18.000Z\", \"idempotency_key\": \"SITE2|DEV3|ENTRY|2026-03-07T16:39:18.628Z|RFID:TEST_001\", \"license_plate_raw\": \"51A-999.99\"}, \"created_at\": \"2026-03-07T16:39:18.635Z\", \"raw_payload\": {\"ocr_confidence\": 0.92, \"device_metadata\": {\"temp\": \"36C\", \"firmware\": \"1.0.0\"}}}','SENT','2026-03-07 16:39:20',0,NULL,'69ac54b77f7c67ee7b7a811e','2026-03-07 16:39:19','2026-03-07 16:39:20',NULL),(263,2,300049,'2026-03-07 17:08:34','device_events','{\"mysql\": {\"site_id\": \"2\", \"rfid_uid\": \"TEST_001\", \"device_id\": \"3\", \"direction\": \"ENTRY\", \"image_url\": \"https://example.com/snapshots/entry_001.jpg\", \"ticket_id\": null, \"event_time\": \"2026-03-07T17:08:34.000Z\", \"idempotency_key\": \"SITE2|DEV3|ENTRY|2026-03-07T17:08:34.591Z|RFID:TEST_001\", \"license_plate_raw\": \"51A-999.99\"}, \"created_at\": \"2026-03-07T17:08:34.595Z\", \"raw_payload\": {\"ocr_confidence\": 0.92, \"device_metadata\": {\"temp\": \"36C\", \"firmware\": \"1.0.0\"}}}','SENT','2026-03-07 17:08:36',0,NULL,'69ac5b9304ae2569b92923d5','2026-03-07 17:08:35','2026-03-07 17:08:36',NULL),(265,2,300050,'2026-03-07 17:34:03','device_events','{\"mysql\": {\"site_id\": \"2\", \"rfid_uid\": \"TEST_001\", \"device_id\": \"3\", \"direction\": \"ENTRY\", \"image_url\": \"https://example.com/snapshots/entry_001.jpg\", \"ticket_id\": null, \"event_time\": \"2026-03-07T17:34:03.000Z\", \"idempotency_key\": \"SITE2|DEV3|ENTRY|2026-03-07T17:34:03.713Z|RFID:TEST_001\", \"license_plate_raw\": \"51A-999.99\"}, \"created_at\": \"2026-03-07T17:34:03.718Z\", \"raw_payload\": {\"ocr_confidence\": 0.92, \"device_metadata\": {\"temp\": \"36C\", \"firmware\": \"1.0.0\"}}}','SENT','2026-03-07 17:34:05',0,NULL,'69ac618cb66e3c4d6b9648ec','2026-03-07 17:34:04','2026-03-07 17:34:05',NULL),(267,2,300051,'2026-03-07 18:06:54','device_events','{\"mysql\": {\"site_id\": \"2\", \"rfid_uid\": \"TEST_001\", \"device_id\": \"3\", \"direction\": \"ENTRY\", \"image_url\": \"https://example.com/snapshots/entry_001.jpg\", \"ticket_id\": null, \"event_time\": \"2026-03-07T18:06:54.000Z\", \"idempotency_key\": \"SITE2|DEV3|ENTRY|2026-03-07T18:06:54.769Z|RFID:TEST_001\", \"license_plate_raw\": \"51A-999.99\"}, \"created_at\": \"2026-03-07T18:06:54.773Z\", \"raw_payload\": {\"ocr_confidence\": 0.92, \"device_metadata\": {\"temp\": \"36C\", \"firmware\": \"1.0.0\"}}}','SENT','2026-03-07 18:06:56',0,NULL,'69ac693f35f08dd37d4a1b6b','2026-03-07 18:06:55','2026-03-07 18:06:56',NULL),(269,2,300052,'2026-03-07 19:00:38','device_events','{\"mysql\": {\"site_id\": \"2\", \"rfid_uid\": \"TEST_001\", \"device_id\": \"3\", \"direction\": \"ENTRY\", \"image_url\": \"https://example.com/snapshots/entry_001.jpg\", \"ticket_id\": null, \"event_time\": \"2026-03-07T19:00:38.000Z\", \"idempotency_key\": \"SITE2|DEV3|ENTRY|2026-03-07T19:00:38.886Z|RFID:TEST_001\", \"license_plate_raw\": \"51A-999.99\"}, \"created_at\": \"2026-03-07T19:00:38.891Z\", \"raw_payload\": {\"ocr_confidence\": 0.92, \"device_metadata\": {\"temp\": \"36C\", \"firmware\": \"1.0.0\"}}}','SENT','2026-03-07 19:00:40',0,NULL,'69ac75d71242e097389f1f76','2026-03-07 19:00:39','2026-03-07 19:00:40',NULL),(271,2,300053,'2026-03-07 20:18:57','device_events','{\"mysql\": {\"site_id\": \"2\", \"rfid_uid\": \"TEST_001\", \"device_id\": \"3\", \"direction\": \"ENTRY\", \"image_url\": \"https://example.com/snapshots/entry_001.jpg\", \"ticket_id\": null, \"event_time\": \"2026-03-07T20:18:57.000Z\", \"idempotency_key\": \"SITE2|DEV3|ENTRY|2026-03-07T20:18:57.271Z|RFID:TEST_001\", \"license_plate_raw\": \"51A-999.99\"}, \"created_at\": \"2026-03-07T20:18:57.276Z\", \"raw_payload\": {\"ocr_confidence\": 0.92, \"device_metadata\": {\"temp\": \"36C\", \"firmware\": \"1.0.0\"}}}','SENT','2026-03-07 20:18:58',0,NULL,'69ac883285b7bd71fb7aa2a0','2026-03-07 20:18:57','2026-03-07 20:18:58',NULL),(273,19,300054,'2026-03-07 20:37:31','device_events','{\"mysql\": {\"site_id\": \"19\", \"rfid_uid\": null, \"device_id\": \"47\", \"direction\": \"ENTRY\", \"image_url\": \"/uploads/20260307_203731_399b815e.png\", \"ticket_id\": null, \"event_time\": \"2026-03-07T20:37:31.000Z\", \"idempotency_key\": \"ui_1772915851254_dbe18d59\", \"license_plate_raw\": \"50KS27044\"}, \"created_at\": \"2026-03-07T20:37:31.262Z\", \"raw_payload\": {\"source\": \"web.gate-page\", \"gateCode\": \"GATE_01\", \"laneCode\": \"GATE_01_ENTRY\", \"siteCode\": \"SITE_DN_01\", \"alprResult\": {\"raw\": {\"mode\": \"MOCK\", \"imageUrl\": \"/uploads/20260307_203731_399b815e.png\", \"authoritative\": \"BACKEND\"}, \"plate\": \"50K-5270.44\", \"confidence\": 0.92}, \"capturedAt\": \"2026-03-07T20:37:31.254Z\", \"deviceCode\": \"GATE_01_ENTRY_RFID\", \"plateEngine\": {\"compare\": {\"alprPlate\": \"50K-5270.44\", \"licensePlateRaw\": \"50K-5270.44\"}, \"plateRaw\": \"50K-5270.44\", \"authority\": \"BACKEND\", \"plateFamily\": \"DOMESTIC\", \"plateCompact\": \"50KS27044\", \"plateDisplay\": \"50-KS 270.44\", \"plateValidity\": \"REVIEW\", \"reviewRequired\": true, \"sourcePlateRaw\": \"50K-5270.44\", \"suspiciousFlags\": [], \"validationNotes\": [\"Có OCR substitution; backend sẽ quyết định authoritative.\"], \"ocrSubstitutions\": [\"5→S@series\"]}, \"uploadFilename\": \"20260307_203731_399b815e.png\"}}','SENT','2026-03-07 20:40:24',0,NULL,'69ac8d371fd3a766cd844dce','2026-03-07 20:37:31','2026-03-07 20:40:24',NULL),(274,19,300055,'2026-03-07 20:39:25','device_events','{\"mysql\": {\"site_id\": \"19\", \"rfid_uid\": null, \"device_id\": \"47\", \"direction\": \"ENTRY\", \"image_url\": \"/uploads/20260307_203925_12208cc0.png\", \"ticket_id\": null, \"event_time\": \"2026-03-07T20:39:25.000Z\", \"idempotency_key\": \"ui_1772915965142_584e06bd\", \"license_plate_raw\": \"61LI69166\"}, \"created_at\": \"2026-03-07T20:39:25.146Z\", \"raw_payload\": {\"source\": \"web.gate-page\", \"gateCode\": \"GATE_01\", \"laneCode\": \"GATE_01_ENTRY\", \"siteCode\": \"SITE_DN_01\", \"alprResult\": {\"raw\": {\"mode\": \"MOCK\", \"imageUrl\": \"/uploads/20260307_203925_12208cc0.png\", \"authoritative\": \"BACKEND\"}, \"plate\": \"61L-1691.66\", \"confidence\": 0.92}, \"capturedAt\": \"2026-03-07T20:39:25.142Z\", \"deviceCode\": \"GATE_01_ENTRY_RFID\", \"plateEngine\": {\"compare\": {\"alprPlate\": \"61L-1691.66\", \"licensePlateRaw\": \"61L-1691.66\"}, \"plateRaw\": \"61L-1691.66\", \"authority\": \"BACKEND\", \"plateFamily\": \"DOMESTIC\", \"plateCompact\": \"61LI69166\", \"plateDisplay\": \"61-LI 691.66\", \"plateValidity\": \"REVIEW\", \"reviewRequired\": true, \"sourcePlateRaw\": \"61L-1691.66\", \"suspiciousFlags\": [], \"validationNotes\": [\"Có OCR substitution; backend sẽ quyết định authoritative.\"], \"ocrSubstitutions\": [\"1→I@series\"]}, \"uploadFilename\": \"20260307_203925_12208cc0.png\"}}','SENT','2026-03-07 20:40:24',0,NULL,'69ac8d371fd3a766cd844dcf','2026-03-07 20:39:25','2026-03-07 20:40:24',NULL),(275,19,300056,'2026-03-08 07:19:50','device_events','{\"mysql\": {\"site_id\": \"19\", \"rfid_uid\": null, \"device_id\": \"47\", \"direction\": \"ENTRY\", \"image_url\": \"/uploads/20260308_071950_d277fd82.png\", \"ticket_id\": null, \"event_time\": \"2026-03-08T07:19:50.000Z\", \"idempotency_key\": \"ui_1772954390567_71d4a222\", \"license_plate_raw\": \"50AF66879\"}, \"created_at\": \"2026-03-08T07:19:50.574Z\", \"raw_payload\": {\"source\": \"web.gate-page\", \"gateCode\": \"GATE_01\", \"laneCode\": \"GATE_01_ENTRY\", \"siteCode\": \"SITE_DN_01\", \"alprResult\": {\"raw\": {\"mode\": \"PLATE_HINT\", \"rawText\": null, \"imageUrl\": \"/uploads/20260308_071950_d277fd82.png\", \"imagePath\": null, \"authoritative\": \"BACKEND\", \"originalFilename\": null}, \"plate\": \"50-AF 668.79\", \"confidence\": 0.99}, \"capturedAt\": \"2026-03-08T07:19:50.567Z\", \"deviceCode\": \"GATE_01_ENTRY_RFID\", \"plateEngine\": {\"compare\": {\"alprPlate\": \"50-AF 668.79\", \"licensePlateRaw\": \"50-AF 668.79\"}, \"plateRaw\": \"50-AF 668.79\", \"authority\": \"BACKEND\", \"plateFamily\": \"DOMESTIC\", \"plateCompact\": \"50AF66879\", \"plateDisplay\": \"50-AF 668.79\", \"plateValidity\": \"STRICT_VALID\", \"reviewRequired\": false, \"sourcePlateRaw\": \"50-AF 668.79\", \"suspiciousFlags\": [], \"validationNotes\": [], \"ocrSubstitutions\": []}, \"uploadFilename\": \"20260308_071950_d277fd82.png\"}}','SENT','2026-03-08 10:05:44',0,NULL,'69ad49f871a2d7f131df3c6e','2026-03-08 07:19:51','2026-03-08 10:05:44',NULL),(276,2,300057,'2026-03-08 07:24:02','device_events','{\"mysql\": {\"site_id\": \"2\", \"rfid_uid\": null, \"device_id\": \"43\", \"direction\": \"EXIT\", \"image_url\": \"/uploads/20260308_072402_eba17de6.png\", \"ticket_id\": null, \"event_time\": \"2026-03-08T07:24:02.000Z\", \"idempotency_key\": \"ui_1772954642295_71a0f9a0\", \"license_plate_raw\": \"50AF66879\"}, \"created_at\": \"2026-03-08T07:24:02.303Z\", \"raw_payload\": {\"source\": \"web.gate-page\", \"gateCode\": \"GATE_02\", \"laneCode\": \"GATE_02_EXIT\", \"siteCode\": \"SITE_HCM_01\", \"alprResult\": {\"raw\": {\"mode\": \"PLATE_HINT\", \"rawText\": null, \"imageUrl\": \"/uploads/20260308_072402_eba17de6.png\", \"imagePath\": null, \"authoritative\": \"BACKEND\", \"originalFilename\": null}, \"plate\": \"50-AF 668.79\", \"confidence\": 0.99}, \"capturedAt\": \"2026-03-08T07:24:02.295Z\", \"deviceCode\": \"GATE_02_EXIT_RFID\", \"plateEngine\": {\"compare\": {\"alprPlate\": \"50-AF 668.79\", \"licensePlateRaw\": \"50-AF 668.79\"}, \"plateRaw\": \"50-AF 668.79\", \"authority\": \"BACKEND\", \"plateFamily\": \"DOMESTIC\", \"plateCompact\": \"50AF66879\", \"plateDisplay\": \"50-AF 668.79\", \"plateValidity\": \"STRICT_VALID\", \"reviewRequired\": false, \"sourcePlateRaw\": \"50-AF 668.79\", \"suspiciousFlags\": [], \"validationNotes\": [], \"ocrSubstitutions\": []}, \"uploadFilename\": \"20260308_072402_eba17de6.png\"}}','SENT','2026-03-08 10:05:44',0,NULL,'69ad49f871a2d7f131df3c6f','2026-03-08 07:24:02','2026-03-08 10:05:44',NULL),(277,2,300058,'2026-03-08 07:24:17','device_events','{\"mysql\": {\"site_id\": \"2\", \"rfid_uid\": null, \"device_id\": \"31\", \"direction\": \"ENTRY\", \"image_url\": \"/uploads/20260308_072417_4145a67e.png\", \"ticket_id\": null, \"event_time\": \"2026-03-08T07:24:17.000Z\", \"idempotency_key\": \"ui_1772954657668_a80e2547\", \"license_plate_raw\": \"50AF66879\"}, \"created_at\": \"2026-03-08T07:24:17.673Z\", \"raw_payload\": {\"source\": \"web.gate-page\", \"gateCode\": \"GATE_01\", \"laneCode\": \"GATE_01_ENTRY\", \"siteCode\": \"SITE_HCM_01\", \"alprResult\": {\"raw\": {\"mode\": \"PLATE_HINT\", \"rawText\": null, \"imageUrl\": \"/uploads/20260308_072417_4145a67e.png\", \"imagePath\": null, \"authoritative\": \"BACKEND\", \"originalFilename\": null}, \"plate\": \"50-AF 668.79\", \"confidence\": 0.99}, \"capturedAt\": \"2026-03-08T07:24:17.668Z\", \"deviceCode\": \"GATE_01_ENTRY_RFID\", \"plateEngine\": {\"compare\": {\"alprPlate\": \"50-AF 668.79\", \"licensePlateRaw\": \"50-AF 668.79\"}, \"plateRaw\": \"50-AF 668.79\", \"authority\": \"BACKEND\", \"plateFamily\": \"DOMESTIC\", \"plateCompact\": \"50AF66879\", \"plateDisplay\": \"50-AF 668.79\", \"plateValidity\": \"STRICT_VALID\", \"reviewRequired\": false, \"sourcePlateRaw\": \"50-AF 668.79\", \"suspiciousFlags\": [], \"validationNotes\": [], \"ocrSubstitutions\": []}, \"uploadFilename\": \"20260308_072417_4145a67e.png\"}}','SENT','2026-03-08 10:05:44',0,NULL,'69ad49f871a2d7f131df3c70','2026-03-08 07:24:18','2026-03-08 10:05:44',NULL),(278,19,300059,'2026-03-08 07:52:55','device_events','{\"mysql\": {\"site_id\": \"19\", \"rfid_uid\": null, \"device_id\": \"47\", \"direction\": \"ENTRY\", \"image_url\": \"/uploads/20260308_075255_15144963.png\", \"ticket_id\": null, \"event_time\": \"2026-03-08T07:52:55.000Z\", \"idempotency_key\": \"ui_1772956375631_25d69827\", \"license_plate_raw\": \"50AF66879\"}, \"created_at\": \"2026-03-08T07:52:55.641Z\", \"raw_payload\": {\"source\": \"web.gate-page\", \"gateCode\": \"GATE_01\", \"laneCode\": \"GATE_01_ENTRY\", \"siteCode\": \"SITE_DN_01\", \"alprResult\": {\"raw\": {\"mode\": \"PLATE_HINT\", \"rawText\": null, \"imageUrl\": \"/uploads/20260308_075255_15144963.png\", \"imagePath\": null, \"authoritative\": \"BACKEND\", \"originalFilename\": null}, \"plate\": \"50-af 668.79\", \"confidence\": 0.99}, \"capturedAt\": \"2026-03-08T07:52:55.631Z\", \"deviceCode\": \"GATE_01_ENTRY_RFID\", \"plateEngine\": {\"compare\": {\"alprPlate\": \"50-af 668.79\", \"licensePlateRaw\": \"50-af 668.79\"}, \"plateRaw\": \"50-af 668.79\", \"authority\": \"BACKEND\", \"plateFamily\": \"DOMESTIC\", \"plateCompact\": \"50AF66879\", \"plateDisplay\": \"50-AF 668.79\", \"plateValidity\": \"STRICT_VALID\", \"reviewRequired\": false, \"sourcePlateRaw\": \"50-af 668.79\", \"suspiciousFlags\": [], \"validationNotes\": [], \"ocrSubstitutions\": []}, \"uploadFilename\": \"20260308_075255_15144963.png\"}}','SENT','2026-03-08 10:05:44',0,NULL,'69ad49f871a2d7f131df3c71','2026-03-08 07:52:56','2026-03-08 10:05:44',NULL),(279,19,300060,'2026-03-08 08:55:41','device_events','{\"mysql\": {\"site_id\": \"19\", \"rfid_uid\": null, \"device_id\": \"47\", \"direction\": \"ENTRY\", \"image_url\": \"/uploads/20260308_085540_bed4b143.png\", \"ticket_id\": null, \"event_time\": \"2026-03-08T08:55:41.000Z\", \"idempotency_key\": \"ui_1772960141912_e1ba50f7\", \"license_plate_raw\": \"30AF66879\"}, \"created_at\": \"2026-03-08T08:55:41.922Z\", \"raw_payload\": {\"source\": \"web.gate-page\", \"gateCode\": \"GATE_01\", \"laneCode\": \"GATE_01_ENTRY\", \"siteCode\": \"SITE_DN_01\", \"alprResult\": {\"raw\": {\"mode\": \"TESSERACT\", \"rawText\": \"30-AF\\r\\n\\r\\n668.79\", \"imageUrl\": \"/uploads/20260308_085540_bed4b143.png\", \"imagePath\": \"C:\\\\Users\\\\ADMIN\\\\Desktop\\\\Parkly\\\\parkly\\\\apps\\\\api\\\\uploads\\\\20260308_085540_bed4b143.png\", \"authoritative\": \"BACKEND\", \"originalFilename\": \"20260308_085540_bed4b143.png\"}, \"plate\": \"30-AF 668.79\", \"confidence\": 0.94}, \"capturedAt\": \"2026-03-08T08:55:41.912Z\", \"deviceCode\": \"GATE_01_ENTRY_RFID\", \"plateEngine\": {\"compare\": {\"alprPlate\": \"30-AF 668.79\", \"licensePlateRaw\": \"30-AF 668.79\"}, \"plateRaw\": \"30-AF 668.79\", \"authority\": \"BACKEND\", \"plateFamily\": \"DOMESTIC\", \"plateCompact\": \"30AF66879\", \"plateDisplay\": \"30-AF 668.79\", \"plateValidity\": \"STRICT_VALID\", \"reviewRequired\": false, \"sourcePlateRaw\": \"30-AF 668.79\", \"suspiciousFlags\": [], \"validationNotes\": [], \"ocrSubstitutions\": []}, \"uploadFilename\": \"20260308_085540_bed4b143.png\"}}','SENT','2026-03-08 10:05:44',0,NULL,'69ad49f871a2d7f131df3c72','2026-03-08 08:55:42','2026-03-08 10:05:44',NULL),(280,2,300061,'2026-03-08 10:05:43','device_events','{\"mysql\": {\"site_id\": \"2\", \"rfid_uid\": \"TEST_001\", \"device_id\": \"3\", \"direction\": \"ENTRY\", \"image_url\": \"https://example.com/snapshots/entry_001.jpg\", \"ticket_id\": null, \"event_time\": \"2026-03-08T10:05:43.000Z\", \"idempotency_key\": \"SITE2|DEV3|ENTRY|2026-03-08T10:05:43.009Z|RFID:TEST_001\", \"license_plate_raw\": \"51A-999.99\"}, \"created_at\": \"2026-03-08T10:05:43.017Z\", \"raw_payload\": {\"ocr_confidence\": 0.92, \"device_metadata\": {\"temp\": \"36C\", \"firmware\": \"1.0.0\"}}}','SENT','2026-03-08 10:05:44',0,NULL,'69ad49f871a2d7f131df3c73','2026-03-08 10:05:43','2026-03-08 10:05:44',NULL),(282,2,300063,'2026-03-12 12:16:58','device_events','{\"mysql\": {\"site_id\": \"2\", \"rfid_uid\": \"TEST_001\", \"device_id\": \"3\", \"direction\": \"ENTRY\", \"image_url\": \"https://example.com/snapshots/entry_001.jpg\", \"ticket_id\": null, \"event_time\": \"2026-03-12T12:16:58.000Z\", \"idempotency_key\": \"SITE2|DEV3|ENTRY|2026-03-12T12:16:58.719Z|RFID:TEST_001\", \"license_plate_raw\": \"51A-999.99\"}, \"created_at\": \"2026-03-12T12:16:58.726Z\", \"raw_payload\": {\"ocr_confidence\": 0.92, \"device_metadata\": {\"temp\": \"36C\", \"firmware\": \"1.0.0\"}}}','SENT','2026-03-12 12:17:00',0,NULL,'69b2aebbb2cf8d1a69d71d82','2026-03-12 12:16:59','2026-03-12 12:17:00',NULL),(284,2,300064,'2026-03-12 12:29:38','device_events','{\"mysql\": {\"site_id\": \"2\", \"rfid_uid\": \"TEST_001\", \"device_id\": \"3\", \"direction\": \"ENTRY\", \"image_url\": \"https://example.com/snapshots/entry_001.jpg\", \"ticket_id\": null, \"event_time\": \"2026-03-12T12:29:38.000Z\", \"idempotency_key\": \"SITE2|DEV3|ENTRY|2026-03-12T12:29:38.958Z|RFID:TEST_001\", \"license_plate_raw\": \"51A-999.99\"}, \"created_at\": \"2026-03-12T12:29:38.965Z\", \"raw_payload\": {\"ocr_confidence\": 0.92, \"device_metadata\": {\"temp\": \"36C\", \"firmware\": \"1.0.0\"}}}','SENT','2026-03-12 12:29:40',0,NULL,'69b2b1b412e79254ac9453b6','2026-03-12 12:29:39','2026-03-12 12:29:40',NULL);
/*!40000 ALTER TABLE `gate_event_outbox` ENABLE KEYS */;
UNLOCK TABLES;

--
-- Table structure for table `gate_events`
--

DROP TABLE IF EXISTS `gate_events`;
/*!40101 SET @saved_cs_client     = @@character_set_client */;
/*!50503 SET character_set_client = utf8mb4 */;
CREATE TABLE `gate_events` (
  `event_id` bigint NOT NULL AUTO_INCREMENT,
  `site_id` bigint NOT NULL,
  `device_id` bigint NOT NULL,
  `direction` enum('ENTRY','EXIT') NOT NULL,
  `event_time` datetime NOT NULL,
  `rfid_uid` varchar(64) DEFAULT NULL,
  `license_plate_raw` varchar(32) DEFAULT NULL,
  `image_url` varchar(1024) DEFAULT NULL,
  `ticket_id` bigint DEFAULT NULL,
  `idempotency_key` varchar(64) NOT NULL,
  PRIMARY KEY (`event_id`,`event_time`),
  UNIQUE KEY `uq_gate_events_idem` (`site_id`,`idempotency_key`,`event_time`),
  KEY `ix_gate_events_site_time` (`site_id`,`event_time`),
  KEY `ix_gate_events_site_dir_time` (`site_id`,`direction`,`event_time`),
  KEY `ix_gate_events_site_rfid_time` (`site_id`,`rfid_uid`,`event_time`),
  KEY `ix_gate_events_site_plate_time` (`site_id`,`license_plate_raw`,`event_time`),
  KEY `ix_gate_events_ticket` (`ticket_id`)
) ENGINE=InnoDB AUTO_INCREMENT=300066 DEFAULT CHARSET=utf8mb4 COLLATE=utf8mb4_0900_ai_ci
/*!50500 PARTITION BY RANGE  COLUMNS(event_time)
(PARTITION p2026_01 VALUES LESS THAN ('2026-02-01') ENGINE = InnoDB,
 PARTITION p2026_02 VALUES LESS THAN ('2026-03-01') ENGINE = InnoDB,
 PARTITION p2026_03 VALUES LESS THAN ('2026-04-01') ENGINE = InnoDB,
 PARTITION p_future VALUES LESS THAN (MAXVALUE) ENGINE = InnoDB) */;
/*!40101 SET character_set_client = @saved_cs_client */;

--
-- Dumping data for table `gate_events`
--

LOCK TABLES `gate_events` WRITE;
/*!40000 ALTER TABLE `gate_events` DISABLE KEYS */;
INSERT INTO `gate_events` VALUES (200010,2,3,'ENTRY','2026-03-01 07:34:04','TEST_001','51A-999.99','https://example.com/snapshots/entry_001.jpg',NULL,'SITE2|DEV3|ENTRY|2026-03-01T07:34:04.182Z|RFID:TEST_001'),(200011,2,3,'ENTRY','2026-03-01 08:00:00','RFID_DEMO_001','36I-2413.34',NULL,NULL,'idem_0d4cc68b-3847-45'),(200012,2,3,'ENTRY','2026-03-01 08:00:00','RFID_DEMO_001','61D-5679.30',NULL,NULL,'idem_b8441611-567a-45'),(200013,2,3,'ENTRY','2026-03-01 08:00:00','RFID_DEMO_001','17A-9154.78',NULL,NULL,'idem_0e08f750-b1dd-4d'),(200014,2,3,'ENTRY','2026-03-04 07:47:30','TEST_001','51A-999.99','https://example.com/snapshots/entry_001.jpg',NULL,'SITE2|DEV3|ENTRY|2026-03-04T07:47:30.642Z|RFID:TEST_001'),(200015,2,3,'ENTRY','2026-03-05 15:12:03','TEST_001','51A-999.99','https://example.com/snapshots/entry_001.jpg',NULL,'SITE2|DEV3|ENTRY|2026-03-05T15:12:03.840Z|RFID:TEST_001'),(200016,2,3,'EXIT','2026-03-05 16:03:46',NULL,'14G-6514.94','/uploads/20260305_160346_7da43231.png',NULL,'ui_1772726626740_841dd469'),(200017,2,3,'ENTRY','2026-03-05 16:11:13',NULL,'60C-1309.35',NULL,NULL,'ui_1772727073709_2f4b53fc'),(200018,2,3,'ENTRY','2026-03-05 16:34:08',NULL,'59H-4175.17','/uploads/20260305_163408_bcf793c5.png',NULL,'ui_1772728448489_89054426'),(200019,2,3,'ENTRY','2026-03-05 18:32:44',NULL,'43G-2993.31',NULL,NULL,'ui_1772735564666_9c0f9575'),(200020,2,3,'ENTRY','2026-03-05 18:33:32',NULL,'14E-8635.62',NULL,NULL,'ui_1772735612242_2af2d0af'),(200021,2,3,'ENTRY','2026-03-05 18:33:32',NULL,'68H-1185.66',NULL,NULL,'ui_1772735612727_7b68bb6c'),(200022,2,3,'EXIT','2026-03-05 18:33:33',NULL,'65K-9121.47',NULL,NULL,'ui_1772735613767_5886a812'),(200023,2,3,'EXIT','2026-03-05 18:33:34',NULL,'69H-2935.12',NULL,NULL,'ui_1772735614188_d0ec05e6'),(200024,2,3,'EXIT','2026-03-05 18:33:35',NULL,'69K-2939.40',NULL,NULL,'ui_1772735615114_bf3cf86e'),(200025,2,3,'ENTRY','2026-03-06 12:50:29',NULL,'12H-5866.33',NULL,NULL,'ui_1772801429813_93385489'),(200026,2,3,'ENTRY','2026-03-06 15:45:14','TEST_001','51A-999.99','https://example.com/snapshots/entry_001.jpg',NULL,'SITE2|DEV3|ENTRY|2026-03-06T15:45:14.549Z|RFID:TEST_001'),(200027,2,23,'EXIT','2026-03-06 15:46:25',NULL,'65J-8904.44','/uploads/20260306_154625_d779cc52.png',NULL,'ui_1772811985157_e55b865f'),(200028,19,26,'ENTRY','2026-03-06 15:46:53',NULL,'17B-2341.55','/uploads/20260306_154653_2349b938.png',NULL,'ui_1772812013095_7e708da7'),(200029,19,26,'ENTRY','2026-03-06 17:27:06',NULL,'29CG99680',NULL,NULL,'ui_1772818026019_a412c3ca'),(200030,19,26,'ENTRY','2026-03-06 17:27:24',NULL,'30AB21286','/uploads/20260306_172724_70feab97.png',NULL,'ui_1772818044833_9c3e72ea'),(300031,2,3,'ENTRY','2026-03-07 03:03:32','TEST_001','51A-999.99','https://example.com/snapshots/entry_001.jpg',NULL,'SITE2|DEV3|ENTRY|2026-03-07T03:03:32.397Z|RFID:TEST_001'),(300032,19,26,'ENTRY','2026-03-07 05:17:32',NULL,'49AI37312',NULL,NULL,'ui_1772860652329_73897570'),(300033,2,5,'EXIT','2026-03-07 05:18:02',NULL,'43LI16732',NULL,NULL,'ui_1772860682879_e507321c'),(300034,2,3,'ENTRY','2026-03-07 08:11:21','TEST_001','51A-999.99','https://example.com/snapshots/entry_001.jpg',NULL,'SITE2|DEV3|ENTRY|2026-03-07T08:11:21.148Z|RFID:TEST_001'),(300035,2,3,'ENTRY','2026-03-07 09:11:08','TEST_001','51A-999.99','https://example.com/snapshots/entry_001.jpg',NULL,'SITE2|DEV3|ENTRY|2026-03-07T09:11:08.481Z|RFID:TEST_001'),(300036,2,3,'ENTRY','2026-03-07 09:25:09','TEST_001','51A-999.99','https://example.com/snapshots/entry_001.jpg',NULL,'SITE2|DEV3|ENTRY|2026-03-07T09:25:09.650Z|RFID:TEST_001'),(300037,19,47,'ENTRY','2026-03-07 09:25:31',NULL,'68IB84315','/uploads/20260307_092531_ef2d3b02.png',NULL,'ui_1772875531889_3d30bdea'),(300038,19,47,'ENTRY','2026-03-07 09:26:01',NULL,'15E341610','/uploads/20260307_092601_46705eab.png',NULL,'ui_1772875561527_f410c26c'),(300039,19,47,'ENTRY','2026-03-07 09:31:50',NULL,'30LB14084','/uploads/20260307_093150_4ac8b217.png',NULL,'ui_1772875910997_99a22cbe'),(300040,19,59,'EXIT','2026-03-07 09:32:06',NULL,'18BZ50255','/uploads/20260307_093206_43933d9d.png',NULL,'ui_1772875926980_ded3c598'),(300041,19,47,'ENTRY','2026-03-07 09:54:39',NULL,'64F959034','/uploads/20260307_095439_45f50bcc.png',NULL,'ui_1772877279800_c077216b'),(300042,2,3,'ENTRY','2026-03-07 13:08:54','TEST_001','51A-999.99','https://example.com/snapshots/entry_001.jpg',NULL,'SITE2|DEV3|ENTRY|2026-03-07T13:08:54.510Z|RFID:TEST_001'),(300043,2,3,'ENTRY','2026-03-07 13:47:51','TEST_001','51A-999.99','https://example.com/snapshots/entry_001.jpg',NULL,'SITE2|DEV3|ENTRY|2026-03-07T13:47:51.083Z|RFID:TEST_001'),(300044,2,3,'ENTRY','2026-03-07 14:24:36','TEST_001','51A-999.99','https://example.com/snapshots/entry_001.jpg',NULL,'SITE2|DEV3|ENTRY|2026-03-07T14:24:36.437Z|RFID:TEST_001'),(300045,2,3,'ENTRY','2026-03-07 14:53:55','TEST_001','51A-999.99','https://example.com/snapshots/entry_001.jpg',NULL,'SITE2|DEV3|ENTRY|2026-03-07T14:53:55.273Z|RFID:TEST_001'),(300046,2,3,'ENTRY','2026-03-07 15:37:27','TEST_001','51A-999.99','https://example.com/snapshots/entry_001.jpg',NULL,'SITE2|DEV3|ENTRY|2026-03-07T15:37:27.428Z|RFID:TEST_001'),(300047,2,3,'ENTRY','2026-03-07 16:13:06','TEST_001','51A-999.99','https://example.com/snapshots/entry_001.jpg',NULL,'SITE2|DEV3|ENTRY|2026-03-07T16:13:06.693Z|RFID:TEST_001'),(300048,2,3,'ENTRY','2026-03-07 16:39:18','TEST_001','51A-999.99','https://example.com/snapshots/entry_001.jpg',NULL,'SITE2|DEV3|ENTRY|2026-03-07T16:39:18.628Z|RFID:TEST_001'),(300049,2,3,'ENTRY','2026-03-07 17:08:34','TEST_001','51A-999.99','https://example.com/snapshots/entry_001.jpg',NULL,'SITE2|DEV3|ENTRY|2026-03-07T17:08:34.591Z|RFID:TEST_001'),(300050,2,3,'ENTRY','2026-03-07 17:34:03','TEST_001','51A-999.99','https://example.com/snapshots/entry_001.jpg',NULL,'SITE2|DEV3|ENTRY|2026-03-07T17:34:03.713Z|RFID:TEST_001'),(300051,2,3,'ENTRY','2026-03-07 18:06:54','TEST_001','51A-999.99','https://example.com/snapshots/entry_001.jpg',NULL,'SITE2|DEV3|ENTRY|2026-03-07T18:06:54.769Z|RFID:TEST_001'),(300052,2,3,'ENTRY','2026-03-07 19:00:38','TEST_001','51A-999.99','https://example.com/snapshots/entry_001.jpg',NULL,'SITE2|DEV3|ENTRY|2026-03-07T19:00:38.886Z|RFID:TEST_001'),(300053,2,3,'ENTRY','2026-03-07 20:18:57','TEST_001','51A-999.99','https://example.com/snapshots/entry_001.jpg',NULL,'SITE2|DEV3|ENTRY|2026-03-07T20:18:57.271Z|RFID:TEST_001'),(300054,19,47,'ENTRY','2026-03-07 20:37:31',NULL,'50KS27044','/uploads/20260307_203731_399b815e.png',NULL,'ui_1772915851254_dbe18d59'),(300055,19,47,'ENTRY','2026-03-07 20:39:25',NULL,'61LI69166','/uploads/20260307_203925_12208cc0.png',NULL,'ui_1772915965142_584e06bd'),(300056,19,47,'ENTRY','2026-03-08 07:19:50',NULL,'50AF66879','/uploads/20260308_071950_d277fd82.png',NULL,'ui_1772954390567_71d4a222'),(300057,2,43,'EXIT','2026-03-08 07:24:02',NULL,'50AF66879','/uploads/20260308_072402_eba17de6.png',NULL,'ui_1772954642295_71a0f9a0'),(300058,2,31,'ENTRY','2026-03-08 07:24:17',NULL,'50AF66879','/uploads/20260308_072417_4145a67e.png',NULL,'ui_1772954657668_a80e2547'),(300059,19,47,'ENTRY','2026-03-08 07:52:55',NULL,'50AF66879','/uploads/20260308_075255_15144963.png',NULL,'ui_1772956375631_25d69827'),(300060,19,47,'ENTRY','2026-03-08 08:55:41',NULL,'30AF66879','/uploads/20260308_085540_bed4b143.png',NULL,'ui_1772960141912_e1ba50f7'),(300061,2,3,'ENTRY','2026-03-08 10:05:43','TEST_001','51A-999.99','https://example.com/snapshots/entry_001.jpg',NULL,'SITE2|DEV3|ENTRY|2026-03-08T10:05:43.009Z|RFID:TEST_001'),(300063,2,3,'ENTRY','2026-03-12 12:16:58','TEST_001','51A-999.99','https://example.com/snapshots/entry_001.jpg',NULL,'SITE2|DEV3|ENTRY|2026-03-12T12:16:58.719Z|RFID:TEST_001'),(300064,2,3,'ENTRY','2026-03-12 12:29:38','TEST_001','51A-999.99','https://example.com/snapshots/entry_001.jpg',NULL,'SITE2|DEV3|ENTRY|2026-03-12T12:29:38.958Z|RFID:TEST_001');
/*!40000 ALTER TABLE `gate_events` ENABLE KEYS */;
UNLOCK TABLES;
/*!50003 SET @saved_cs_client      = @@character_set_client */ ;
/*!50003 SET @saved_cs_results     = @@character_set_results */ ;
/*!50003 SET @saved_col_connection = @@collation_connection */ ;
/*!50003 SET character_set_client  = utf8mb4 */ ;
/*!50003 SET character_set_results = utf8mb4 */ ;
/*!50003 SET collation_connection  = utf8mb4_unicode_ci */ ;
/*!50003 SET @saved_sql_mode       = @@sql_mode */ ;
/*!50003 SET sql_mode              = 'IGNORE_SPACE,STRICT_TRANS_TABLES,NO_ENGINE_SUBSTITUTION' */ ;
DELIMITER ;;
/*!50003 CREATE*/ /*!50017 DEFINER=`parking_root`@`localhost`*/ /*!50003 TRIGGER `trg_gate_events_no_update` BEFORE UPDATE ON `gate_events` FOR EACH ROW BEGIN
  SIGNAL SQLSTATE '45000' SET MESSAGE_TEXT = 'gate_events is append-only: UPDATE is not allowed';
END */;;
DELIMITER ;
/*!50003 SET sql_mode              = @saved_sql_mode */ ;
/*!50003 SET character_set_client  = @saved_cs_client */ ;
/*!50003 SET character_set_results = @saved_cs_results */ ;
/*!50003 SET collation_connection  = @saved_col_connection */ ;
/*!50003 SET @saved_cs_client      = @@character_set_client */ ;
/*!50003 SET @saved_cs_results     = @@character_set_results */ ;
/*!50003 SET @saved_col_connection = @@collation_connection */ ;
/*!50003 SET character_set_client  = utf8mb4 */ ;
/*!50003 SET character_set_results = utf8mb4 */ ;
/*!50003 SET collation_connection  = utf8mb4_unicode_ci */ ;
/*!50003 SET @saved_sql_mode       = @@sql_mode */ ;
/*!50003 SET sql_mode              = 'IGNORE_SPACE,STRICT_TRANS_TABLES,NO_ENGINE_SUBSTITUTION' */ ;
DELIMITER ;;
/*!50003 CREATE*/ /*!50017 DEFINER=`parking_root`@`localhost`*/ /*!50003 TRIGGER `trg_gate_events_no_delete` BEFORE DELETE ON `gate_events` FOR EACH ROW BEGIN
  SIGNAL SQLSTATE '45000' SET MESSAGE_TEXT = 'gate_events is append-only: DELETE is not allowed';
END */;;
DELIMITER ;
/*!50003 SET sql_mode              = @saved_sql_mode */ ;
/*!50003 SET character_set_client  = @saved_cs_client */ ;
/*!50003 SET character_set_results = @saved_cs_results */ ;
/*!50003 SET collation_connection  = @saved_col_connection */ ;

--
-- Table structure for table `gate_incident_history`
--

DROP TABLE IF EXISTS `gate_incident_history`;
/*!40101 SET @saved_cs_client     = @@character_set_client */;
/*!50503 SET character_set_client = utf8mb4 */;
CREATE TABLE `gate_incident_history` (
  `history_id` bigint NOT NULL AUTO_INCREMENT,
  `incident_id` bigint NOT NULL,
  `action_code` varchar(64) NOT NULL,
  `previous_status` enum('OPEN','ACKED','RESOLVED','IGNORED') DEFAULT NULL,
  `next_status` enum('OPEN','ACKED','RESOLVED','IGNORED') DEFAULT NULL,
  `actor_role` varchar(32) DEFAULT NULL,
  `actor_user_id` bigint DEFAULT NULL,
  `note` text,
  `evidence_media_id` bigint DEFAULT NULL,
  `snapshot_before_json` json DEFAULT NULL,
  `snapshot_after_json` json DEFAULT NULL,
  `created_at` datetime NOT NULL DEFAULT CURRENT_TIMESTAMP,
  PRIMARY KEY (`history_id`),
  KEY `ix_gate_incident_history_incident` (`incident_id`,`created_at`),
  KEY `ix_gate_incident_history_action` (`action_code`,`created_at`),
  KEY `ix_gate_incident_history_actor` (`actor_user_id`,`created_at`),
  CONSTRAINT `fk_gate_incident_history_incident` FOREIGN KEY (`incident_id`) REFERENCES `gate_incidents` (`incident_id`)
) ENGINE=InnoDB AUTO_INCREMENT=9 DEFAULT CHARSET=utf8mb4 COLLATE=utf8mb4_0900_ai_ci;
/*!40101 SET character_set_client = @saved_cs_client */;

--
-- Dumping data for table `gate_incident_history`
--

LOCK TABLES `gate_incident_history` WRITE;
/*!40000 ALTER TABLE `gate_incident_history` DISABLE KEYS */;
INSERT INTO `gate_incident_history` VALUES (1,5,'AUTO_UPDATED','OPEN','OPEN','SYSTEM',NULL,NULL,NULL,'{\"source\": \"RECONCILIATION\", \"projection\": {\"siteId\": \"2\", \"spotId\": \"1\", \"zoneId\": \"1\", \"staleAt\": null, \"snapshot\": {\"now\": \"2026-03-12T18:28:30.445Z\", \"spot\": {\"siteId\": \"2\", \"spotId\": \"1\", \"zoneId\": \"1\", \"spotCode\": \"HCM-VIP-01\", \"zoneCode\": \"VIP_A\"}, \"ageSeconds\": 0, \"activeGatePresence\": null, \"sensorStaleSeconds\": 180, \"latestPresenceEvent\": {\"traceId\": \"smoke-1773340110419\", \"cameraCode\": \"CAM_VIP_A_HCM_VIP_01\", \"capturedAt\": \"2026-03-12T18:28:30.000Z\", \"confidence\": 0.97, \"modelVersion\": \"smoke-release-v1\", \"plateCompact\": \"51B67890\", \"presenceEventId\": \"2\", \"snapshotObjectKey\": \"smoke/SITE_HCM_01/HCM-VIP-01/1773340110419.png\"}, \"reservedSpotSubscription\": {\"spotId\": \"1\", \"spotCode\": \"HCM-VIP-01\", \"subscriptionId\": \"1\", \"subscriptionSpotId\": \"1\", \"primaryPlateCompact\": \"51A12345\", \"allowedPlateCompacts\": [\"51A12345\"]}, \"observedVehicleSubscription\": null}, \"spotCode\": \"HCM-VIP-01\", \"zoneCode\": \"VIP_A\", \"updatedAt\": \"2026-03-13T01:28:30.000Z\", \"reasonCode\": \"RESERVED_SPOT_OCCUPIED_BY_OTHER\", \"projectionId\": \"1\", \"reasonDetail\": \"Spot đang được reserve/assign cho subscription khác nhưng camera thấy plate không thuộc danh sách cho phép.\", \"occupancyStatus\": \"OCCUPIED_VIOLATION\", \"expectedPlateCompact\": \"51A12345\", \"observedPlateCompact\": \"51B67890\", \"matchedGatePresenceId\": null, \"matchedSubscriptionId\": \"1\", \"sourcePresenceEventId\": \"2\", \"matchedSubscriptionSpotId\": \"1\"}, \"incidentHint\": {\"noiseClass\": \"REPEATED_MISMATCH\", \"fingerprint\": \"OCCUPIED_VIOLATION|RESERVED_SPOT_OCCUPIED_BY_OTHER|51B67890|51A12345|1|\", \"signatureFields\": [\"OCCUPIED_VIOLATION\", \"RESERVED_SPOT_OCCUPIED_BY_OTHER\", \"51B67890\", \"51A12345\", \"1\", \"\"], \"reopenWindowSeconds\": 600, \"suppressionThreshold\": 1, \"dedupeCooldownSeconds\": 180}, \"__noiseControl\": {\"hitCount\": 1, \"lastSeenAt\": \"2026-03-12T18:28:30.455Z\", \"noiseClass\": \"REPEATED_MISMATCH\", \"fingerprint\": \"OCCUPIED_VIOLATION|RESERVED_SPOT_OCCUPIED_BY_OTHER|51B67890|51A12345|1|\", \"firstSeenAt\": \"2026-03-12T18:28:30.455Z\", \"lastPublishedAt\": \"2026-03-12T18:28:30.455Z\", \"suppressedCount\": 0, \"lastMeaningfulAt\": \"2026-03-12T18:28:30.455Z\"}}','{\"source\": \"RECONCILIATION\", \"projection\": {\"siteId\": \"2\", \"spotId\": \"1\", \"zoneId\": \"1\", \"staleAt\": null, \"snapshot\": {\"now\": \"2026-03-12T18:31:50.079Z\", \"spot\": {\"siteId\": \"2\", \"spotId\": \"1\", \"zoneId\": \"1\", \"spotCode\": \"HCM-VIP-01\", \"zoneCode\": \"VIP_A\"}, \"ageSeconds\": 0, \"activeGatePresence\": null, \"sensorStaleSeconds\": 180, \"latestPresenceEvent\": {\"traceId\": \"smoke-1773340310053\", \"cameraCode\": \"CAM_VIP_A_HCM_VIP_01\", \"capturedAt\": \"2026-03-12T18:31:50.000Z\", \"confidence\": 0.97, \"modelVersion\": \"smoke-release-v1\", \"plateCompact\": \"51B67890\", \"presenceEventId\": \"3\", \"snapshotObjectKey\": \"smoke/SITE_HCM_01/HCM-VIP-01/1773340310053.png\"}, \"reservedSpotSubscription\": {\"spotId\": \"1\", \"spotCode\": \"HCM-VIP-01\", \"subscriptionId\": \"1\", \"subscriptionSpotId\": \"1\", \"primaryPlateCompact\": \"51A12345\", \"allowedPlateCompacts\": [\"51A12345\"]}, \"observedVehicleSubscription\": null}, \"spotCode\": \"HCM-VIP-01\", \"zoneCode\": \"VIP_A\", \"updatedAt\": \"2026-03-13T01:31:50.000Z\", \"reasonCode\": \"RESERVED_SPOT_OCCUPIED_BY_OTHER\", \"projectionId\": \"1\", \"reasonDetail\": \"Spot đang được reserve/assign cho subscription khác nhưng camera thấy plate không thuộc danh sách cho phép.\", \"occupancyStatus\": \"OCCUPIED_VIOLATION\", \"expectedPlateCompact\": \"51A12345\", \"observedPlateCompact\": \"51B67890\", \"matchedGatePresenceId\": null, \"matchedSubscriptionId\": \"1\", \"sourcePresenceEventId\": \"3\", \"matchedSubscriptionSpotId\": \"1\"}, \"incidentHint\": {\"noiseClass\": \"REPEATED_MISMATCH\", \"fingerprint\": \"OCCUPIED_VIOLATION|RESERVED_SPOT_OCCUPIED_BY_OTHER|51B67890|51A12345|1|\", \"signatureFields\": [\"OCCUPIED_VIOLATION\", \"RESERVED_SPOT_OCCUPIED_BY_OTHER\", \"51B67890\", \"51A12345\", \"1\", \"\"], \"reopenWindowSeconds\": 600, \"suppressionThreshold\": 1, \"dedupeCooldownSeconds\": 180}, \"__noiseControl\": {\"hitCount\": 2, \"lastSeenAt\": \"2026-03-12T18:31:50.087Z\", \"noiseClass\": \"REPEATED_MISMATCH\", \"fingerprint\": \"OCCUPIED_VIOLATION|RESERVED_SPOT_OCCUPIED_BY_OTHER|51B67890|51A12345|1|\", \"firstSeenAt\": \"2026-03-12T18:28:30.455Z\", \"lastPublishedAt\": \"2026-03-12T18:31:50.087Z\", \"suppressedCount\": 0, \"lastMeaningfulAt\": \"2026-03-12T18:31:50.087Z\"}}','2026-03-12 18:31:50'),(2,5,'RESOLVED','OPEN','RESOLVED','OPS',2,'Smoke bundle incident resolution',NULL,'{\"source\": \"RECONCILIATION\", \"projection\": {\"siteId\": \"2\", \"spotId\": \"1\", \"zoneId\": \"1\", \"staleAt\": null, \"snapshot\": {\"now\": \"2026-03-12T18:31:50.079Z\", \"spot\": {\"siteId\": \"2\", \"spotId\": \"1\", \"zoneId\": \"1\", \"spotCode\": \"HCM-VIP-01\", \"zoneCode\": \"VIP_A\"}, \"ageSeconds\": 0, \"activeGatePresence\": null, \"sensorStaleSeconds\": 180, \"latestPresenceEvent\": {\"traceId\": \"smoke-1773340310053\", \"cameraCode\": \"CAM_VIP_A_HCM_VIP_01\", \"capturedAt\": \"2026-03-12T18:31:50.000Z\", \"confidence\": 0.97, \"modelVersion\": \"smoke-release-v1\", \"plateCompact\": \"51B67890\", \"presenceEventId\": \"3\", \"snapshotObjectKey\": \"smoke/SITE_HCM_01/HCM-VIP-01/1773340310053.png\"}, \"reservedSpotSubscription\": {\"spotId\": \"1\", \"spotCode\": \"HCM-VIP-01\", \"subscriptionId\": \"1\", \"subscriptionSpotId\": \"1\", \"primaryPlateCompact\": \"51A12345\", \"allowedPlateCompacts\": [\"51A12345\"]}, \"observedVehicleSubscription\": null}, \"spotCode\": \"HCM-VIP-01\", \"zoneCode\": \"VIP_A\", \"updatedAt\": \"2026-03-13T01:31:50.000Z\", \"reasonCode\": \"RESERVED_SPOT_OCCUPIED_BY_OTHER\", \"projectionId\": \"1\", \"reasonDetail\": \"Spot đang được reserve/assign cho subscription khác nhưng camera thấy plate không thuộc danh sách cho phép.\", \"occupancyStatus\": \"OCCUPIED_VIOLATION\", \"expectedPlateCompact\": \"51A12345\", \"observedPlateCompact\": \"51B67890\", \"matchedGatePresenceId\": null, \"matchedSubscriptionId\": \"1\", \"sourcePresenceEventId\": \"3\", \"matchedSubscriptionSpotId\": \"1\"}, \"incidentHint\": {\"noiseClass\": \"REPEATED_MISMATCH\", \"fingerprint\": \"OCCUPIED_VIOLATION|RESERVED_SPOT_OCCUPIED_BY_OTHER|51B67890|51A12345|1|\", \"signatureFields\": [\"OCCUPIED_VIOLATION\", \"RESERVED_SPOT_OCCUPIED_BY_OTHER\", \"51B67890\", \"51A12345\", \"1\", \"\"], \"reopenWindowSeconds\": 600, \"suppressionThreshold\": 1, \"dedupeCooldownSeconds\": 180}, \"__noiseControl\": {\"hitCount\": 2, \"lastSeenAt\": \"2026-03-12T18:31:50.087Z\", \"noiseClass\": \"REPEATED_MISMATCH\", \"fingerprint\": \"OCCUPIED_VIOLATION|RESERVED_SPOT_OCCUPIED_BY_OTHER|51B67890|51A12345|1|\", \"firstSeenAt\": \"2026-03-12T18:28:30.455Z\", \"lastPublishedAt\": \"2026-03-12T18:31:50.087Z\", \"suppressedCount\": 0, \"lastMeaningfulAt\": \"2026-03-12T18:31:50.087Z\"}}','{\"source\": \"RECONCILIATION\", \"projection\": {\"siteId\": \"2\", \"spotId\": \"1\", \"zoneId\": \"1\", \"staleAt\": null, \"snapshot\": {\"now\": \"2026-03-12T18:31:50.079Z\", \"spot\": {\"siteId\": \"2\", \"spotId\": \"1\", \"zoneId\": \"1\", \"spotCode\": \"HCM-VIP-01\", \"zoneCode\": \"VIP_A\"}, \"ageSeconds\": 0, \"activeGatePresence\": null, \"sensorStaleSeconds\": 180, \"latestPresenceEvent\": {\"traceId\": \"smoke-1773340310053\", \"cameraCode\": \"CAM_VIP_A_HCM_VIP_01\", \"capturedAt\": \"2026-03-12T18:31:50.000Z\", \"confidence\": 0.97, \"modelVersion\": \"smoke-release-v1\", \"plateCompact\": \"51B67890\", \"presenceEventId\": \"3\", \"snapshotObjectKey\": \"smoke/SITE_HCM_01/HCM-VIP-01/1773340310053.png\"}, \"reservedSpotSubscription\": {\"spotId\": \"1\", \"spotCode\": \"HCM-VIP-01\", \"subscriptionId\": \"1\", \"subscriptionSpotId\": \"1\", \"primaryPlateCompact\": \"51A12345\", \"allowedPlateCompacts\": [\"51A12345\"]}, \"observedVehicleSubscription\": null}, \"spotCode\": \"HCM-VIP-01\", \"zoneCode\": \"VIP_A\", \"updatedAt\": \"2026-03-13T01:31:50.000Z\", \"reasonCode\": \"RESERVED_SPOT_OCCUPIED_BY_OTHER\", \"projectionId\": \"1\", \"reasonDetail\": \"Spot đang được reserve/assign cho subscription khác nhưng camera thấy plate không thuộc danh sách cho phép.\", \"occupancyStatus\": \"OCCUPIED_VIOLATION\", \"expectedPlateCompact\": \"51A12345\", \"observedPlateCompact\": \"51B67890\", \"matchedGatePresenceId\": null, \"matchedSubscriptionId\": \"1\", \"sourcePresenceEventId\": \"3\", \"matchedSubscriptionSpotId\": \"1\"}, \"incidentHint\": {\"noiseClass\": \"REPEATED_MISMATCH\", \"fingerprint\": \"OCCUPIED_VIOLATION|RESERVED_SPOT_OCCUPIED_BY_OTHER|51B67890|51A12345|1|\", \"signatureFields\": [\"OCCUPIED_VIOLATION\", \"RESERVED_SPOT_OCCUPIED_BY_OTHER\", \"51B67890\", \"51A12345\", \"1\", \"\"], \"reopenWindowSeconds\": 600, \"suppressionThreshold\": 1, \"dedupeCooldownSeconds\": 180}, \"__noiseControl\": {\"hitCount\": 2, \"lastSeenAt\": \"2026-03-12T18:31:50.087Z\", \"noiseClass\": \"REPEATED_MISMATCH\", \"fingerprint\": \"OCCUPIED_VIOLATION|RESERVED_SPOT_OCCUPIED_BY_OTHER|51B67890|51A12345|1|\", \"firstSeenAt\": \"2026-03-12T18:28:30.455Z\", \"lastPublishedAt\": \"2026-03-12T18:31:50.087Z\", \"suppressedCount\": 0, \"lastMeaningfulAt\": \"2026-03-12T18:31:50.087Z\"}}','2026-03-12 18:31:50'),(3,6,'AUTO_OPENED','RESOLVED','OPEN','SYSTEM',NULL,NULL,NULL,'{\"source\": \"RECONCILIATION\", \"projection\": {\"siteId\": \"2\", \"spotId\": \"1\", \"zoneId\": \"1\", \"staleAt\": null, \"snapshot\": {\"now\": \"2026-03-12T18:31:50.079Z\", \"spot\": {\"siteId\": \"2\", \"spotId\": \"1\", \"zoneId\": \"1\", \"spotCode\": \"HCM-VIP-01\", \"zoneCode\": \"VIP_A\"}, \"ageSeconds\": 0, \"activeGatePresence\": null, \"sensorStaleSeconds\": 180, \"latestPresenceEvent\": {\"traceId\": \"smoke-1773340310053\", \"cameraCode\": \"CAM_VIP_A_HCM_VIP_01\", \"capturedAt\": \"2026-03-12T18:31:50.000Z\", \"confidence\": 0.97, \"modelVersion\": \"smoke-release-v1\", \"plateCompact\": \"51B67890\", \"presenceEventId\": \"3\", \"snapshotObjectKey\": \"smoke/SITE_HCM_01/HCM-VIP-01/1773340310053.png\"}, \"reservedSpotSubscription\": {\"spotId\": \"1\", \"spotCode\": \"HCM-VIP-01\", \"subscriptionId\": \"1\", \"subscriptionSpotId\": \"1\", \"primaryPlateCompact\": \"51A12345\", \"allowedPlateCompacts\": [\"51A12345\"]}, \"observedVehicleSubscription\": null}, \"spotCode\": \"HCM-VIP-01\", \"zoneCode\": \"VIP_A\", \"updatedAt\": \"2026-03-13T01:31:50.000Z\", \"reasonCode\": \"RESERVED_SPOT_OCCUPIED_BY_OTHER\", \"projectionId\": \"1\", \"reasonDetail\": \"Spot đang được reserve/assign cho subscription khác nhưng camera thấy plate không thuộc danh sách cho phép.\", \"occupancyStatus\": \"OCCUPIED_VIOLATION\", \"expectedPlateCompact\": \"51A12345\", \"observedPlateCompact\": \"51B67890\", \"matchedGatePresenceId\": null, \"matchedSubscriptionId\": \"1\", \"sourcePresenceEventId\": \"3\", \"matchedSubscriptionSpotId\": \"1\"}, \"incidentHint\": {\"noiseClass\": \"REPEATED_MISMATCH\", \"fingerprint\": \"OCCUPIED_VIOLATION|RESERVED_SPOT_OCCUPIED_BY_OTHER|51B67890|51A12345|1|\", \"signatureFields\": [\"OCCUPIED_VIOLATION\", \"RESERVED_SPOT_OCCUPIED_BY_OTHER\", \"51B67890\", \"51A12345\", \"1\", \"\"], \"reopenWindowSeconds\": 600, \"suppressionThreshold\": 1, \"dedupeCooldownSeconds\": 180}, \"__noiseControl\": {\"hitCount\": 2, \"lastSeenAt\": \"2026-03-12T18:31:50.087Z\", \"noiseClass\": \"REPEATED_MISMATCH\", \"fingerprint\": \"OCCUPIED_VIOLATION|RESERVED_SPOT_OCCUPIED_BY_OTHER|51B67890|51A12345|1|\", \"firstSeenAt\": \"2026-03-12T18:28:30.455Z\", \"lastPublishedAt\": \"2026-03-12T18:31:50.087Z\", \"suppressedCount\": 0, \"lastMeaningfulAt\": \"2026-03-12T18:31:50.087Z\"}}','{\"source\": \"RECONCILIATION\", \"projection\": {\"siteId\": \"2\", \"spotId\": \"1\", \"zoneId\": \"1\", \"staleAt\": null, \"snapshot\": {\"now\": \"2026-03-13T11:20:42.137Z\", \"spot\": {\"siteId\": \"2\", \"spotId\": \"1\", \"zoneId\": \"1\", \"spotCode\": \"HCM-VIP-01\", \"zoneCode\": \"VIP_A\"}, \"ageSeconds\": 0, \"activeGatePresence\": null, \"sensorStaleSeconds\": 180, \"latestPresenceEvent\": {\"traceId\": \"smoke-1773400842104\", \"cameraCode\": \"CAM_VIP_A_HCM_VIP_01\", \"capturedAt\": \"2026-03-13T11:20:42.000Z\", \"confidence\": 0.97, \"modelVersion\": \"smoke-release-v1\", \"plateCompact\": \"51B67890\", \"presenceEventId\": \"4\", \"snapshotObjectKey\": \"smoke/SITE_HCM_01/HCM-VIP-01/1773400842104.png\"}, \"reservedSpotSubscription\": {\"spotId\": \"1\", \"spotCode\": \"HCM-VIP-01\", \"subscriptionId\": \"1\", \"subscriptionSpotId\": \"1\", \"primaryPlateCompact\": \"51A12345\", \"allowedPlateCompacts\": [\"51A12345\"]}, \"observedVehicleSubscription\": null}, \"spotCode\": \"HCM-VIP-01\", \"zoneCode\": \"VIP_A\", \"updatedAt\": \"2026-03-13T18:20:42.000Z\", \"reasonCode\": \"RESERVED_SPOT_OCCUPIED_BY_OTHER\", \"projectionId\": \"1\", \"reasonDetail\": \"Spot đang được reserve/assign cho subscription khác nhưng camera thấy plate không thuộc danh sách cho phép.\", \"occupancyStatus\": \"OCCUPIED_VIOLATION\", \"expectedPlateCompact\": \"51A12345\", \"observedPlateCompact\": \"51B67890\", \"matchedGatePresenceId\": null, \"matchedSubscriptionId\": \"1\", \"sourcePresenceEventId\": \"4\", \"matchedSubscriptionSpotId\": \"1\"}, \"incidentHint\": {\"noiseClass\": \"REPEATED_MISMATCH\", \"fingerprint\": \"OCCUPIED_VIOLATION|RESERVED_SPOT_OCCUPIED_BY_OTHER|51B67890|51A12345|1|\", \"signatureFields\": [\"OCCUPIED_VIOLATION\", \"RESERVED_SPOT_OCCUPIED_BY_OTHER\", \"51B67890\", \"51A12345\", \"1\", \"\"], \"reopenWindowSeconds\": 600, \"suppressionThreshold\": 1, \"dedupeCooldownSeconds\": 180}, \"__noiseControl\": {\"hitCount\": 1, \"lastSeenAt\": \"2026-03-13T11:20:42.147Z\", \"noiseClass\": \"REPEATED_MISMATCH\", \"fingerprint\": \"OCCUPIED_VIOLATION|RESERVED_SPOT_OCCUPIED_BY_OTHER|51B67890|51A12345|1|\", \"firstSeenAt\": \"2026-03-12T18:28:30.455Z\", \"lastPublishedAt\": \"2026-03-13T11:20:42.147Z\", \"suppressedCount\": 0, \"lastMeaningfulAt\": \"2026-03-13T11:20:42.147Z\"}}','2026-03-13 11:20:42'),(4,6,'RESOLVED','OPEN','RESOLVED','OPS',2,'Smoke bundle incident resolution',NULL,'{\"source\": \"RECONCILIATION\", \"projection\": {\"siteId\": \"2\", \"spotId\": \"1\", \"zoneId\": \"1\", \"staleAt\": null, \"snapshot\": {\"now\": \"2026-03-13T11:20:42.137Z\", \"spot\": {\"siteId\": \"2\", \"spotId\": \"1\", \"zoneId\": \"1\", \"spotCode\": \"HCM-VIP-01\", \"zoneCode\": \"VIP_A\"}, \"ageSeconds\": 0, \"activeGatePresence\": null, \"sensorStaleSeconds\": 180, \"latestPresenceEvent\": {\"traceId\": \"smoke-1773400842104\", \"cameraCode\": \"CAM_VIP_A_HCM_VIP_01\", \"capturedAt\": \"2026-03-13T11:20:42.000Z\", \"confidence\": 0.97, \"modelVersion\": \"smoke-release-v1\", \"plateCompact\": \"51B67890\", \"presenceEventId\": \"4\", \"snapshotObjectKey\": \"smoke/SITE_HCM_01/HCM-VIP-01/1773400842104.png\"}, \"reservedSpotSubscription\": {\"spotId\": \"1\", \"spotCode\": \"HCM-VIP-01\", \"subscriptionId\": \"1\", \"subscriptionSpotId\": \"1\", \"primaryPlateCompact\": \"51A12345\", \"allowedPlateCompacts\": [\"51A12345\"]}, \"observedVehicleSubscription\": null}, \"spotCode\": \"HCM-VIP-01\", \"zoneCode\": \"VIP_A\", \"updatedAt\": \"2026-03-13T18:20:42.000Z\", \"reasonCode\": \"RESERVED_SPOT_OCCUPIED_BY_OTHER\", \"projectionId\": \"1\", \"reasonDetail\": \"Spot đang được reserve/assign cho subscription khác nhưng camera thấy plate không thuộc danh sách cho phép.\", \"occupancyStatus\": \"OCCUPIED_VIOLATION\", \"expectedPlateCompact\": \"51A12345\", \"observedPlateCompact\": \"51B67890\", \"matchedGatePresenceId\": null, \"matchedSubscriptionId\": \"1\", \"sourcePresenceEventId\": \"4\", \"matchedSubscriptionSpotId\": \"1\"}, \"incidentHint\": {\"noiseClass\": \"REPEATED_MISMATCH\", \"fingerprint\": \"OCCUPIED_VIOLATION|RESERVED_SPOT_OCCUPIED_BY_OTHER|51B67890|51A12345|1|\", \"signatureFields\": [\"OCCUPIED_VIOLATION\", \"RESERVED_SPOT_OCCUPIED_BY_OTHER\", \"51B67890\", \"51A12345\", \"1\", \"\"], \"reopenWindowSeconds\": 600, \"suppressionThreshold\": 1, \"dedupeCooldownSeconds\": 180}, \"__noiseControl\": {\"hitCount\": 1, \"lastSeenAt\": \"2026-03-13T11:20:42.147Z\", \"noiseClass\": \"REPEATED_MISMATCH\", \"fingerprint\": \"OCCUPIED_VIOLATION|RESERVED_SPOT_OCCUPIED_BY_OTHER|51B67890|51A12345|1|\", \"firstSeenAt\": \"2026-03-12T18:28:30.455Z\", \"lastPublishedAt\": \"2026-03-13T11:20:42.147Z\", \"suppressedCount\": 0, \"lastMeaningfulAt\": \"2026-03-13T11:20:42.147Z\"}}','{\"source\": \"RECONCILIATION\", \"projection\": {\"siteId\": \"2\", \"spotId\": \"1\", \"zoneId\": \"1\", \"staleAt\": null, \"snapshot\": {\"now\": \"2026-03-13T11:20:42.137Z\", \"spot\": {\"siteId\": \"2\", \"spotId\": \"1\", \"zoneId\": \"1\", \"spotCode\": \"HCM-VIP-01\", \"zoneCode\": \"VIP_A\"}, \"ageSeconds\": 0, \"activeGatePresence\": null, \"sensorStaleSeconds\": 180, \"latestPresenceEvent\": {\"traceId\": \"smoke-1773400842104\", \"cameraCode\": \"CAM_VIP_A_HCM_VIP_01\", \"capturedAt\": \"2026-03-13T11:20:42.000Z\", \"confidence\": 0.97, \"modelVersion\": \"smoke-release-v1\", \"plateCompact\": \"51B67890\", \"presenceEventId\": \"4\", \"snapshotObjectKey\": \"smoke/SITE_HCM_01/HCM-VIP-01/1773400842104.png\"}, \"reservedSpotSubscription\": {\"spotId\": \"1\", \"spotCode\": \"HCM-VIP-01\", \"subscriptionId\": \"1\", \"subscriptionSpotId\": \"1\", \"primaryPlateCompact\": \"51A12345\", \"allowedPlateCompacts\": [\"51A12345\"]}, \"observedVehicleSubscription\": null}, \"spotCode\": \"HCM-VIP-01\", \"zoneCode\": \"VIP_A\", \"updatedAt\": \"2026-03-13T18:20:42.000Z\", \"reasonCode\": \"RESERVED_SPOT_OCCUPIED_BY_OTHER\", \"projectionId\": \"1\", \"reasonDetail\": \"Spot đang được reserve/assign cho subscription khác nhưng camera thấy plate không thuộc danh sách cho phép.\", \"occupancyStatus\": \"OCCUPIED_VIOLATION\", \"expectedPlateCompact\": \"51A12345\", \"observedPlateCompact\": \"51B67890\", \"matchedGatePresenceId\": null, \"matchedSubscriptionId\": \"1\", \"sourcePresenceEventId\": \"4\", \"matchedSubscriptionSpotId\": \"1\"}, \"incidentHint\": {\"noiseClass\": \"REPEATED_MISMATCH\", \"fingerprint\": \"OCCUPIED_VIOLATION|RESERVED_SPOT_OCCUPIED_BY_OTHER|51B67890|51A12345|1|\", \"signatureFields\": [\"OCCUPIED_VIOLATION\", \"RESERVED_SPOT_OCCUPIED_BY_OTHER\", \"51B67890\", \"51A12345\", \"1\", \"\"], \"reopenWindowSeconds\": 600, \"suppressionThreshold\": 1, \"dedupeCooldownSeconds\": 180}, \"__noiseControl\": {\"hitCount\": 1, \"lastSeenAt\": \"2026-03-13T11:20:42.147Z\", \"noiseClass\": \"REPEATED_MISMATCH\", \"fingerprint\": \"OCCUPIED_VIOLATION|RESERVED_SPOT_OCCUPIED_BY_OTHER|51B67890|51A12345|1|\", \"firstSeenAt\": \"2026-03-12T18:28:30.455Z\", \"lastPublishedAt\": \"2026-03-13T11:20:42.147Z\", \"suppressedCount\": 0, \"lastMeaningfulAt\": \"2026-03-13T11:20:42.147Z\"}}','2026-03-13 11:20:42'),(5,7,'AUTO_OPENED','RESOLVED','OPEN','SYSTEM',NULL,NULL,NULL,'{\"source\": \"RECONCILIATION\", \"projection\": {\"siteId\": \"2\", \"spotId\": \"1\", \"zoneId\": \"1\", \"staleAt\": null, \"snapshot\": {\"now\": \"2026-03-13T11:20:42.137Z\", \"spot\": {\"siteId\": \"2\", \"spotId\": \"1\", \"zoneId\": \"1\", \"spotCode\": \"HCM-VIP-01\", \"zoneCode\": \"VIP_A\"}, \"ageSeconds\": 0, \"activeGatePresence\": null, \"sensorStaleSeconds\": 180, \"latestPresenceEvent\": {\"traceId\": \"smoke-1773400842104\", \"cameraCode\": \"CAM_VIP_A_HCM_VIP_01\", \"capturedAt\": \"2026-03-13T11:20:42.000Z\", \"confidence\": 0.97, \"modelVersion\": \"smoke-release-v1\", \"plateCompact\": \"51B67890\", \"presenceEventId\": \"4\", \"snapshotObjectKey\": \"smoke/SITE_HCM_01/HCM-VIP-01/1773400842104.png\"}, \"reservedSpotSubscription\": {\"spotId\": \"1\", \"spotCode\": \"HCM-VIP-01\", \"subscriptionId\": \"1\", \"subscriptionSpotId\": \"1\", \"primaryPlateCompact\": \"51A12345\", \"allowedPlateCompacts\": [\"51A12345\"]}, \"observedVehicleSubscription\": null}, \"spotCode\": \"HCM-VIP-01\", \"zoneCode\": \"VIP_A\", \"updatedAt\": \"2026-03-13T18:20:42.000Z\", \"reasonCode\": \"RESERVED_SPOT_OCCUPIED_BY_OTHER\", \"projectionId\": \"1\", \"reasonDetail\": \"Spot đang được reserve/assign cho subscription khác nhưng camera thấy plate không thuộc danh sách cho phép.\", \"occupancyStatus\": \"OCCUPIED_VIOLATION\", \"expectedPlateCompact\": \"51A12345\", \"observedPlateCompact\": \"51B67890\", \"matchedGatePresenceId\": null, \"matchedSubscriptionId\": \"1\", \"sourcePresenceEventId\": \"4\", \"matchedSubscriptionSpotId\": \"1\"}, \"incidentHint\": {\"noiseClass\": \"REPEATED_MISMATCH\", \"fingerprint\": \"OCCUPIED_VIOLATION|RESERVED_SPOT_OCCUPIED_BY_OTHER|51B67890|51A12345|1|\", \"signatureFields\": [\"OCCUPIED_VIOLATION\", \"RESERVED_SPOT_OCCUPIED_BY_OTHER\", \"51B67890\", \"51A12345\", \"1\", \"\"], \"reopenWindowSeconds\": 600, \"suppressionThreshold\": 1, \"dedupeCooldownSeconds\": 180}, \"__noiseControl\": {\"hitCount\": 1, \"lastSeenAt\": \"2026-03-13T11:20:42.147Z\", \"noiseClass\": \"REPEATED_MISMATCH\", \"fingerprint\": \"OCCUPIED_VIOLATION|RESERVED_SPOT_OCCUPIED_BY_OTHER|51B67890|51A12345|1|\", \"firstSeenAt\": \"2026-03-12T18:28:30.455Z\", \"lastPublishedAt\": \"2026-03-13T11:20:42.147Z\", \"suppressedCount\": 0, \"lastMeaningfulAt\": \"2026-03-13T11:20:42.147Z\"}}','{\"source\": \"RECONCILIATION\", \"projection\": {\"siteId\": \"2\", \"spotId\": \"1\", \"zoneId\": \"1\", \"staleAt\": null, \"snapshot\": {\"now\": \"2026-03-13T13:33:53.861Z\", \"spot\": {\"siteId\": \"2\", \"spotId\": \"1\", \"zoneId\": \"1\", \"spotCode\": \"HCM-VIP-01\", \"zoneCode\": \"VIP_A\"}, \"ageSeconds\": 0, \"activeGatePresence\": null, \"sensorStaleSeconds\": 180, \"latestPresenceEvent\": {\"traceId\": \"smoke-1773408833834\", \"cameraCode\": \"CAM_VIP_A_HCM_VIP_01\", \"capturedAt\": \"2026-03-13T13:33:54.000Z\", \"confidence\": 0.97, \"modelVersion\": \"smoke-release-v1\", \"plateCompact\": \"51B67890\", \"presenceEventId\": \"5\", \"snapshotObjectKey\": \"smoke/SITE_HCM_01/HCM-VIP-01/1773408833834.png\"}, \"reservedSpotSubscription\": {\"spotId\": \"1\", \"spotCode\": \"HCM-VIP-01\", \"subscriptionId\": \"1\", \"subscriptionSpotId\": \"1\", \"primaryPlateCompact\": \"51A12345\", \"allowedPlateCompacts\": [\"51A12345\"]}, \"observedVehicleSubscription\": null}, \"spotCode\": \"HCM-VIP-01\", \"zoneCode\": \"VIP_A\", \"updatedAt\": \"2026-03-13T20:33:53.000Z\", \"reasonCode\": \"RESERVED_SPOT_OCCUPIED_BY_OTHER\", \"projectionId\": \"1\", \"reasonDetail\": \"Spot đang được reserve/assign cho subscription khác nhưng camera thấy plate không thuộc danh sách cho phép.\", \"occupancyStatus\": \"OCCUPIED_VIOLATION\", \"expectedPlateCompact\": \"51A12345\", \"observedPlateCompact\": \"51B67890\", \"matchedGatePresenceId\": null, \"matchedSubscriptionId\": \"1\", \"sourcePresenceEventId\": \"5\", \"matchedSubscriptionSpotId\": \"1\"}, \"incidentHint\": {\"noiseClass\": \"REPEATED_MISMATCH\", \"fingerprint\": \"OCCUPIED_VIOLATION|RESERVED_SPOT_OCCUPIED_BY_OTHER|51B67890|51A12345|1|\", \"signatureFields\": [\"OCCUPIED_VIOLATION\", \"RESERVED_SPOT_OCCUPIED_BY_OTHER\", \"51B67890\", \"51A12345\", \"1\", \"\"], \"reopenWindowSeconds\": 600, \"suppressionThreshold\": 1, \"dedupeCooldownSeconds\": 180}, \"__noiseControl\": {\"hitCount\": 1, \"lastSeenAt\": \"2026-03-13T13:33:53.867Z\", \"noiseClass\": \"REPEATED_MISMATCH\", \"fingerprint\": \"OCCUPIED_VIOLATION|RESERVED_SPOT_OCCUPIED_BY_OTHER|51B67890|51A12345|1|\", \"firstSeenAt\": \"2026-03-12T18:28:30.455Z\", \"lastPublishedAt\": \"2026-03-13T13:33:53.867Z\", \"suppressedCount\": 0, \"lastMeaningfulAt\": \"2026-03-13T13:33:53.867Z\"}}','2026-03-13 13:33:54'),(6,7,'RESOLVED','OPEN','RESOLVED','OPS',2,'Smoke bundle incident resolution',NULL,'{\"source\": \"RECONCILIATION\", \"projection\": {\"siteId\": \"2\", \"spotId\": \"1\", \"zoneId\": \"1\", \"staleAt\": null, \"snapshot\": {\"now\": \"2026-03-13T13:33:53.861Z\", \"spot\": {\"siteId\": \"2\", \"spotId\": \"1\", \"zoneId\": \"1\", \"spotCode\": \"HCM-VIP-01\", \"zoneCode\": \"VIP_A\"}, \"ageSeconds\": 0, \"activeGatePresence\": null, \"sensorStaleSeconds\": 180, \"latestPresenceEvent\": {\"traceId\": \"smoke-1773408833834\", \"cameraCode\": \"CAM_VIP_A_HCM_VIP_01\", \"capturedAt\": \"2026-03-13T13:33:54.000Z\", \"confidence\": 0.97, \"modelVersion\": \"smoke-release-v1\", \"plateCompact\": \"51B67890\", \"presenceEventId\": \"5\", \"snapshotObjectKey\": \"smoke/SITE_HCM_01/HCM-VIP-01/1773408833834.png\"}, \"reservedSpotSubscription\": {\"spotId\": \"1\", \"spotCode\": \"HCM-VIP-01\", \"subscriptionId\": \"1\", \"subscriptionSpotId\": \"1\", \"primaryPlateCompact\": \"51A12345\", \"allowedPlateCompacts\": [\"51A12345\"]}, \"observedVehicleSubscription\": null}, \"spotCode\": \"HCM-VIP-01\", \"zoneCode\": \"VIP_A\", \"updatedAt\": \"2026-03-13T20:33:53.000Z\", \"reasonCode\": \"RESERVED_SPOT_OCCUPIED_BY_OTHER\", \"projectionId\": \"1\", \"reasonDetail\": \"Spot đang được reserve/assign cho subscription khác nhưng camera thấy plate không thuộc danh sách cho phép.\", \"occupancyStatus\": \"OCCUPIED_VIOLATION\", \"expectedPlateCompact\": \"51A12345\", \"observedPlateCompact\": \"51B67890\", \"matchedGatePresenceId\": null, \"matchedSubscriptionId\": \"1\", \"sourcePresenceEventId\": \"5\", \"matchedSubscriptionSpotId\": \"1\"}, \"incidentHint\": {\"noiseClass\": \"REPEATED_MISMATCH\", \"fingerprint\": \"OCCUPIED_VIOLATION|RESERVED_SPOT_OCCUPIED_BY_OTHER|51B67890|51A12345|1|\", \"signatureFields\": [\"OCCUPIED_VIOLATION\", \"RESERVED_SPOT_OCCUPIED_BY_OTHER\", \"51B67890\", \"51A12345\", \"1\", \"\"], \"reopenWindowSeconds\": 600, \"suppressionThreshold\": 1, \"dedupeCooldownSeconds\": 180}, \"__noiseControl\": {\"hitCount\": 1, \"lastSeenAt\": \"2026-03-13T13:33:53.867Z\", \"noiseClass\": \"REPEATED_MISMATCH\", \"fingerprint\": \"OCCUPIED_VIOLATION|RESERVED_SPOT_OCCUPIED_BY_OTHER|51B67890|51A12345|1|\", \"firstSeenAt\": \"2026-03-12T18:28:30.455Z\", \"lastPublishedAt\": \"2026-03-13T13:33:53.867Z\", \"suppressedCount\": 0, \"lastMeaningfulAt\": \"2026-03-13T13:33:53.867Z\"}}','{\"source\": \"RECONCILIATION\", \"projection\": {\"siteId\": \"2\", \"spotId\": \"1\", \"zoneId\": \"1\", \"staleAt\": null, \"snapshot\": {\"now\": \"2026-03-13T13:33:53.861Z\", \"spot\": {\"siteId\": \"2\", \"spotId\": \"1\", \"zoneId\": \"1\", \"spotCode\": \"HCM-VIP-01\", \"zoneCode\": \"VIP_A\"}, \"ageSeconds\": 0, \"activeGatePresence\": null, \"sensorStaleSeconds\": 180, \"latestPresenceEvent\": {\"traceId\": \"smoke-1773408833834\", \"cameraCode\": \"CAM_VIP_A_HCM_VIP_01\", \"capturedAt\": \"2026-03-13T13:33:54.000Z\", \"confidence\": 0.97, \"modelVersion\": \"smoke-release-v1\", \"plateCompact\": \"51B67890\", \"presenceEventId\": \"5\", \"snapshotObjectKey\": \"smoke/SITE_HCM_01/HCM-VIP-01/1773408833834.png\"}, \"reservedSpotSubscription\": {\"spotId\": \"1\", \"spotCode\": \"HCM-VIP-01\", \"subscriptionId\": \"1\", \"subscriptionSpotId\": \"1\", \"primaryPlateCompact\": \"51A12345\", \"allowedPlateCompacts\": [\"51A12345\"]}, \"observedVehicleSubscription\": null}, \"spotCode\": \"HCM-VIP-01\", \"zoneCode\": \"VIP_A\", \"updatedAt\": \"2026-03-13T20:33:53.000Z\", \"reasonCode\": \"RESERVED_SPOT_OCCUPIED_BY_OTHER\", \"projectionId\": \"1\", \"reasonDetail\": \"Spot đang được reserve/assign cho subscription khác nhưng camera thấy plate không thuộc danh sách cho phép.\", \"occupancyStatus\": \"OCCUPIED_VIOLATION\", \"expectedPlateCompact\": \"51A12345\", \"observedPlateCompact\": \"51B67890\", \"matchedGatePresenceId\": null, \"matchedSubscriptionId\": \"1\", \"sourcePresenceEventId\": \"5\", \"matchedSubscriptionSpotId\": \"1\"}, \"incidentHint\": {\"noiseClass\": \"REPEATED_MISMATCH\", \"fingerprint\": \"OCCUPIED_VIOLATION|RESERVED_SPOT_OCCUPIED_BY_OTHER|51B67890|51A12345|1|\", \"signatureFields\": [\"OCCUPIED_VIOLATION\", \"RESERVED_SPOT_OCCUPIED_BY_OTHER\", \"51B67890\", \"51A12345\", \"1\", \"\"], \"reopenWindowSeconds\": 600, \"suppressionThreshold\": 1, \"dedupeCooldownSeconds\": 180}, \"__noiseControl\": {\"hitCount\": 1, \"lastSeenAt\": \"2026-03-13T13:33:53.867Z\", \"noiseClass\": \"REPEATED_MISMATCH\", \"fingerprint\": \"OCCUPIED_VIOLATION|RESERVED_SPOT_OCCUPIED_BY_OTHER|51B67890|51A12345|1|\", \"firstSeenAt\": \"2026-03-12T18:28:30.455Z\", \"lastPublishedAt\": \"2026-03-13T13:33:53.867Z\", \"suppressedCount\": 0, \"lastMeaningfulAt\": \"2026-03-13T13:33:53.867Z\"}}','2026-03-13 13:33:54'),(7,8,'AUTO_OPENED','RESOLVED','OPEN','SYSTEM',NULL,NULL,NULL,'{\"source\": \"RECONCILIATION\", \"projection\": {\"siteId\": \"2\", \"spotId\": \"1\", \"zoneId\": \"1\", \"staleAt\": null, \"snapshot\": {\"now\": \"2026-03-13T13:33:53.861Z\", \"spot\": {\"siteId\": \"2\", \"spotId\": \"1\", \"zoneId\": \"1\", \"spotCode\": \"HCM-VIP-01\", \"zoneCode\": \"VIP_A\"}, \"ageSeconds\": 0, \"activeGatePresence\": null, \"sensorStaleSeconds\": 180, \"latestPresenceEvent\": {\"traceId\": \"smoke-1773408833834\", \"cameraCode\": \"CAM_VIP_A_HCM_VIP_01\", \"capturedAt\": \"2026-03-13T13:33:54.000Z\", \"confidence\": 0.97, \"modelVersion\": \"smoke-release-v1\", \"plateCompact\": \"51B67890\", \"presenceEventId\": \"5\", \"snapshotObjectKey\": \"smoke/SITE_HCM_01/HCM-VIP-01/1773408833834.png\"}, \"reservedSpotSubscription\": {\"spotId\": \"1\", \"spotCode\": \"HCM-VIP-01\", \"subscriptionId\": \"1\", \"subscriptionSpotId\": \"1\", \"primaryPlateCompact\": \"51A12345\", \"allowedPlateCompacts\": [\"51A12345\"]}, \"observedVehicleSubscription\": null}, \"spotCode\": \"HCM-VIP-01\", \"zoneCode\": \"VIP_A\", \"updatedAt\": \"2026-03-13T20:33:53.000Z\", \"reasonCode\": \"RESERVED_SPOT_OCCUPIED_BY_OTHER\", \"projectionId\": \"1\", \"reasonDetail\": \"Spot đang được reserve/assign cho subscription khác nhưng camera thấy plate không thuộc danh sách cho phép.\", \"occupancyStatus\": \"OCCUPIED_VIOLATION\", \"expectedPlateCompact\": \"51A12345\", \"observedPlateCompact\": \"51B67890\", \"matchedGatePresenceId\": null, \"matchedSubscriptionId\": \"1\", \"sourcePresenceEventId\": \"5\", \"matchedSubscriptionSpotId\": \"1\"}, \"incidentHint\": {\"noiseClass\": \"REPEATED_MISMATCH\", \"fingerprint\": \"OCCUPIED_VIOLATION|RESERVED_SPOT_OCCUPIED_BY_OTHER|51B67890|51A12345|1|\", \"signatureFields\": [\"OCCUPIED_VIOLATION\", \"RESERVED_SPOT_OCCUPIED_BY_OTHER\", \"51B67890\", \"51A12345\", \"1\", \"\"], \"reopenWindowSeconds\": 600, \"suppressionThreshold\": 1, \"dedupeCooldownSeconds\": 180}, \"__noiseControl\": {\"hitCount\": 1, \"lastSeenAt\": \"2026-03-13T13:33:53.867Z\", \"noiseClass\": \"REPEATED_MISMATCH\", \"fingerprint\": \"OCCUPIED_VIOLATION|RESERVED_SPOT_OCCUPIED_BY_OTHER|51B67890|51A12345|1|\", \"firstSeenAt\": \"2026-03-12T18:28:30.455Z\", \"lastPublishedAt\": \"2026-03-13T13:33:53.867Z\", \"suppressedCount\": 0, \"lastMeaningfulAt\": \"2026-03-13T13:33:53.867Z\"}}','{\"source\": \"RECONCILIATION\", \"projection\": {\"siteId\": \"2\", \"spotId\": \"1\", \"zoneId\": \"1\", \"staleAt\": null, \"snapshot\": {\"now\": \"2026-03-13T16:54:21.725Z\", \"spot\": {\"siteId\": \"2\", \"spotId\": \"1\", \"zoneId\": \"1\", \"spotCode\": \"HCM-VIP-01\", \"zoneCode\": \"VIP_A\"}, \"ageSeconds\": 0, \"activeGatePresence\": null, \"sensorStaleSeconds\": 180, \"latestPresenceEvent\": {\"traceId\": \"smoke-1773420861698\", \"cameraCode\": \"CAM_VIP_A_HCM_VIP_01\", \"capturedAt\": \"2026-03-13T16:54:22.000Z\", \"confidence\": 0.97, \"modelVersion\": \"smoke-release-v1\", \"plateCompact\": \"51B67890\", \"presenceEventId\": \"6\", \"snapshotObjectKey\": \"smoke/SITE_HCM_01/HCM-VIP-01/1773420861698.png\"}, \"reservedSpotSubscription\": {\"spotId\": \"1\", \"spotCode\": \"HCM-VIP-01\", \"subscriptionId\": \"1\", \"subscriptionSpotId\": \"1\", \"primaryPlateCompact\": \"51A12345\", \"allowedPlateCompacts\": [\"51A12345\"]}, \"observedVehicleSubscription\": null}, \"spotCode\": \"HCM-VIP-01\", \"zoneCode\": \"VIP_A\", \"updatedAt\": \"2026-03-13T23:54:21.000Z\", \"reasonCode\": \"RESERVED_SPOT_OCCUPIED_BY_OTHER\", \"projectionId\": \"1\", \"reasonDetail\": \"Spot đang được reserve/assign cho subscription khác nhưng camera thấy plate không thuộc danh sách cho phép.\", \"occupancyStatus\": \"OCCUPIED_VIOLATION\", \"expectedPlateCompact\": \"51A12345\", \"observedPlateCompact\": \"51B67890\", \"matchedGatePresenceId\": null, \"matchedSubscriptionId\": \"1\", \"sourcePresenceEventId\": \"6\", \"matchedSubscriptionSpotId\": \"1\"}, \"incidentHint\": {\"noiseClass\": \"REPEATED_MISMATCH\", \"fingerprint\": \"OCCUPIED_VIOLATION|RESERVED_SPOT_OCCUPIED_BY_OTHER|51B67890|51A12345|1|\", \"signatureFields\": [\"OCCUPIED_VIOLATION\", \"RESERVED_SPOT_OCCUPIED_BY_OTHER\", \"51B67890\", \"51A12345\", \"1\", \"\"], \"reopenWindowSeconds\": 600, \"suppressionThreshold\": 1, \"dedupeCooldownSeconds\": 180}, \"__noiseControl\": {\"hitCount\": 1, \"lastSeenAt\": \"2026-03-13T16:54:21.731Z\", \"noiseClass\": \"REPEATED_MISMATCH\", \"fingerprint\": \"OCCUPIED_VIOLATION|RESERVED_SPOT_OCCUPIED_BY_OTHER|51B67890|51A12345|1|\", \"firstSeenAt\": \"2026-03-12T18:28:30.455Z\", \"lastPublishedAt\": \"2026-03-13T16:54:21.731Z\", \"suppressedCount\": 0, \"lastMeaningfulAt\": \"2026-03-13T16:54:21.731Z\"}}','2026-03-13 16:54:22'),(8,8,'RESOLVED','OPEN','RESOLVED','OPS',2,'Smoke bundle incident resolution',NULL,'{\"source\": \"RECONCILIATION\", \"projection\": {\"siteId\": \"2\", \"spotId\": \"1\", \"zoneId\": \"1\", \"staleAt\": null, \"snapshot\": {\"now\": \"2026-03-13T16:54:21.725Z\", \"spot\": {\"siteId\": \"2\", \"spotId\": \"1\", \"zoneId\": \"1\", \"spotCode\": \"HCM-VIP-01\", \"zoneCode\": \"VIP_A\"}, \"ageSeconds\": 0, \"activeGatePresence\": null, \"sensorStaleSeconds\": 180, \"latestPresenceEvent\": {\"traceId\": \"smoke-1773420861698\", \"cameraCode\": \"CAM_VIP_A_HCM_VIP_01\", \"capturedAt\": \"2026-03-13T16:54:22.000Z\", \"confidence\": 0.97, \"modelVersion\": \"smoke-release-v1\", \"plateCompact\": \"51B67890\", \"presenceEventId\": \"6\", \"snapshotObjectKey\": \"smoke/SITE_HCM_01/HCM-VIP-01/1773420861698.png\"}, \"reservedSpotSubscription\": {\"spotId\": \"1\", \"spotCode\": \"HCM-VIP-01\", \"subscriptionId\": \"1\", \"subscriptionSpotId\": \"1\", \"primaryPlateCompact\": \"51A12345\", \"allowedPlateCompacts\": [\"51A12345\"]}, \"observedVehicleSubscription\": null}, \"spotCode\": \"HCM-VIP-01\", \"zoneCode\": \"VIP_A\", \"updatedAt\": \"2026-03-13T23:54:21.000Z\", \"reasonCode\": \"RESERVED_SPOT_OCCUPIED_BY_OTHER\", \"projectionId\": \"1\", \"reasonDetail\": \"Spot đang được reserve/assign cho subscription khác nhưng camera thấy plate không thuộc danh sách cho phép.\", \"occupancyStatus\": \"OCCUPIED_VIOLATION\", \"expectedPlateCompact\": \"51A12345\", \"observedPlateCompact\": \"51B67890\", \"matchedGatePresenceId\": null, \"matchedSubscriptionId\": \"1\", \"sourcePresenceEventId\": \"6\", \"matchedSubscriptionSpotId\": \"1\"}, \"incidentHint\": {\"noiseClass\": \"REPEATED_MISMATCH\", \"fingerprint\": \"OCCUPIED_VIOLATION|RESERVED_SPOT_OCCUPIED_BY_OTHER|51B67890|51A12345|1|\", \"signatureFields\": [\"OCCUPIED_VIOLATION\", \"RESERVED_SPOT_OCCUPIED_BY_OTHER\", \"51B67890\", \"51A12345\", \"1\", \"\"], \"reopenWindowSeconds\": 600, \"suppressionThreshold\": 1, \"dedupeCooldownSeconds\": 180}, \"__noiseControl\": {\"hitCount\": 1, \"lastSeenAt\": \"2026-03-13T16:54:21.731Z\", \"noiseClass\": \"REPEATED_MISMATCH\", \"fingerprint\": \"OCCUPIED_VIOLATION|RESERVED_SPOT_OCCUPIED_BY_OTHER|51B67890|51A12345|1|\", \"firstSeenAt\": \"2026-03-12T18:28:30.455Z\", \"lastPublishedAt\": \"2026-03-13T16:54:21.731Z\", \"suppressedCount\": 0, \"lastMeaningfulAt\": \"2026-03-13T16:54:21.731Z\"}}','{\"source\": \"RECONCILIATION\", \"projection\": {\"siteId\": \"2\", \"spotId\": \"1\", \"zoneId\": \"1\", \"staleAt\": null, \"snapshot\": {\"now\": \"2026-03-13T16:54:21.725Z\", \"spot\": {\"siteId\": \"2\", \"spotId\": \"1\", \"zoneId\": \"1\", \"spotCode\": \"HCM-VIP-01\", \"zoneCode\": \"VIP_A\"}, \"ageSeconds\": 0, \"activeGatePresence\": null, \"sensorStaleSeconds\": 180, \"latestPresenceEvent\": {\"traceId\": \"smoke-1773420861698\", \"cameraCode\": \"CAM_VIP_A_HCM_VIP_01\", \"capturedAt\": \"2026-03-13T16:54:22.000Z\", \"confidence\": 0.97, \"modelVersion\": \"smoke-release-v1\", \"plateCompact\": \"51B67890\", \"presenceEventId\": \"6\", \"snapshotObjectKey\": \"smoke/SITE_HCM_01/HCM-VIP-01/1773420861698.png\"}, \"reservedSpotSubscription\": {\"spotId\": \"1\", \"spotCode\": \"HCM-VIP-01\", \"subscriptionId\": \"1\", \"subscriptionSpotId\": \"1\", \"primaryPlateCompact\": \"51A12345\", \"allowedPlateCompacts\": [\"51A12345\"]}, \"observedVehicleSubscription\": null}, \"spotCode\": \"HCM-VIP-01\", \"zoneCode\": \"VIP_A\", \"updatedAt\": \"2026-03-13T23:54:21.000Z\", \"reasonCode\": \"RESERVED_SPOT_OCCUPIED_BY_OTHER\", \"projectionId\": \"1\", \"reasonDetail\": \"Spot đang được reserve/assign cho subscription khác nhưng camera thấy plate không thuộc danh sách cho phép.\", \"occupancyStatus\": \"OCCUPIED_VIOLATION\", \"expectedPlateCompact\": \"51A12345\", \"observedPlateCompact\": \"51B67890\", \"matchedGatePresenceId\": null, \"matchedSubscriptionId\": \"1\", \"sourcePresenceEventId\": \"6\", \"matchedSubscriptionSpotId\": \"1\"}, \"incidentHint\": {\"noiseClass\": \"REPEATED_MISMATCH\", \"fingerprint\": \"OCCUPIED_VIOLATION|RESERVED_SPOT_OCCUPIED_BY_OTHER|51B67890|51A12345|1|\", \"signatureFields\": [\"OCCUPIED_VIOLATION\", \"RESERVED_SPOT_OCCUPIED_BY_OTHER\", \"51B67890\", \"51A12345\", \"1\", \"\"], \"reopenWindowSeconds\": 600, \"suppressionThreshold\": 1, \"dedupeCooldownSeconds\": 180}, \"__noiseControl\": {\"hitCount\": 1, \"lastSeenAt\": \"2026-03-13T16:54:21.731Z\", \"noiseClass\": \"REPEATED_MISMATCH\", \"fingerprint\": \"OCCUPIED_VIOLATION|RESERVED_SPOT_OCCUPIED_BY_OTHER|51B67890|51A12345|1|\", \"firstSeenAt\": \"2026-03-12T18:28:30.455Z\", \"lastPublishedAt\": \"2026-03-13T16:54:21.731Z\", \"suppressedCount\": 0, \"lastMeaningfulAt\": \"2026-03-13T16:54:21.731Z\"}}','2026-03-13 16:54:22');
/*!40000 ALTER TABLE `gate_incident_history` ENABLE KEYS */;
UNLOCK TABLES;

--
-- Table structure for table `gate_incidents`
--

DROP TABLE IF EXISTS `gate_incidents`;
/*!40101 SET @saved_cs_client     = @@character_set_client */;
/*!50503 SET character_set_client = utf8mb4 */;
CREATE TABLE `gate_incidents` (
  `incident_id` bigint NOT NULL AUTO_INCREMENT,
  `session_id` bigint DEFAULT NULL,
  `site_id` bigint NOT NULL,
  `lane_id` bigint DEFAULT NULL,
  `device_id` bigint DEFAULT NULL,
  `severity` enum('INFO','WARN','CRITICAL') NOT NULL,
  `status` enum('OPEN','ACKED','RESOLVED','IGNORED') NOT NULL DEFAULT 'OPEN',
  `incident_type` varchar(64) NOT NULL,
  `title` varchar(255) NOT NULL,
  `detail` text,
  `source_key` varchar(191) DEFAULT NULL,
  `snapshot_json` json DEFAULT NULL,
  `created_at` datetime NOT NULL DEFAULT CURRENT_TIMESTAMP,
  `updated_at` datetime NOT NULL DEFAULT CURRENT_TIMESTAMP ON UPDATE CURRENT_TIMESTAMP,
  `resolved_at` datetime DEFAULT NULL,
  `resolution_action` varchar(64) DEFAULT NULL,
  `resolved_by_user_id` bigint DEFAULT NULL,
  `resolved_by_role` varchar(32) DEFAULT NULL,
  `evidence_media_id` bigint DEFAULT NULL,
  `last_signal_at` datetime DEFAULT NULL,
  PRIMARY KEY (`incident_id`),
  KEY `fk_gate_incidents_session` (`session_id`),
  KEY `fk_gate_incidents_lane` (`lane_id`),
  KEY `fk_gate_incidents_device` (`device_id`),
  KEY `ix_gate_incidents_status_created` (`status`,`created_at`),
  KEY `ix_gate_incidents_site_lane` (`site_id`,`lane_id`),
  KEY `ix_gate_incidents_site_device` (`site_id`,`device_id`),
  KEY `ix_gate_incidents_severity_created` (`severity`,`created_at`),
  KEY `ix_gate_incidents_source_key` (`source_key`),
  KEY `ix_gate_incidents_status_updated` (`status`,`updated_at`),
  KEY `ix_gate_incidents_site_status_created` (`site_id`,`status`,`created_at`),
  KEY `ix_gate_incidents_resolved_by_user` (`resolved_by_user_id`),
  CONSTRAINT `fk_gate_incidents_device` FOREIGN KEY (`device_id`) REFERENCES `gate_devices` (`device_id`),
  CONSTRAINT `fk_gate_incidents_lane` FOREIGN KEY (`lane_id`) REFERENCES `gate_lanes` (`lane_id`),
  CONSTRAINT `fk_gate_incidents_session` FOREIGN KEY (`session_id`) REFERENCES `gate_passage_sessions` (`session_id`),
  CONSTRAINT `fk_gate_incidents_site` FOREIGN KEY (`site_id`) REFERENCES `parking_sites` (`site_id`)
) ENGINE=InnoDB AUTO_INCREMENT=9 DEFAULT CHARSET=utf8mb4 COLLATE=utf8mb4_0900_ai_ci;
/*!40101 SET character_set_client = @saved_cs_client */;

--
-- Dumping data for table `gate_incidents`
--

LOCK TABLES `gate_incidents` WRITE;
/*!40000 ALTER TABLE `gate_incidents` DISABLE KEYS */;
INSERT INTO `gate_incidents` VALUES (1,8,19,5,47,'WARN','OPEN','ENTRY_BLOCKED','ACTIVE_PRESENCE_EXISTS','Phát hiện active presence trong site cho TICKET+PLATE từ lane GATE_01_ENTRY; entry mới bị chặn để chống anti-passback.',NULL,'{\"decisionCode\": \"ANTI_PASSBACK_BLOCKED\", \"inputSnapshot\": {\"rfidUid\": null, \"plateRaw\": \"50-AF 668.79\", \"openTicket\": {\"ticketId\": \"98309\", \"entryTime\": \"2026-03-08T07:19:51.000Z\", \"matchedBy\": \"PLATE\", \"ticketCode\": \"ENTEDN018\"}, \"plateFamily\": \"DOMESTIC\", \"deviceHealth\": \"UNKNOWN\", \"plateCompact\": \"50AF66879\", \"rfidTicketId\": null, \"laneDirection\": \"ENTRY\", \"ocrConfidence\": 0.99, \"paymentStatus\": \"NOT_APPLICABLE\", \"plateTicketId\": \"98309\", \"plateValidity\": \"STRICT_VALID\", \"activePresence\": {\"rfidUid\": null, \"ticketId\": \"98309\", \"enteredAt\": \"2026-03-08T07:19:51.000Z\", \"matchedBy\": [\"TICKET\", \"PLATE\"], \"sessionId\": \"8\", \"lastSeenAt\": \"2026-03-08T07:19:51.000Z\", \"presenceId\": \"4\", \"plateCompact\": \"50AF66879\", \"entryLaneCode\": \"GATE_01_ENTRY\", \"evidenceReadEventId\": null}, \"presenceActive\": true, \"credentialStatus\": \"UNKNOWN\", \"paymentResolution\": null, \"openTicketSelection\": {\"mismatch\": false, \"selectedBy\": \"PLATE\", \"rfidTicketId\": null, \"plateTicketId\": \"98309\"}, \"deviceHealthSnapshot\": {\"health\": \"UNKNOWN\", \"status\": null, \"ageSeconds\": null, \"reportedAt\": null}}, \"thresholdSnapshot\": {\"ocrReviewMin\": 0.75, \"engineVersion\": \"PR08_EXIT_FLOW_V1\", \"ocrApproveMin\": 0.9, \"offlineHeartbeatAgeSeconds\": 300, \"degradedHeartbeatAgeSeconds\": 120}}','2026-03-08 07:19:51','2026-03-08 07:19:51',NULL,NULL,NULL,NULL,NULL,NULL),(2,10,2,1,31,'WARN','OPEN','ENTRY_BLOCKED','ACTIVE_PRESENCE_EXISTS','Phát hiện active presence trong site cho TICKET+PLATE từ lane GATE_01_ENTRY; entry mới bị chặn để chống anti-passback.',NULL,'{\"decisionCode\": \"ANTI_PASSBACK_BLOCKED\", \"inputSnapshot\": {\"rfidUid\": null, \"plateRaw\": \"50-AF 668.79\", \"openTicket\": {\"ticketId\": \"98310\", \"entryTime\": \"2026-03-08T07:24:18.000Z\", \"matchedBy\": \"PLATE\", \"ticketCode\": \"ENEHCM0110\"}, \"plateFamily\": \"DOMESTIC\", \"deviceHealth\": \"UNKNOWN\", \"plateCompact\": \"50AF66879\", \"rfidTicketId\": null, \"laneDirection\": \"ENTRY\", \"ocrConfidence\": 0.99, \"paymentStatus\": \"NOT_APPLICABLE\", \"plateTicketId\": \"98310\", \"plateValidity\": \"STRICT_VALID\", \"activePresence\": {\"rfidUid\": null, \"ticketId\": \"98310\", \"enteredAt\": \"2026-03-08T07:24:18.000Z\", \"matchedBy\": [\"TICKET\", \"PLATE\"], \"sessionId\": \"10\", \"lastSeenAt\": \"2026-03-08T07:24:18.000Z\", \"presenceId\": \"5\", \"plateCompact\": \"50AF66879\", \"entryLaneCode\": \"GATE_01_ENTRY\", \"evidenceReadEventId\": null}, \"presenceActive\": true, \"credentialStatus\": \"UNKNOWN\", \"paymentResolution\": null, \"openTicketSelection\": {\"mismatch\": false, \"selectedBy\": \"PLATE\", \"rfidTicketId\": null, \"plateTicketId\": \"98310\"}, \"deviceHealthSnapshot\": {\"health\": \"UNKNOWN\", \"status\": null, \"ageSeconds\": null, \"reportedAt\": null}}, \"thresholdSnapshot\": {\"ocrReviewMin\": 0.75, \"engineVersion\": \"PR08_EXIT_FLOW_V1\", \"ocrApproveMin\": 0.9, \"offlineHeartbeatAgeSeconds\": 300, \"degradedHeartbeatAgeSeconds\": 120}}','2026-03-08 07:24:18','2026-03-08 07:24:18',NULL,NULL,NULL,NULL,NULL,NULL),(3,11,19,5,47,'WARN','OPEN','ENTRY_BLOCKED','ACTIVE_PRESENCE_EXISTS','Phát hiện active presence trong site cho TICKET+PLATE từ lane GATE_01_ENTRY; entry mới bị chặn để chống anti-passback.',NULL,'{\"decisionCode\": \"ANTI_PASSBACK_BLOCKED\", \"inputSnapshot\": {\"rfidUid\": null, \"plateRaw\": \"50-af 668.79\", \"openTicket\": {\"ticketId\": \"98309\", \"entryTime\": \"2026-03-08T07:19:51.000Z\", \"matchedBy\": \"PLATE\", \"ticketCode\": \"ENTEDN018\"}, \"plateFamily\": \"DOMESTIC\", \"deviceHealth\": \"UNKNOWN\", \"plateCompact\": \"50AF66879\", \"rfidTicketId\": null, \"laneDirection\": \"ENTRY\", \"ocrConfidence\": 0.99, \"paymentStatus\": \"NOT_APPLICABLE\", \"plateTicketId\": \"98309\", \"plateValidity\": \"STRICT_VALID\", \"activePresence\": {\"rfidUid\": null, \"ticketId\": \"98309\", \"enteredAt\": \"2026-03-08T07:19:51.000Z\", \"matchedBy\": [\"TICKET\", \"PLATE\"], \"sessionId\": \"8\", \"lastSeenAt\": \"2026-03-08T07:19:51.000Z\", \"presenceId\": \"4\", \"plateCompact\": \"50AF66879\", \"entryLaneCode\": \"GATE_01_ENTRY\", \"evidenceReadEventId\": null}, \"presenceActive\": true, \"credentialStatus\": \"UNKNOWN\", \"paymentResolution\": null, \"openTicketSelection\": {\"mismatch\": false, \"selectedBy\": \"PLATE\", \"rfidTicketId\": null, \"plateTicketId\": \"98309\"}, \"deviceHealthSnapshot\": {\"health\": \"UNKNOWN\", \"status\": null, \"ageSeconds\": null, \"reportedAt\": null}}, \"thresholdSnapshot\": {\"ocrReviewMin\": 0.75, \"engineVersion\": \"PR08_EXIT_FLOW_V1\", \"ocrApproveMin\": 0.9, \"offlineHeartbeatAgeSeconds\": 300, \"degradedHeartbeatAgeSeconds\": 120}}','2026-03-08 07:52:56','2026-03-08 07:52:56',NULL,NULL,NULL,NULL,NULL,NULL),(4,12,19,5,47,'WARN','OPEN','ENTRY_BLOCKED','ENTRY_ALREADY_HAS_OPEN_TICKET','Xe đang có open ticket ở hệ thống nên entry lane bị chặn để tránh anti-passback.',NULL,'{\"decisionCode\": \"ANTI_PASSBACK_BLOCKED\", \"inputSnapshot\": {\"rfidUid\": null, \"plateRaw\": \"30-AF 668.79\", \"openTicket\": {\"ticketId\": \"98311\", \"entryTime\": \"2026-03-08T08:55:42.000Z\", \"matchedBy\": \"PLATE\", \"ticketCode\": \"ENTEDN0112\"}, \"plateFamily\": \"DOMESTIC\", \"deviceHealth\": \"UNKNOWN\", \"plateCompact\": \"30AF66879\", \"rfidTicketId\": null, \"laneDirection\": \"ENTRY\", \"ocrConfidence\": 0.94, \"paymentStatus\": \"NOT_APPLICABLE\", \"plateTicketId\": \"98311\", \"plateValidity\": \"STRICT_VALID\", \"activePresence\": null, \"presenceActive\": true, \"currentLaneCode\": \"GATE_01_ENTRY\", \"credentialStatus\": \"UNKNOWN\", \"currentSessionId\": \"12\", \"paymentResolution\": null, \"openTicketSelection\": {\"mismatch\": false, \"selectedBy\": \"PLATE\", \"rfidTicketId\": null, \"plateTicketId\": \"98311\"}, \"deviceHealthSnapshot\": {\"health\": \"UNKNOWN\", \"status\": null, \"ageSeconds\": null, \"reportedAt\": null}}, \"thresholdSnapshot\": {\"ocrReviewMin\": 0.75, \"engineVersion\": \"PR08_EXIT_FLOW_V1\", \"ocrApproveMin\": 0.9, \"antiPassbackStaleSeconds\": 900, \"offlineHeartbeatAgeSeconds\": 300, \"degradedHeartbeatAgeSeconds\": 120, \"antiPassbackSameLaneDebounceSeconds\": 8}}','2026-03-08 08:55:42','2026-03-08 08:55:42',NULL,NULL,NULL,NULL,NULL,NULL),(5,NULL,2,NULL,NULL,'WARN','RESOLVED','SPOT_OCCUPANCY_VIOLATION','Spot HCM-VIP-01 có vi phạm occupancy','Spot đang được reserve/assign cho subscription khác nhưng camera thấy plate không thuộc danh sách cho phép.','reconciliation:2:1','{\"source\": \"RECONCILIATION\", \"projection\": {\"siteId\": \"2\", \"spotId\": \"1\", \"zoneId\": \"1\", \"staleAt\": null, \"snapshot\": {\"now\": \"2026-03-12T18:31:50.079Z\", \"spot\": {\"siteId\": \"2\", \"spotId\": \"1\", \"zoneId\": \"1\", \"spotCode\": \"HCM-VIP-01\", \"zoneCode\": \"VIP_A\"}, \"ageSeconds\": 0, \"activeGatePresence\": null, \"sensorStaleSeconds\": 180, \"latestPresenceEvent\": {\"traceId\": \"smoke-1773340310053\", \"cameraCode\": \"CAM_VIP_A_HCM_VIP_01\", \"capturedAt\": \"2026-03-12T18:31:50.000Z\", \"confidence\": 0.97, \"modelVersion\": \"smoke-release-v1\", \"plateCompact\": \"51B67890\", \"presenceEventId\": \"3\", \"snapshotObjectKey\": \"smoke/SITE_HCM_01/HCM-VIP-01/1773340310053.png\"}, \"reservedSpotSubscription\": {\"spotId\": \"1\", \"spotCode\": \"HCM-VIP-01\", \"subscriptionId\": \"1\", \"subscriptionSpotId\": \"1\", \"primaryPlateCompact\": \"51A12345\", \"allowedPlateCompacts\": [\"51A12345\"]}, \"observedVehicleSubscription\": null}, \"spotCode\": \"HCM-VIP-01\", \"zoneCode\": \"VIP_A\", \"updatedAt\": \"2026-03-13T01:31:50.000Z\", \"reasonCode\": \"RESERVED_SPOT_OCCUPIED_BY_OTHER\", \"projectionId\": \"1\", \"reasonDetail\": \"Spot đang được reserve/assign cho subscription khác nhưng camera thấy plate không thuộc danh sách cho phép.\", \"occupancyStatus\": \"OCCUPIED_VIOLATION\", \"expectedPlateCompact\": \"51A12345\", \"observedPlateCompact\": \"51B67890\", \"matchedGatePresenceId\": null, \"matchedSubscriptionId\": \"1\", \"sourcePresenceEventId\": \"3\", \"matchedSubscriptionSpotId\": \"1\"}, \"incidentHint\": {\"noiseClass\": \"REPEATED_MISMATCH\", \"fingerprint\": \"OCCUPIED_VIOLATION|RESERVED_SPOT_OCCUPIED_BY_OTHER|51B67890|51A12345|1|\", \"signatureFields\": [\"OCCUPIED_VIOLATION\", \"RESERVED_SPOT_OCCUPIED_BY_OTHER\", \"51B67890\", \"51A12345\", \"1\", \"\"], \"reopenWindowSeconds\": 600, \"suppressionThreshold\": 1, \"dedupeCooldownSeconds\": 180}, \"__noiseControl\": {\"hitCount\": 2, \"lastSeenAt\": \"2026-03-12T18:31:50.087Z\", \"noiseClass\": \"REPEATED_MISMATCH\", \"fingerprint\": \"OCCUPIED_VIOLATION|RESERVED_SPOT_OCCUPIED_BY_OTHER|51B67890|51A12345|1|\", \"firstSeenAt\": \"2026-03-12T18:28:30.455Z\", \"lastPublishedAt\": \"2026-03-12T18:31:50.087Z\", \"suppressedCount\": 0, \"lastMeaningfulAt\": \"2026-03-12T18:31:50.087Z\"}}','2026-03-12 18:28:30','2026-03-12 18:31:50','2026-03-12 18:31:50','RESOLVED',2,'OPS',NULL,'2026-03-12 18:31:50'),(6,NULL,2,NULL,NULL,'WARN','RESOLVED','SPOT_OCCUPANCY_VIOLATION','Spot HCM-VIP-01 có vi phạm occupancy','Spot đang được reserve/assign cho subscription khác nhưng camera thấy plate không thuộc danh sách cho phép.','reconciliation:2:1','{\"source\": \"RECONCILIATION\", \"projection\": {\"siteId\": \"2\", \"spotId\": \"1\", \"zoneId\": \"1\", \"staleAt\": null, \"snapshot\": {\"now\": \"2026-03-13T11:20:42.137Z\", \"spot\": {\"siteId\": \"2\", \"spotId\": \"1\", \"zoneId\": \"1\", \"spotCode\": \"HCM-VIP-01\", \"zoneCode\": \"VIP_A\"}, \"ageSeconds\": 0, \"activeGatePresence\": null, \"sensorStaleSeconds\": 180, \"latestPresenceEvent\": {\"traceId\": \"smoke-1773400842104\", \"cameraCode\": \"CAM_VIP_A_HCM_VIP_01\", \"capturedAt\": \"2026-03-13T11:20:42.000Z\", \"confidence\": 0.97, \"modelVersion\": \"smoke-release-v1\", \"plateCompact\": \"51B67890\", \"presenceEventId\": \"4\", \"snapshotObjectKey\": \"smoke/SITE_HCM_01/HCM-VIP-01/1773400842104.png\"}, \"reservedSpotSubscription\": {\"spotId\": \"1\", \"spotCode\": \"HCM-VIP-01\", \"subscriptionId\": \"1\", \"subscriptionSpotId\": \"1\", \"primaryPlateCompact\": \"51A12345\", \"allowedPlateCompacts\": [\"51A12345\"]}, \"observedVehicleSubscription\": null}, \"spotCode\": \"HCM-VIP-01\", \"zoneCode\": \"VIP_A\", \"updatedAt\": \"2026-03-13T18:20:42.000Z\", \"reasonCode\": \"RESERVED_SPOT_OCCUPIED_BY_OTHER\", \"projectionId\": \"1\", \"reasonDetail\": \"Spot đang được reserve/assign cho subscription khác nhưng camera thấy plate không thuộc danh sách cho phép.\", \"occupancyStatus\": \"OCCUPIED_VIOLATION\", \"expectedPlateCompact\": \"51A12345\", \"observedPlateCompact\": \"51B67890\", \"matchedGatePresenceId\": null, \"matchedSubscriptionId\": \"1\", \"sourcePresenceEventId\": \"4\", \"matchedSubscriptionSpotId\": \"1\"}, \"incidentHint\": {\"noiseClass\": \"REPEATED_MISMATCH\", \"fingerprint\": \"OCCUPIED_VIOLATION|RESERVED_SPOT_OCCUPIED_BY_OTHER|51B67890|51A12345|1|\", \"signatureFields\": [\"OCCUPIED_VIOLATION\", \"RESERVED_SPOT_OCCUPIED_BY_OTHER\", \"51B67890\", \"51A12345\", \"1\", \"\"], \"reopenWindowSeconds\": 600, \"suppressionThreshold\": 1, \"dedupeCooldownSeconds\": 180}, \"__noiseControl\": {\"hitCount\": 1, \"lastSeenAt\": \"2026-03-13T11:20:42.147Z\", \"noiseClass\": \"REPEATED_MISMATCH\", \"fingerprint\": \"OCCUPIED_VIOLATION|RESERVED_SPOT_OCCUPIED_BY_OTHER|51B67890|51A12345|1|\", \"firstSeenAt\": \"2026-03-12T18:28:30.455Z\", \"lastPublishedAt\": \"2026-03-13T11:20:42.147Z\", \"suppressedCount\": 0, \"lastMeaningfulAt\": \"2026-03-13T11:20:42.147Z\"}}','2026-03-13 11:20:42','2026-03-13 11:20:42','2026-03-13 11:20:42','RESOLVED',2,'OPS',NULL,'2026-03-13 11:20:42'),(7,NULL,2,NULL,NULL,'WARN','RESOLVED','SPOT_OCCUPANCY_VIOLATION','Spot HCM-VIP-01 có vi phạm occupancy','Spot đang được reserve/assign cho subscription khác nhưng camera thấy plate không thuộc danh sách cho phép.','reconciliation:2:1','{\"source\": \"RECONCILIATION\", \"projection\": {\"siteId\": \"2\", \"spotId\": \"1\", \"zoneId\": \"1\", \"staleAt\": null, \"snapshot\": {\"now\": \"2026-03-13T13:33:53.861Z\", \"spot\": {\"siteId\": \"2\", \"spotId\": \"1\", \"zoneId\": \"1\", \"spotCode\": \"HCM-VIP-01\", \"zoneCode\": \"VIP_A\"}, \"ageSeconds\": 0, \"activeGatePresence\": null, \"sensorStaleSeconds\": 180, \"latestPresenceEvent\": {\"traceId\": \"smoke-1773408833834\", \"cameraCode\": \"CAM_VIP_A_HCM_VIP_01\", \"capturedAt\": \"2026-03-13T13:33:54.000Z\", \"confidence\": 0.97, \"modelVersion\": \"smoke-release-v1\", \"plateCompact\": \"51B67890\", \"presenceEventId\": \"5\", \"snapshotObjectKey\": \"smoke/SITE_HCM_01/HCM-VIP-01/1773408833834.png\"}, \"reservedSpotSubscription\": {\"spotId\": \"1\", \"spotCode\": \"HCM-VIP-01\", \"subscriptionId\": \"1\", \"subscriptionSpotId\": \"1\", \"primaryPlateCompact\": \"51A12345\", \"allowedPlateCompacts\": [\"51A12345\"]}, \"observedVehicleSubscription\": null}, \"spotCode\": \"HCM-VIP-01\", \"zoneCode\": \"VIP_A\", \"updatedAt\": \"2026-03-13T20:33:53.000Z\", \"reasonCode\": \"RESERVED_SPOT_OCCUPIED_BY_OTHER\", \"projectionId\": \"1\", \"reasonDetail\": \"Spot đang được reserve/assign cho subscription khác nhưng camera thấy plate không thuộc danh sách cho phép.\", \"occupancyStatus\": \"OCCUPIED_VIOLATION\", \"expectedPlateCompact\": \"51A12345\", \"observedPlateCompact\": \"51B67890\", \"matchedGatePresenceId\": null, \"matchedSubscriptionId\": \"1\", \"sourcePresenceEventId\": \"5\", \"matchedSubscriptionSpotId\": \"1\"}, \"incidentHint\": {\"noiseClass\": \"REPEATED_MISMATCH\", \"fingerprint\": \"OCCUPIED_VIOLATION|RESERVED_SPOT_OCCUPIED_BY_OTHER|51B67890|51A12345|1|\", \"signatureFields\": [\"OCCUPIED_VIOLATION\", \"RESERVED_SPOT_OCCUPIED_BY_OTHER\", \"51B67890\", \"51A12345\", \"1\", \"\"], \"reopenWindowSeconds\": 600, \"suppressionThreshold\": 1, \"dedupeCooldownSeconds\": 180}, \"__noiseControl\": {\"hitCount\": 1, \"lastSeenAt\": \"2026-03-13T13:33:53.867Z\", \"noiseClass\": \"REPEATED_MISMATCH\", \"fingerprint\": \"OCCUPIED_VIOLATION|RESERVED_SPOT_OCCUPIED_BY_OTHER|51B67890|51A12345|1|\", \"firstSeenAt\": \"2026-03-12T18:28:30.455Z\", \"lastPublishedAt\": \"2026-03-13T13:33:53.867Z\", \"suppressedCount\": 0, \"lastMeaningfulAt\": \"2026-03-13T13:33:53.867Z\"}}','2026-03-13 13:33:54','2026-03-13 13:33:54','2026-03-13 13:33:54','RESOLVED',2,'OPS',NULL,'2026-03-13 13:33:54'),(8,NULL,2,NULL,NULL,'WARN','RESOLVED','SPOT_OCCUPANCY_VIOLATION','Spot HCM-VIP-01 có vi phạm occupancy','Spot đang được reserve/assign cho subscription khác nhưng camera thấy plate không thuộc danh sách cho phép.','reconciliation:2:1','{\"source\": \"RECONCILIATION\", \"projection\": {\"siteId\": \"2\", \"spotId\": \"1\", \"zoneId\": \"1\", \"staleAt\": null, \"snapshot\": {\"now\": \"2026-03-13T16:54:21.725Z\", \"spot\": {\"siteId\": \"2\", \"spotId\": \"1\", \"zoneId\": \"1\", \"spotCode\": \"HCM-VIP-01\", \"zoneCode\": \"VIP_A\"}, \"ageSeconds\": 0, \"activeGatePresence\": null, \"sensorStaleSeconds\": 180, \"latestPresenceEvent\": {\"traceId\": \"smoke-1773420861698\", \"cameraCode\": \"CAM_VIP_A_HCM_VIP_01\", \"capturedAt\": \"2026-03-13T16:54:22.000Z\", \"confidence\": 0.97, \"modelVersion\": \"smoke-release-v1\", \"plateCompact\": \"51B67890\", \"presenceEventId\": \"6\", \"snapshotObjectKey\": \"smoke/SITE_HCM_01/HCM-VIP-01/1773420861698.png\"}, \"reservedSpotSubscription\": {\"spotId\": \"1\", \"spotCode\": \"HCM-VIP-01\", \"subscriptionId\": \"1\", \"subscriptionSpotId\": \"1\", \"primaryPlateCompact\": \"51A12345\", \"allowedPlateCompacts\": [\"51A12345\"]}, \"observedVehicleSubscription\": null}, \"spotCode\": \"HCM-VIP-01\", \"zoneCode\": \"VIP_A\", \"updatedAt\": \"2026-03-13T23:54:21.000Z\", \"reasonCode\": \"RESERVED_SPOT_OCCUPIED_BY_OTHER\", \"projectionId\": \"1\", \"reasonDetail\": \"Spot đang được reserve/assign cho subscription khác nhưng camera thấy plate không thuộc danh sách cho phép.\", \"occupancyStatus\": \"OCCUPIED_VIOLATION\", \"expectedPlateCompact\": \"51A12345\", \"observedPlateCompact\": \"51B67890\", \"matchedGatePresenceId\": null, \"matchedSubscriptionId\": \"1\", \"sourcePresenceEventId\": \"6\", \"matchedSubscriptionSpotId\": \"1\"}, \"incidentHint\": {\"noiseClass\": \"REPEATED_MISMATCH\", \"fingerprint\": \"OCCUPIED_VIOLATION|RESERVED_SPOT_OCCUPIED_BY_OTHER|51B67890|51A12345|1|\", \"signatureFields\": [\"OCCUPIED_VIOLATION\", \"RESERVED_SPOT_OCCUPIED_BY_OTHER\", \"51B67890\", \"51A12345\", \"1\", \"\"], \"reopenWindowSeconds\": 600, \"suppressionThreshold\": 1, \"dedupeCooldownSeconds\": 180}, \"__noiseControl\": {\"hitCount\": 1, \"lastSeenAt\": \"2026-03-13T16:54:21.731Z\", \"noiseClass\": \"REPEATED_MISMATCH\", \"fingerprint\": \"OCCUPIED_VIOLATION|RESERVED_SPOT_OCCUPIED_BY_OTHER|51B67890|51A12345|1|\", \"firstSeenAt\": \"2026-03-12T18:28:30.455Z\", \"lastPublishedAt\": \"2026-03-13T16:54:21.731Z\", \"suppressedCount\": 0, \"lastMeaningfulAt\": \"2026-03-13T16:54:21.731Z\"}}','2026-03-13 16:54:22','2026-03-13 16:54:22','2026-03-13 16:54:22','RESOLVED',2,'OPS',NULL,'2026-03-13 16:54:22');
/*!40000 ALTER TABLE `gate_incidents` ENABLE KEYS */;
UNLOCK TABLES;

--
-- Table structure for table `gate_lane_devices`
--

DROP TABLE IF EXISTS `gate_lane_devices`;
/*!40101 SET @saved_cs_client     = @@character_set_client */;
/*!50503 SET character_set_client = utf8mb4 */;
CREATE TABLE `gate_lane_devices` (
  `lane_device_id` bigint NOT NULL AUTO_INCREMENT,
  `lane_id` bigint NOT NULL,
  `device_id` bigint NOT NULL,
  `device_role` enum('PRIMARY','CAMERA','RFID','LOOP_SENSOR','BARRIER') NOT NULL,
  `is_primary` tinyint(1) NOT NULL DEFAULT '0',
  `is_required` tinyint(1) NOT NULL DEFAULT '1',
  `sort_order` int NOT NULL DEFAULT '0',
  `created_at` datetime NOT NULL DEFAULT CURRENT_TIMESTAMP,
  PRIMARY KEY (`lane_device_id`),
  UNIQUE KEY `uq_gate_lane_devices_lane_device` (`lane_id`,`device_id`),
  UNIQUE KEY `uq_gate_lane_devices_device` (`device_id`),
  KEY `ix_gate_lane_devices_lane_role` (`lane_id`,`device_role`),
  KEY `ix_gate_lane_devices_lane_primary` (`lane_id`,`is_primary`),
  CONSTRAINT `fk_gate_lane_devices_device` FOREIGN KEY (`device_id`) REFERENCES `gate_devices` (`device_id`),
  CONSTRAINT `fk_gate_lane_devices_lane` FOREIGN KEY (`lane_id`) REFERENCES `gate_lanes` (`lane_id`)
) ENGINE=InnoDB AUTO_INCREMENT=931 DEFAULT CHARSET=utf8mb4 COLLATE=utf8mb4_0900_ai_ci;
/*!40101 SET character_set_client = @saved_cs_client */;

--
-- Dumping data for table `gate_lane_devices`
--

LOCK TABLES `gate_lane_devices` WRITE;
/*!40000 ALTER TABLE `gate_lane_devices` DISABLE KEYS */;
INSERT INTO `gate_lane_devices` VALUES (1,1,30,'CAMERA',0,1,10,'2026-03-07 09:49:28'),(2,1,31,'RFID',1,1,20,'2026-03-07 09:49:28'),(3,1,32,'LOOP_SENSOR',0,1,30,'2026-03-07 09:49:28'),(4,1,33,'BARRIER',0,1,40,'2026-03-07 09:49:28'),(5,2,34,'CAMERA',0,1,10,'2026-03-07 09:49:28'),(6,2,35,'RFID',1,1,20,'2026-03-07 09:49:28'),(7,2,36,'LOOP_SENSOR',0,1,30,'2026-03-07 09:49:28'),(8,2,37,'BARRIER',0,1,40,'2026-03-07 09:49:28'),(9,3,38,'CAMERA',0,1,10,'2026-03-07 09:49:28'),(10,3,39,'RFID',1,1,20,'2026-03-07 09:49:28'),(11,3,40,'LOOP_SENSOR',0,1,30,'2026-03-07 09:49:28'),(12,3,41,'BARRIER',0,1,40,'2026-03-07 09:49:28'),(13,4,42,'CAMERA',0,1,10,'2026-03-07 09:49:28'),(14,4,43,'RFID',1,1,20,'2026-03-07 09:49:28'),(15,4,44,'LOOP_SENSOR',0,1,30,'2026-03-07 09:49:28'),(16,4,45,'BARRIER',0,1,40,'2026-03-07 09:49:28'),(17,5,46,'CAMERA',0,1,10,'2026-03-07 09:49:28'),(18,5,47,'RFID',1,1,20,'2026-03-07 09:49:28'),(19,5,48,'LOOP_SENSOR',0,1,30,'2026-03-07 09:49:28'),(20,5,49,'BARRIER',0,1,40,'2026-03-07 09:49:28'),(21,6,50,'CAMERA',0,1,10,'2026-03-07 09:49:28'),(22,6,51,'RFID',1,1,20,'2026-03-07 09:49:28'),(23,6,52,'LOOP_SENSOR',0,1,30,'2026-03-07 09:49:28'),(24,6,53,'BARRIER',0,1,40,'2026-03-07 09:49:28'),(25,7,54,'CAMERA',0,1,10,'2026-03-07 09:49:28'),(26,7,55,'RFID',1,1,20,'2026-03-07 09:49:28'),(27,7,56,'LOOP_SENSOR',0,1,30,'2026-03-07 09:49:28'),(28,7,57,'BARRIER',0,1,40,'2026-03-07 09:49:28'),(29,8,58,'CAMERA',0,1,10,'2026-03-07 09:49:28'),(30,8,59,'RFID',1,1,20,'2026-03-07 09:49:28'),(31,8,60,'LOOP_SENSOR',0,1,30,'2026-03-07 09:49:28'),(32,8,61,'BARRIER',0,1,40,'2026-03-07 09:49:28');
/*!40000 ALTER TABLE `gate_lane_devices` ENABLE KEYS */;
UNLOCK TABLES;

--
-- Table structure for table `gate_lanes`
--

DROP TABLE IF EXISTS `gate_lanes`;
/*!40101 SET @saved_cs_client     = @@character_set_client */;
/*!50503 SET character_set_client = utf8mb4 */;
CREATE TABLE `gate_lanes` (
  `lane_id` bigint NOT NULL AUTO_INCREMENT,
  `site_id` bigint NOT NULL,
  `gate_code` varchar(32) NOT NULL,
  `lane_code` varchar(32) NOT NULL,
  `name` varchar(255) NOT NULL,
  `direction` enum('ENTRY','EXIT') NOT NULL,
  `status` enum('ACTIVE','INACTIVE','MAINTENANCE') NOT NULL DEFAULT 'ACTIVE',
  `sort_order` int NOT NULL DEFAULT '0',
  `primary_device_id` bigint DEFAULT NULL,
  `created_at` datetime NOT NULL DEFAULT CURRENT_TIMESTAMP,
  `updated_at` datetime NOT NULL DEFAULT CURRENT_TIMESTAMP ON UPDATE CURRENT_TIMESTAMP,
  PRIMARY KEY (`lane_id`),
  UNIQUE KEY `uq_gate_lanes_code` (`site_id`,`lane_code`),
  KEY `fk_gate_lanes_primary_device` (`primary_device_id`),
  KEY `ix_gate_lanes_site` (`site_id`),
  KEY `ix_gate_lanes_site_gate` (`site_id`,`gate_code`),
  KEY `ix_gate_lanes_site_direction` (`site_id`,`direction`),
  KEY `ix_gate_lanes_site_status` (`site_id`,`status`),
  CONSTRAINT `fk_gate_lanes_primary_device` FOREIGN KEY (`primary_device_id`) REFERENCES `gate_devices` (`device_id`),
  CONSTRAINT `fk_gate_lanes_site` FOREIGN KEY (`site_id`) REFERENCES `parking_sites` (`site_id`)
) ENGINE=InnoDB AUTO_INCREMENT=235 DEFAULT CHARSET=utf8mb4 COLLATE=utf8mb4_0900_ai_ci;
/*!40101 SET character_set_client = @saved_cs_client */;

--
-- Dumping data for table `gate_lanes`
--

LOCK TABLES `gate_lanes` WRITE;
/*!40000 ALTER TABLE `gate_lanes` DISABLE KEYS */;
INSERT INTO `gate_lanes` VALUES (1,2,'GATE_01','GATE_01_ENTRY','Gate 01 - ENTRY','ENTRY','ACTIVE',10,31,'2026-03-07 09:49:28','2026-03-07 10:03:26'),(2,2,'GATE_01','GATE_01_EXIT','Gate 01 - EXIT','EXIT','ACTIVE',11,35,'2026-03-07 09:49:28','2026-03-07 10:03:26'),(3,2,'GATE_02','GATE_02_ENTRY','Gate 02 - ENTRY','ENTRY','ACTIVE',20,39,'2026-03-07 09:49:28','2026-03-07 10:03:26'),(4,2,'GATE_02','GATE_02_EXIT','Gate 02 - EXIT','EXIT','ACTIVE',21,43,'2026-03-07 09:49:28','2026-03-07 10:03:26'),(5,19,'GATE_01','GATE_01_ENTRY','Gate 01 - ENTRY','ENTRY','ACTIVE',10,47,'2026-03-07 09:49:28','2026-03-07 10:03:26'),(6,19,'GATE_01','GATE_01_EXIT','Gate 01 - EXIT','EXIT','ACTIVE',11,51,'2026-03-07 09:49:28','2026-03-07 10:03:26'),(7,19,'GATE_02','GATE_02_ENTRY','Gate 02 - ENTRY','ENTRY','ACTIVE',20,55,'2026-03-07 09:49:28','2026-03-07 10:03:26'),(8,19,'GATE_02','GATE_02_EXIT','Gate 02 - EXIT','EXIT','ACTIVE',21,59,'2026-03-07 09:49:28','2026-03-07 10:03:26');
/*!40000 ALTER TABLE `gate_lanes` ENABLE KEYS */;
UNLOCK TABLES;

--
-- Table structure for table `gate_manual_reviews`
--

DROP TABLE IF EXISTS `gate_manual_reviews`;
/*!40101 SET @saved_cs_client     = @@character_set_client */;
/*!50503 SET character_set_client = utf8mb4 */;
CREATE TABLE `gate_manual_reviews` (
  `review_id` bigint NOT NULL AUTO_INCREMENT,
  `session_id` bigint NOT NULL,
  `site_id` bigint NOT NULL,
  `lane_id` bigint NOT NULL,
  `status` enum('OPEN','CLAIMED','RESOLVED','CANCELLED') NOT NULL DEFAULT 'OPEN',
  `queue_reason_code` varchar(64) NOT NULL,
  `claimed_by_user_id` bigint DEFAULT NULL,
  `claimed_at` datetime DEFAULT NULL,
  `resolved_by_user_id` bigint DEFAULT NULL,
  `resolved_at` datetime DEFAULT NULL,
  `note` text,
  `snapshot_json` json DEFAULT NULL,
  `created_at` datetime NOT NULL DEFAULT CURRENT_TIMESTAMP,
  `updated_at` datetime NOT NULL DEFAULT CURRENT_TIMESTAMP ON UPDATE CURRENT_TIMESTAMP,
  PRIMARY KEY (`review_id`),
  KEY `fk_gate_reviews_session` (`session_id`),
  KEY `fk_gate_reviews_lane` (`lane_id`),
  KEY `ix_gate_reviews_status_created` (`status`,`created_at`),
  KEY `ix_gate_reviews_site_lane` (`site_id`,`lane_id`),
  KEY `ix_gate_reviews_claimed_by` (`claimed_by_user_id`),
  KEY `ix_gate_reviews_resolved_by` (`resolved_by_user_id`),
  CONSTRAINT `fk_gate_reviews_claimed_by` FOREIGN KEY (`claimed_by_user_id`) REFERENCES `users` (`user_id`),
  CONSTRAINT `fk_gate_reviews_lane` FOREIGN KEY (`lane_id`) REFERENCES `gate_lanes` (`lane_id`),
  CONSTRAINT `fk_gate_reviews_resolved_by` FOREIGN KEY (`resolved_by_user_id`) REFERENCES `users` (`user_id`),
  CONSTRAINT `fk_gate_reviews_session` FOREIGN KEY (`session_id`) REFERENCES `gate_passage_sessions` (`session_id`),
  CONSTRAINT `fk_gate_reviews_site` FOREIGN KEY (`site_id`) REFERENCES `parking_sites` (`site_id`)
) ENGINE=InnoDB AUTO_INCREMENT=6 DEFAULT CHARSET=utf8mb4 COLLATE=utf8mb4_0900_ai_ci;
/*!40101 SET character_set_client = @saved_cs_client */;

--
-- Dumping data for table `gate_manual_reviews`
--

LOCK TABLES `gate_manual_reviews` WRITE;
/*!40000 ALTER TABLE `gate_manual_reviews` DISABLE KEYS */;
INSERT INTO `gate_manual_reviews` VALUES (1,6,19,5,'CLAIMED','PLATE_REVIEW_REQUIRED',NULL,'2026-03-08 07:19:01',NULL,NULL,'Operator xác nhận đã kiểm tra thực địa tại lane.','{\"auditTrail\": [{\"at\": \"2026-03-08T07:19:01.341Z\", \"note\": \"Operator xác nhận đã kiểm tra thực địa tại lane.\", \"type\": \"REVIEW_CLAIM\", \"actor\": {\"role\": \"ADMIN\", \"actorLabel\": \"ADMIN:1\", \"actorUserId\": \"1\"}, \"reasonCode\": \"MANUAL_OVERRIDE\", \"beforeSnapshot\": {\"review\": {\"note\": \"Plate canonicalization gắn cờ reviewRequired nên operator cần kiểm tra trước khi cho qua.\", \"status\": \"OPEN\", \"reviewId\": \"1\", \"claimedAt\": null, \"resolvedAt\": null, \"claimedByUserId\": null, \"queueReasonCode\": \"PLATE_REVIEW_REQUIRED\", \"resolvedByUserId\": null}, \"session\": {\"laneId\": \"5\", \"siteId\": \"19\", \"status\": \"TIMEOUT\", \"rfidUid\": null, \"closedAt\": \"2026-03-07T20:39:25.000Z\", \"openedAt\": \"2026-03-07T20:37:31.000Z\", \"ticketId\": null, \"direction\": \"ENTRY\", \"sessionId\": \"6\", \"lastReadAt\": \"2026-03-07T20:37:31.000Z\", \"resolvedAt\": \"2026-03-07T20:39:25.000Z\", \"plateCompact\": \"50KS27044\", \"presenceActive\": true, \"reviewRequired\": true}}}, {\"at\": \"2026-03-08T07:19:01.341Z\", \"type\": \"REVIEW_CLAIM_RESULT\", \"actor\": {\"role\": \"ADMIN\", \"actorLabel\": \"ADMIN:1\", \"actorUserId\": \"1\"}, \"afterSnapshot\": {\"review\": {\"note\": \"Operator xác nhận đã kiểm tra thực địa tại lane.\", \"status\": \"CLAIMED\", \"reviewId\": \"1\", \"claimedAt\": \"2026-03-08T07:19:01.000Z\", \"resolvedAt\": null, \"claimedByUserId\": null, \"queueReasonCode\": \"PLATE_REVIEW_REQUIRED\", \"resolvedByUserId\": null}, \"session\": {\"laneId\": \"5\", \"siteId\": \"19\", \"status\": \"TIMEOUT\", \"rfidUid\": null, \"closedAt\": \"2026-03-07T20:39:25.000Z\", \"openedAt\": \"2026-03-07T20:37:31.000Z\", \"ticketId\": null, \"direction\": \"ENTRY\", \"sessionId\": \"6\", \"lastReadAt\": \"2026-03-07T20:37:31.000Z\", \"resolvedAt\": \"2026-03-07T20:39:25.000Z\", \"plateCompact\": \"50KS27044\", \"presenceActive\": true, \"reviewRequired\": true}}}], \"finalAction\": \"REVIEW\", \"decisionCode\": \"REVIEW_REQUIRED\", \"inputSnapshot\": {\"rfidUid\": null, \"plateRaw\": \"50K-5270.44\", \"openTicket\": null, \"plateFamily\": \"DOMESTIC\", \"deviceHealth\": \"UNKNOWN\", \"plateCompact\": \"50KS27044\", \"rfidTicketId\": null, \"laneDirection\": \"ENTRY\", \"ocrConfidence\": 0.92, \"paymentStatus\": \"NOT_APPLICABLE\", \"plateTicketId\": null, \"plateValidity\": \"REVIEW\", \"activePresence\": null, \"presenceActive\": true, \"credentialStatus\": \"UNKNOWN\", \"paymentResolution\": null, \"openTicketSelection\": {\"mismatch\": false, \"selectedBy\": null, \"rfidTicketId\": null, \"plateTicketId\": null}, \"deviceHealthSnapshot\": {\"health\": \"UNKNOWN\", \"status\": null, \"ageSeconds\": null, \"reportedAt\": null}}, \"lastAuditEntry\": {\"at\": \"2026-03-08T07:19:01.341Z\", \"type\": \"REVIEW_CLAIM_RESULT\", \"actor\": {\"role\": \"ADMIN\", \"actorLabel\": \"ADMIN:1\", \"actorUserId\": \"1\"}, \"afterSnapshot\": {\"review\": {\"note\": \"Operator xác nhận đã kiểm tra thực địa tại lane.\", \"status\": \"CLAIMED\", \"reviewId\": \"1\", \"claimedAt\": \"2026-03-08T07:19:01.000Z\", \"resolvedAt\": null, \"claimedByUserId\": null, \"queueReasonCode\": \"PLATE_REVIEW_REQUIRED\", \"resolvedByUserId\": null}, \"session\": {\"laneId\": \"5\", \"siteId\": \"19\", \"status\": \"TIMEOUT\", \"rfidUid\": null, \"closedAt\": \"2026-03-07T20:39:25.000Z\", \"openedAt\": \"2026-03-07T20:37:31.000Z\", \"ticketId\": null, \"direction\": \"ENTRY\", \"sessionId\": \"6\", \"lastReadAt\": \"2026-03-07T20:37:31.000Z\", \"resolvedAt\": \"2026-03-07T20:39:25.000Z\", \"plateCompact\": \"50KS27044\", \"presenceActive\": true, \"reviewRequired\": true}}}, \"thresholdSnapshot\": {\"ocrReviewMin\": 0.75, \"engineVersion\": \"PR08_EXIT_FLOW_V1\", \"ocrApproveMin\": 0.9, \"offlineHeartbeatAgeSeconds\": 300, \"degradedHeartbeatAgeSeconds\": 120}, \"queuedFromDecision\": true}','2026-03-07 20:37:31','2026-03-08 07:19:01'),(2,7,19,5,'CLAIMED','PLATE_REVIEW_REQUIRED',NULL,'2026-03-08 07:21:31',NULL,NULL,'Operator xác nhận đã kiểm tra thực địa tại lane.','{\"auditTrail\": [{\"at\": \"2026-03-08T07:21:31.115Z\", \"note\": \"Operator xác nhận đã kiểm tra thực địa tại lane.\", \"type\": \"REVIEW_CLAIM\", \"actor\": {\"role\": \"ADMIN\", \"actorLabel\": \"ADMIN:1\", \"actorUserId\": \"1\"}, \"reasonCode\": \"MANUAL_OVERRIDE\", \"beforeSnapshot\": {\"review\": {\"note\": \"Plate canonicalization gắn cờ reviewRequired nên operator cần kiểm tra trước khi cho qua.\", \"status\": \"OPEN\", \"reviewId\": \"2\", \"claimedAt\": null, \"resolvedAt\": null, \"claimedByUserId\": null, \"queueReasonCode\": \"PLATE_REVIEW_REQUIRED\", \"resolvedByUserId\": null}, \"session\": {\"laneId\": \"5\", \"siteId\": \"19\", \"status\": \"PASSED\", \"rfidUid\": null, \"closedAt\": \"2026-03-07T20:40:43.000Z\", \"openedAt\": \"2026-03-07T20:39:25.000Z\", \"ticketId\": \"98308\", \"direction\": \"ENTRY\", \"sessionId\": \"7\", \"lastReadAt\": \"2026-03-07T20:40:43.000Z\", \"resolvedAt\": \"2026-03-07T20:40:40.000Z\", \"plateCompact\": \"61LI69166\", \"presenceActive\": true, \"reviewRequired\": false}}}, {\"at\": \"2026-03-08T07:21:31.115Z\", \"type\": \"REVIEW_CLAIM_RESULT\", \"actor\": {\"role\": \"ADMIN\", \"actorLabel\": \"ADMIN:1\", \"actorUserId\": \"1\"}, \"afterSnapshot\": {\"review\": {\"note\": \"Operator xác nhận đã kiểm tra thực địa tại lane.\", \"status\": \"CLAIMED\", \"reviewId\": \"2\", \"claimedAt\": \"2026-03-08T07:21:31.000Z\", \"resolvedAt\": null, \"claimedByUserId\": null, \"queueReasonCode\": \"PLATE_REVIEW_REQUIRED\", \"resolvedByUserId\": null}, \"session\": {\"laneId\": \"5\", \"siteId\": \"19\", \"status\": \"PASSED\", \"rfidUid\": null, \"closedAt\": \"2026-03-07T20:40:43.000Z\", \"openedAt\": \"2026-03-07T20:39:25.000Z\", \"ticketId\": \"98308\", \"direction\": \"ENTRY\", \"sessionId\": \"7\", \"lastReadAt\": \"2026-03-07T20:40:43.000Z\", \"resolvedAt\": \"2026-03-07T20:40:40.000Z\", \"plateCompact\": \"61LI69166\", \"presenceActive\": true, \"reviewRequired\": false}}}], \"finalAction\": \"REVIEW\", \"decisionCode\": \"REVIEW_REQUIRED\", \"inputSnapshot\": {\"rfidUid\": null, \"plateRaw\": \"61L-1691.66\", \"openTicket\": null, \"plateFamily\": \"DOMESTIC\", \"deviceHealth\": \"UNKNOWN\", \"plateCompact\": \"61LI69166\", \"rfidTicketId\": null, \"laneDirection\": \"ENTRY\", \"ocrConfidence\": 0.92, \"paymentStatus\": \"NOT_APPLICABLE\", \"plateTicketId\": null, \"plateValidity\": \"REVIEW\", \"activePresence\": null, \"presenceActive\": true, \"credentialStatus\": \"UNKNOWN\", \"paymentResolution\": null, \"openTicketSelection\": {\"mismatch\": false, \"selectedBy\": null, \"rfidTicketId\": null, \"plateTicketId\": null}, \"deviceHealthSnapshot\": {\"health\": \"UNKNOWN\", \"status\": null, \"ageSeconds\": null, \"reportedAt\": null}}, \"lastAuditEntry\": {\"at\": \"2026-03-08T07:21:31.115Z\", \"type\": \"REVIEW_CLAIM_RESULT\", \"actor\": {\"role\": \"ADMIN\", \"actorLabel\": \"ADMIN:1\", \"actorUserId\": \"1\"}, \"afterSnapshot\": {\"review\": {\"note\": \"Operator xác nhận đã kiểm tra thực địa tại lane.\", \"status\": \"CLAIMED\", \"reviewId\": \"2\", \"claimedAt\": \"2026-03-08T07:21:31.000Z\", \"resolvedAt\": null, \"claimedByUserId\": null, \"queueReasonCode\": \"PLATE_REVIEW_REQUIRED\", \"resolvedByUserId\": null}, \"session\": {\"laneId\": \"5\", \"siteId\": \"19\", \"status\": \"PASSED\", \"rfidUid\": null, \"closedAt\": \"2026-03-07T20:40:43.000Z\", \"openedAt\": \"2026-03-07T20:39:25.000Z\", \"ticketId\": \"98308\", \"direction\": \"ENTRY\", \"sessionId\": \"7\", \"lastReadAt\": \"2026-03-07T20:40:43.000Z\", \"resolvedAt\": \"2026-03-07T20:40:40.000Z\", \"plateCompact\": \"61LI69166\", \"presenceActive\": true, \"reviewRequired\": false}}}, \"thresholdSnapshot\": {\"ocrReviewMin\": 0.75, \"engineVersion\": \"PR08_EXIT_FLOW_V1\", \"ocrApproveMin\": 0.9, \"offlineHeartbeatAgeSeconds\": 300, \"degradedHeartbeatAgeSeconds\": 120}, \"queuedFromDecision\": true}','2026-03-07 20:39:25','2026-03-08 07:21:31'),(3,9,2,4,'OPEN','OPEN_TICKET_NOT_FOUND',NULL,NULL,NULL,NULL,'Không tìm thấy open ticket cho lượt EXIT dựa trên RFID trước rồi plateCompact sau; cần operator review.','{\"finalAction\": \"REVIEW\", \"decisionCode\": \"TICKET_NOT_FOUND\", \"inputSnapshot\": {\"rfidUid\": null, \"plateRaw\": \"50-AF 668.79\", \"openTicket\": null, \"plateFamily\": \"DOMESTIC\", \"deviceHealth\": \"UNKNOWN\", \"plateCompact\": \"50AF66879\", \"rfidTicketId\": null, \"laneDirection\": \"EXIT\", \"ocrConfidence\": 0.99, \"paymentStatus\": \"NOT_APPLICABLE\", \"plateTicketId\": null, \"plateValidity\": \"STRICT_VALID\", \"activePresence\": null, \"presenceActive\": true, \"credentialStatus\": \"UNKNOWN\", \"paymentResolution\": null, \"openTicketSelection\": {\"mismatch\": false, \"selectedBy\": null, \"rfidTicketId\": null, \"plateTicketId\": null}, \"deviceHealthSnapshot\": {\"health\": \"UNKNOWN\", \"status\": null, \"ageSeconds\": null, \"reportedAt\": null}}, \"thresholdSnapshot\": {\"ocrReviewMin\": 0.75, \"engineVersion\": \"PR08_EXIT_FLOW_V1\", \"ocrApproveMin\": 0.9, \"offlineHeartbeatAgeSeconds\": 300, \"degradedHeartbeatAgeSeconds\": 120}, \"queuedFromDecision\": true}','2026-03-08 07:24:02','2026-03-08 07:24:02'),(4,13,19,5,'OPEN','OCR_CONFIDENCE_TOO_LOW',NULL,NULL,NULL,NULL,'OCR confidence thấp hơn review threshold (0.00 < 0.75).','{\"finalAction\": \"REVIEW\", \"decisionCode\": \"REVIEW_REQUIRED\", \"inputSnapshot\": {\"rfidUid\": null, \"plateRaw\": \"99E1 222.68\", \"openTicket\": null, \"plateFamily\": \"DOMESTIC\", \"deviceHealth\": \"UNKNOWN\", \"plateCompact\": \"99EI22268\", \"rfidTicketId\": null, \"laneDirection\": \"ENTRY\", \"ocrConfidence\": 0, \"paymentStatus\": \"NOT_APPLICABLE\", \"plateTicketId\": null, \"plateValidity\": \"REVIEW\", \"activePresence\": null, \"presenceActive\": true, \"currentLaneCode\": null, \"credentialStatus\": \"UNKNOWN\", \"currentSessionId\": null, \"paymentResolution\": null, \"openTicketSelection\": {\"mismatch\": false, \"selectedBy\": null, \"rfidTicketId\": null, \"plateTicketId\": null}, \"deviceHealthSnapshot\": {\"health\": \"UNKNOWN\", \"status\": null, \"ageSeconds\": null, \"reportedAt\": null}}, \"thresholdSnapshot\": {\"ocrReviewMin\": 0.75, \"engineVersion\": \"PR08_EXIT_FLOW_V1\", \"ocrApproveMin\": 0.9, \"antiPassbackStaleSeconds\": 900, \"offlineHeartbeatAgeSeconds\": 300, \"degradedHeartbeatAgeSeconds\": 120, \"antiPassbackSameLaneDebounceSeconds\": 8}, \"queuedFromDecision\": true}','2026-03-10 16:18:39','2026-03-10 16:18:39'),(5,14,19,5,'OPEN','OCR_CONFIDENCE_TOO_LOW',NULL,NULL,NULL,NULL,'OCR confidence thấp hơn review threshold (0.00 < 0.75).','{\"finalAction\": \"REVIEW\", \"decisionCode\": \"REVIEW_REQUIRED\", \"inputSnapshot\": {\"rfidUid\": null, \"plateRaw\": \"20-AA 567.89\", \"openTicket\": null, \"plateFamily\": \"DOMESTIC\", \"deviceHealth\": \"UNKNOWN\", \"plateCompact\": \"20AA56789\", \"rfidTicketId\": null, \"laneDirection\": \"ENTRY\", \"ocrConfidence\": 0, \"paymentStatus\": \"NOT_APPLICABLE\", \"plateTicketId\": null, \"plateValidity\": \"STRICT_VALID\", \"activePresence\": null, \"presenceActive\": true, \"currentLaneCode\": null, \"credentialStatus\": \"UNKNOWN\", \"currentSessionId\": null, \"paymentResolution\": null, \"openTicketSelection\": {\"mismatch\": false, \"selectedBy\": null, \"rfidTicketId\": null, \"plateTicketId\": null}, \"deviceHealthSnapshot\": {\"health\": \"UNKNOWN\", \"status\": null, \"ageSeconds\": null, \"reportedAt\": null}}, \"thresholdSnapshot\": {\"ocrReviewMin\": 0.75, \"engineVersion\": \"PR08_EXIT_FLOW_V1\", \"ocrApproveMin\": 0.9, \"antiPassbackStaleSeconds\": 900, \"offlineHeartbeatAgeSeconds\": 300, \"degradedHeartbeatAgeSeconds\": 120, \"antiPassbackSameLaneDebounceSeconds\": 8}, \"queuedFromDecision\": true}','2026-03-11 10:35:32','2026-03-11 10:35:32');
/*!40000 ALTER TABLE `gate_manual_reviews` ENABLE KEYS */;
UNLOCK TABLES;

--
-- Table structure for table `gate_passage_sessions`
--

DROP TABLE IF EXISTS `gate_passage_sessions`;
/*!40101 SET @saved_cs_client     = @@character_set_client */;
/*!50503 SET character_set_client = utf8mb4 */;
CREATE TABLE `gate_passage_sessions` (
  `session_id` bigint NOT NULL AUTO_INCREMENT,
  `site_id` bigint NOT NULL,
  `lane_id` bigint NOT NULL,
  `direction` enum('ENTRY','EXIT') NOT NULL,
  `status` enum('OPEN','WAITING_READ','WAITING_DECISION','APPROVED','WAITING_PAYMENT','DENIED','PASSED','TIMEOUT','CANCELLED','ERROR') NOT NULL DEFAULT 'OPEN',
  `ticket_id` bigint DEFAULT NULL,
  `correlation_id` varchar(64) DEFAULT NULL,
  `opened_at` datetime NOT NULL DEFAULT CURRENT_TIMESTAMP,
  `last_read_at` datetime DEFAULT NULL,
  `resolved_at` datetime DEFAULT NULL,
  `closed_at` datetime DEFAULT NULL,
  `plate_compact` varchar(32) DEFAULT NULL,
  `rfid_uid` varchar(64) DEFAULT NULL,
  `presence_active` tinyint(1) NOT NULL DEFAULT '0',
  `review_required` tinyint(1) NOT NULL DEFAULT '0',
  `created_at` datetime NOT NULL DEFAULT CURRENT_TIMESTAMP,
  `updated_at` datetime NOT NULL DEFAULT CURRENT_TIMESTAMP ON UPDATE CURRENT_TIMESTAMP,
  PRIMARY KEY (`session_id`),
  KEY `fk_gate_sessions_lane` (`lane_id`),
  KEY `ix_gate_sessions_site_lane_status` (`site_id`,`lane_id`,`status`),
  KEY `ix_gate_sessions_site_opened` (`site_id`,`opened_at`),
  KEY `ix_gate_sessions_site_plate` (`site_id`,`plate_compact`),
  KEY `ix_gate_sessions_site_rfid` (`site_id`,`rfid_uid`),
  KEY `ix_gate_sessions_ticket` (`ticket_id`),
  KEY `ix_gate_sessions_corr` (`correlation_id`),
  CONSTRAINT `fk_gate_sessions_lane` FOREIGN KEY (`lane_id`) REFERENCES `gate_lanes` (`lane_id`),
  CONSTRAINT `fk_gate_sessions_site` FOREIGN KEY (`site_id`) REFERENCES `parking_sites` (`site_id`),
  CONSTRAINT `fk_gate_sessions_ticket` FOREIGN KEY (`ticket_id`) REFERENCES `tickets` (`ticket_id`)
) ENGINE=InnoDB AUTO_INCREMENT=20 DEFAULT CHARSET=utf8mb4 COLLATE=utf8mb4_0900_ai_ci;
/*!40101 SET character_set_client = @saved_cs_client */;

--
-- Dumping data for table `gate_passage_sessions`
--

LOCK TABLES `gate_passage_sessions` WRITE;
/*!40000 ALTER TABLE `gate_passage_sessions` DISABLE KEYS */;
INSERT INTO `gate_passage_sessions` VALUES (1,19,5,'ENTRY','TIMEOUT',NULL,'SITE_DN_01:GATE_01_ENTRY:1772875531822','2026-03-07 09:25:32','2026-03-07 09:25:32','2026-03-07 09:26:02','2026-03-07 09:26:02','68IB84315',NULL,1,0,'2026-03-07 09:25:32','2026-03-07 09:26:02'),(2,19,5,'ENTRY','TIMEOUT',NULL,'SITE_DN_01:GATE_01_ENTRY:1772875561500','2026-03-07 09:26:02','2026-03-07 09:26:02','2026-03-07 09:31:51','2026-03-07 09:31:51','15E341610',NULL,1,0,'2026-03-07 09:26:02','2026-03-07 09:31:51'),(3,19,5,'ENTRY','TIMEOUT',NULL,'SITE_DN_01:GATE_01_ENTRY:1772875910936','2026-03-07 09:31:51','2026-03-07 09:31:51','2026-03-07 09:54:40','2026-03-07 09:54:40','30LB14084',NULL,1,1,'2026-03-07 09:31:51','2026-03-07 09:54:40'),(4,19,8,'EXIT','PASSED',NULL,'SITE_DN_01:GATE_02_EXIT:1772875926954','2026-03-07 09:32:07','2026-03-07 09:55:04','2026-03-07 09:55:03','2026-03-07 09:55:04','18BZ50255',NULL,0,0,'2026-03-07 09:32:07','2026-03-07 09:55:04'),(5,19,5,'ENTRY','PASSED',NULL,'SITE_DN_01:GATE_01_ENTRY:1772877279739','2026-03-07 09:54:40','2026-03-07 09:55:00','2026-03-07 09:54:55','2026-03-07 09:55:00','64F959034',NULL,0,0,'2026-03-07 09:54:40','2026-03-07 09:55:00'),(6,19,5,'ENTRY','TIMEOUT',NULL,'SITE_DN_01:GATE_01_ENTRY:1772915851222','2026-03-07 20:37:31','2026-03-07 20:37:31','2026-03-07 20:39:25','2026-03-07 20:39:25','50KS27044',NULL,1,1,'2026-03-07 20:37:31','2026-03-07 20:39:25'),(7,19,5,'ENTRY','PASSED',98308,'SITE_DN_01:GATE_01_ENTRY:1772915965122','2026-03-07 20:39:25','2026-03-07 20:40:43','2026-03-07 20:40:40','2026-03-07 20:40:43','61LI69166',NULL,1,0,'2026-03-07 20:39:25','2026-03-07 20:40:43'),(8,19,5,'ENTRY','DENIED',98309,'SITE_DN_01:GATE_01_ENTRY:1772954390539','2026-03-08 07:19:51','2026-03-08 07:19:51','2026-03-08 07:19:51','2026-03-08 07:19:51','50AF66879',NULL,1,0,'2026-03-08 07:19:51','2026-03-08 07:19:51'),(9,2,4,'EXIT','WAITING_DECISION',NULL,'SITE_HCM_01:GATE_02_EXIT:1772954642246','2026-03-08 07:24:02','2026-03-08 07:24:02','2026-03-08 07:24:02',NULL,'50AF66879',NULL,1,1,'2026-03-08 07:24:02','2026-03-08 07:24:02'),(10,2,1,'ENTRY','DENIED',98310,'SITE_HCM_01:GATE_01_ENTRY:1772954657647','2026-03-08 07:24:18','2026-03-08 07:24:18','2026-03-08 07:24:18','2026-03-08 07:24:18','50AF66879',NULL,1,0,'2026-03-08 07:24:18','2026-03-08 07:24:18'),(11,19,5,'ENTRY','DENIED',98309,'SITE_DN_01:GATE_01_ENTRY:1772956375588','2026-03-08 07:52:56','2026-03-08 07:52:56','2026-03-08 07:52:56','2026-03-08 07:52:56','50AF66879',NULL,1,0,'2026-03-08 07:52:56','2026-03-08 07:52:56'),(12,19,5,'ENTRY','DENIED',98311,'SITE_DN_01:GATE_01_ENTRY:1772960141639','2026-03-08 08:55:42','2026-03-08 08:55:42','2026-03-08 08:55:42','2026-03-08 08:55:42','30AF66879',NULL,1,0,'2026-03-08 08:55:42','2026-03-08 08:55:42'),(13,19,5,'ENTRY','PASSED',98312,NULL,'2026-03-10 16:18:39','2026-03-10 17:50:06','2026-03-10 17:50:05','2026-03-10 17:50:06','99EI22268',NULL,1,0,'2026-03-10 16:18:39','2026-03-10 17:50:06'),(14,19,5,'ENTRY','WAITING_DECISION',NULL,NULL,'2026-03-11 10:35:32','2026-03-11 10:35:35','2026-03-11 10:35:35',NULL,'20AA56789',NULL,1,1,'2026-03-11 10:35:32','2026-03-11 10:35:35'),(15,2,1,'ENTRY','TIMEOUT',NULL,'pr13:1773248742415','2026-03-11 17:05:42','2026-03-11 17:05:42','2026-03-11 17:05:42','2026-03-11 17:11:02','51AI2345',NULL,1,1,'2026-03-12 00:05:42','2026-03-12 00:11:02'),(16,2,1,'ENTRY','TIMEOUT',NULL,'pr13:1773249062421','2026-03-11 17:11:02','2026-03-11 17:11:02','2026-03-11 17:11:02','2026-03-11 17:24:44','51AI2345',NULL,1,1,'2026-03-12 00:11:02','2026-03-12 00:24:44'),(17,2,1,'ENTRY','TIMEOUT',NULL,'pr13:1773249884606','2026-03-11 17:24:44','2026-03-11 17:24:44','2026-03-11 17:24:44','2026-03-11 17:32:23','51AI2345',NULL,1,1,'2026-03-12 00:24:44','2026-03-12 00:32:23'),(18,2,1,'ENTRY','TIMEOUT',NULL,'pr13:1773250343415','2026-03-11 17:32:23','2026-03-11 17:32:23','2026-03-11 17:32:23','2026-03-11 17:34:21','51AI2345',NULL,1,1,'2026-03-12 00:32:23','2026-03-12 00:34:21'),(19,2,1,'ENTRY','WAITING_DECISION',NULL,'pr13:1773250461186','2026-03-11 17:34:21','2026-03-11 17:34:45','2026-03-11 17:34:21',NULL,'51AI2345',NULL,1,1,'2026-03-12 00:34:21','2026-03-12 00:34:45');
/*!40000 ALTER TABLE `gate_passage_sessions` ENABLE KEYS */;
UNLOCK TABLES;

--
-- Table structure for table `gate_read_events`
--

DROP TABLE IF EXISTS `gate_read_events`;
/*!40101 SET @saved_cs_client     = @@character_set_client */;
/*!50503 SET character_set_client = utf8mb4 */;
CREATE TABLE `gate_read_events` (
  `read_event_id` bigint NOT NULL AUTO_INCREMENT,
  `session_id` bigint DEFAULT NULL,
  `site_id` bigint NOT NULL,
  `lane_id` bigint NOT NULL,
  `device_id` bigint NOT NULL,
  `read_type` enum('ALPR','RFID','SENSOR') NOT NULL,
  `direction` enum('ENTRY','EXIT') NOT NULL,
  `occurred_at` datetime NOT NULL DEFAULT CURRENT_TIMESTAMP,
  `plate_raw` varchar(32) DEFAULT NULL,
  `plate_compact` varchar(32) DEFAULT NULL,
  `rfid_uid` varchar(64) DEFAULT NULL,
  `sensor_state` enum('PRESENT','CLEARED','TRIGGERED') DEFAULT NULL,
  `payload_json` json DEFAULT NULL,
  `source_media_id` bigint DEFAULT NULL,
  `raw_ocr_text` text,
  `ocr_confidence` decimal(5,4) DEFAULT NULL,
  `camera_frame_ref` varchar(255) DEFAULT NULL,
  `crop_ref` varchar(255) DEFAULT NULL,
  `source_device_code` varchar(64) DEFAULT NULL,
  `source_capture_ts` datetime(3) DEFAULT NULL,
  `request_id` varchar(64) DEFAULT NULL,
  `idempotency_key` varchar(64) DEFAULT NULL,
  `created_at` datetime NOT NULL DEFAULT CURRENT_TIMESTAMP,
  PRIMARY KEY (`read_event_id`),
  UNIQUE KEY `uq_gate_reads_site_idem` (`site_id`,`idempotency_key`),
  KEY `fk_gate_reads_lane` (`lane_id`),
  KEY `ix_gate_reads_session` (`session_id`),
  KEY `ix_gate_reads_site_lane_time` (`site_id`,`lane_id`,`occurred_at`),
  KEY `ix_gate_reads_site_type_time` (`site_id`,`read_type`,`occurred_at`),
  KEY `ix_gate_reads_device_time` (`device_id`,`occurred_at`),
  KEY `ix_gate_reads_media` (`source_media_id`),
  KEY `ix_gate_reads_source_device_time` (`source_device_code`,`source_capture_ts`),
  CONSTRAINT `fk_gate_reads_device` FOREIGN KEY (`device_id`) REFERENCES `gate_devices` (`device_id`),
  CONSTRAINT `fk_gate_reads_lane` FOREIGN KEY (`lane_id`) REFERENCES `gate_lanes` (`lane_id`),
  CONSTRAINT `fk_gate_reads_session` FOREIGN KEY (`session_id`) REFERENCES `gate_passage_sessions` (`session_id`),
  CONSTRAINT `fk_gate_reads_site` FOREIGN KEY (`site_id`) REFERENCES `parking_sites` (`site_id`),
  CONSTRAINT `fk_gate_reads_source_media` FOREIGN KEY (`source_media_id`) REFERENCES `gate_read_media` (`media_id`)
) ENGINE=InnoDB AUTO_INCREMENT=34 DEFAULT CHARSET=utf8mb4 COLLATE=utf8mb4_0900_ai_ci;
/*!40101 SET character_set_client = @saved_cs_client */;

--
-- Dumping data for table `gate_read_events`
--

LOCK TABLES `gate_read_events` WRITE;
/*!40000 ALTER TABLE `gate_read_events` DISABLE KEYS */;
INSERT INTO `gate_read_events` VALUES (1,1,19,5,47,'ALPR','ENTRY','2026-03-07 09:25:32','68I-8843.15','68IB84315',NULL,'PRESENT','{\"source\": \"web.gate-page\", \"gateCode\": \"GATE_01\", \"imageUrl\": \"/uploads/20260307_092531_ef2d3b02.png\"}',NULL,NULL,NULL,NULL,NULL,'GATE_01_ENTRY_RFID','2026-03-07 09:25:32.000','ui_1772875531822_a4284e1c','session-read:ALPR:ui_1772875531822_6c5006a4','2026-03-07 09:25:32'),(2,2,19,5,47,'ALPR','ENTRY','2026-03-07 09:26:02','15E-3416.10','15E341610',NULL,'PRESENT','{\"source\": \"web.gate-page\", \"gateCode\": \"GATE_01\", \"imageUrl\": \"/uploads/20260307_092601_46705eab.png\"}',NULL,NULL,NULL,NULL,NULL,'GATE_01_ENTRY_RFID','2026-03-07 09:26:02.000','ui_1772875561500_bf5c13ef','session-read:ALPR:ui_1772875561500_7d55845f','2026-03-07 09:26:02'),(3,3,19,5,47,'ALPR','ENTRY','2026-03-07 09:31:51','30L-8140.84','30LB14084',NULL,'PRESENT','{\"source\": \"web.gate-page\", \"gateCode\": \"GATE_01\", \"imageUrl\": \"/uploads/20260307_093150_4ac8b217.png\"}',NULL,NULL,NULL,NULL,NULL,'GATE_01_ENTRY_RFID','2026-03-07 09:31:51.000','ui_1772875910936_6a811fa0','session-read:ALPR:ui_1772875910936_ac1cec8a','2026-03-07 09:31:51'),(4,4,19,8,59,'ALPR','EXIT','2026-03-07 09:32:07','18B-2502.55','18BZ50255',NULL,'PRESENT','{\"source\": \"web.gate-page\", \"gateCode\": \"GATE_02\", \"imageUrl\": \"/uploads/20260307_093206_43933d9d.png\"}',NULL,NULL,NULL,NULL,NULL,'GATE_02_EXIT_RFID','2026-03-07 09:32:07.000','ui_1772875926954_75c6a652','session-read:ALPR:ui_1772875926954_674323b8','2026-03-07 09:32:07'),(5,5,19,5,47,'ALPR','ENTRY','2026-03-07 09:54:40','64F-9590.34','64F959034',NULL,'PRESENT','{\"source\": \"web.gate-page\", \"gateCode\": \"GATE_01\", \"imageUrl\": \"/uploads/20260307_095439_45f50bcc.png\"}',NULL,NULL,NULL,NULL,NULL,'GATE_01_ENTRY_RFID','2026-03-07 09:54:40.000','ui_1772877279739_a040e41a','session-read:ALPR:ui_1772877279739_d5ea7502','2026-03-07 09:54:40'),(6,6,19,5,47,'SENSOR','ENTRY','2026-03-07 20:37:31',NULL,NULL,NULL,'PRESENT','{\"source\": \"web.gate-page\", \"gateCode\": \"GATE_01\", \"imageUrl\": \"/uploads/20260307_203731_399b815e.png\"}',NULL,NULL,NULL,NULL,NULL,NULL,NULL,'ui_1772915851222_19a7ae8e','session-read:SENSOR:ui_1772915851222_6efde2b1','2026-03-07 20:37:31'),(7,6,19,5,47,'ALPR','ENTRY','2026-03-07 20:37:31','50K-5270.44','50KS27044',NULL,NULL,'{\"source\": \"web.gate-page\", \"gateCode\": \"GATE_01\", \"laneCode\": \"GATE_01_ENTRY\", \"siteCode\": \"SITE_DN_01\", \"alprResult\": {\"raw\": {\"mode\": \"MOCK\", \"imageUrl\": \"/uploads/20260307_203731_399b815e.png\", \"authoritative\": \"BACKEND\"}, \"plate\": \"50K-5270.44\", \"confidence\": 0.92}, \"capturedAt\": \"2026-03-07T20:37:31.254Z\", \"deviceCode\": \"GATE_01_ENTRY_RFID\", \"plateEngine\": {\"compare\": {\"alprPlate\": \"50K-5270.44\", \"licensePlateRaw\": \"50K-5270.44\"}, \"plateRaw\": \"50K-5270.44\", \"authority\": \"BACKEND\", \"plateFamily\": \"DOMESTIC\", \"plateCompact\": \"50KS27044\", \"plateDisplay\": \"50-KS 270.44\", \"plateValidity\": \"REVIEW\", \"reviewRequired\": true, \"sourcePlateRaw\": \"50K-5270.44\", \"suspiciousFlags\": [], \"validationNotes\": [\"Có OCR substitution; backend sẽ quyết định authoritative.\"], \"ocrSubstitutions\": [\"5→S@series\"]}, \"uploadFilename\": \"20260307_203731_399b815e.png\", \"legacyEventAdapter\": true}',NULL,NULL,0.9200,NULL,NULL,NULL,NULL,'legacy-ui_1772915851254_dbe18d59','session-read:ALPR:legacy-entry:ui_1772915851254_dbe18d59','2026-03-07 20:37:31'),(8,6,19,5,47,'ALPR','ENTRY','2026-03-07 20:37:31','50K-5270.44','50KS27044',NULL,NULL,'null',NULL,NULL,0.9200,NULL,NULL,NULL,NULL,'ui_1772915851320_3c6a8b12','session-read:ALPR:ui_1772915851320_f82fc03f','2026-03-07 20:37:31'),(9,7,19,5,47,'SENSOR','ENTRY','2026-03-07 20:39:25',NULL,NULL,NULL,'PRESENT','{\"source\": \"web.gate-page\", \"gateCode\": \"GATE_01\", \"imageUrl\": \"/uploads/20260307_203925_12208cc0.png\"}',NULL,NULL,NULL,NULL,NULL,NULL,NULL,'ui_1772915965122_e671c314','session-read:SENSOR:ui_1772915965122_e0a0f4f2','2026-03-07 20:39:25'),(10,7,19,5,47,'ALPR','ENTRY','2026-03-07 20:39:25','61L-1691.66','61LI69166',NULL,NULL,'{\"source\": \"web.gate-page\", \"gateCode\": \"GATE_01\", \"laneCode\": \"GATE_01_ENTRY\", \"siteCode\": \"SITE_DN_01\", \"alprResult\": {\"raw\": {\"mode\": \"MOCK\", \"imageUrl\": \"/uploads/20260307_203925_12208cc0.png\", \"authoritative\": \"BACKEND\"}, \"plate\": \"61L-1691.66\", \"confidence\": 0.92}, \"capturedAt\": \"2026-03-07T20:39:25.142Z\", \"deviceCode\": \"GATE_01_ENTRY_RFID\", \"plateEngine\": {\"compare\": {\"alprPlate\": \"61L-1691.66\", \"licensePlateRaw\": \"61L-1691.66\"}, \"plateRaw\": \"61L-1691.66\", \"authority\": \"BACKEND\", \"plateFamily\": \"DOMESTIC\", \"plateCompact\": \"61LI69166\", \"plateDisplay\": \"61-LI 691.66\", \"plateValidity\": \"REVIEW\", \"reviewRequired\": true, \"sourcePlateRaw\": \"61L-1691.66\", \"suspiciousFlags\": [], \"validationNotes\": [\"Có OCR substitution; backend sẽ quyết định authoritative.\"], \"ocrSubstitutions\": [\"1→I@series\"]}, \"uploadFilename\": \"20260307_203925_12208cc0.png\", \"legacyEventAdapter\": true}',NULL,NULL,0.9200,NULL,NULL,NULL,NULL,'legacy-ui_1772915965142_584e06bd','session-read:ALPR:legacy-entry:ui_1772915965142_584e06bd','2026-03-07 20:39:25'),(11,7,19,5,47,'ALPR','ENTRY','2026-03-07 20:39:25','61L-1691.66','61LI69166',NULL,NULL,'null',NULL,NULL,0.9200,NULL,NULL,NULL,NULL,'ui_1772915965168_d10c94d3','session-read:ALPR:ui_1772915965168_b8dab263','2026-03-07 20:39:25'),(12,8,19,5,47,'SENSOR','ENTRY','2026-03-08 07:19:51',NULL,NULL,NULL,'PRESENT','{\"source\": \"web.gate-page\", \"gateCode\": \"GATE_01\", \"imageUrl\": \"/uploads/20260308_071950_d277fd82.png\"}',NULL,NULL,NULL,NULL,NULL,NULL,NULL,'ui_1772954390539_cc04ec66','session-read:SENSOR:ui_1772954390539_ac85c15c','2026-03-08 07:19:51'),(13,8,19,5,47,'ALPR','ENTRY','2026-03-08 07:19:51','50-AF 668.79','50AF66879',NULL,NULL,'{\"source\": \"web.gate-page\", \"gateCode\": \"GATE_01\", \"laneCode\": \"GATE_01_ENTRY\", \"siteCode\": \"SITE_DN_01\", \"alprResult\": {\"raw\": {\"mode\": \"PLATE_HINT\", \"rawText\": null, \"imageUrl\": \"/uploads/20260308_071950_d277fd82.png\", \"imagePath\": null, \"authoritative\": \"BACKEND\", \"originalFilename\": null}, \"plate\": \"50-AF 668.79\", \"confidence\": 0.99}, \"capturedAt\": \"2026-03-08T07:19:50.567Z\", \"deviceCode\": \"GATE_01_ENTRY_RFID\", \"plateEngine\": {\"compare\": {\"alprPlate\": \"50-AF 668.79\", \"licensePlateRaw\": \"50-AF 668.79\"}, \"plateRaw\": \"50-AF 668.79\", \"authority\": \"BACKEND\", \"plateFamily\": \"DOMESTIC\", \"plateCompact\": \"50AF66879\", \"plateDisplay\": \"50-AF 668.79\", \"plateValidity\": \"STRICT_VALID\", \"reviewRequired\": false, \"sourcePlateRaw\": \"50-AF 668.79\", \"suspiciousFlags\": [], \"validationNotes\": [], \"ocrSubstitutions\": []}, \"uploadFilename\": \"20260308_071950_d277fd82.png\", \"legacyEventAdapter\": true}',NULL,NULL,0.9900,NULL,NULL,NULL,NULL,'legacy-ui_1772954390567_71d4a222','session-read:ALPR:legacy-entry:ui_1772954390567_71d4a222','2026-03-08 07:19:51'),(14,8,19,5,47,'ALPR','ENTRY','2026-03-08 07:19:51','50-AF 668.79','50AF66879',NULL,NULL,'null',NULL,NULL,0.9900,NULL,NULL,NULL,NULL,'ui_1772954390661_a4ecdcf3','session-read:ALPR:ui_1772954390661_9141b888','2026-03-08 07:19:51'),(15,9,2,4,43,'SENSOR','EXIT','2026-03-08 07:24:02',NULL,NULL,NULL,'PRESENT','{\"source\": \"web.gate-page\", \"gateCode\": \"GATE_02\", \"imageUrl\": \"/uploads/20260308_072402_eba17de6.png\"}',NULL,NULL,NULL,NULL,NULL,NULL,NULL,'ui_1772954642246_7560823a','session-read:SENSOR:ui_1772954642246_d4db0401','2026-03-08 07:24:02'),(16,9,2,4,43,'ALPR','EXIT','2026-03-08 07:24:02','50-AF 668.79','50AF66879',NULL,NULL,'{\"source\": \"web.gate-page\", \"gateCode\": \"GATE_02\", \"laneCode\": \"GATE_02_EXIT\", \"siteCode\": \"SITE_HCM_01\", \"alprResult\": {\"raw\": {\"mode\": \"PLATE_HINT\", \"rawText\": null, \"imageUrl\": \"/uploads/20260308_072402_eba17de6.png\", \"imagePath\": null, \"authoritative\": \"BACKEND\", \"originalFilename\": null}, \"plate\": \"50-AF 668.79\", \"confidence\": 0.99}, \"capturedAt\": \"2026-03-08T07:24:02.295Z\", \"deviceCode\": \"GATE_02_EXIT_RFID\", \"plateEngine\": {\"compare\": {\"alprPlate\": \"50-AF 668.79\", \"licensePlateRaw\": \"50-AF 668.79\"}, \"plateRaw\": \"50-AF 668.79\", \"authority\": \"BACKEND\", \"plateFamily\": \"DOMESTIC\", \"plateCompact\": \"50AF66879\", \"plateDisplay\": \"50-AF 668.79\", \"plateValidity\": \"STRICT_VALID\", \"reviewRequired\": false, \"sourcePlateRaw\": \"50-AF 668.79\", \"suspiciousFlags\": [], \"validationNotes\": [], \"ocrSubstitutions\": []}, \"uploadFilename\": \"20260308_072402_eba17de6.png\", \"legacyEventAdapter\": true}',NULL,NULL,0.9900,NULL,NULL,NULL,NULL,'legacy-ui_1772954642295_71a0f9a0','session-read:ALPR:legacy-exit:ui_1772954642295_71a0f9a0','2026-03-08 07:24:02'),(17,9,2,4,43,'ALPR','EXIT','2026-03-08 07:24:02','50-AF 668.79','50AF66879',NULL,NULL,'null',NULL,NULL,0.9900,NULL,NULL,NULL,NULL,'ui_1772954642369_3b1d713c','session-read:ALPR:ui_1772954642369_85ab419e','2026-03-08 07:24:02'),(18,10,2,1,31,'SENSOR','ENTRY','2026-03-08 07:24:18',NULL,NULL,NULL,'PRESENT','{\"source\": \"web.gate-page\", \"gateCode\": \"GATE_01\", \"imageUrl\": \"/uploads/20260308_072417_4145a67e.png\"}',NULL,NULL,NULL,NULL,NULL,NULL,NULL,'ui_1772954657647_6bc5c3aa','session-read:SENSOR:ui_1772954657647_60014b1c','2026-03-08 07:24:18'),(19,10,2,1,31,'ALPR','ENTRY','2026-03-08 07:24:18','50-AF 668.79','50AF66879',NULL,NULL,'{\"source\": \"web.gate-page\", \"gateCode\": \"GATE_01\", \"laneCode\": \"GATE_01_ENTRY\", \"siteCode\": \"SITE_HCM_01\", \"alprResult\": {\"raw\": {\"mode\": \"PLATE_HINT\", \"rawText\": null, \"imageUrl\": \"/uploads/20260308_072417_4145a67e.png\", \"imagePath\": null, \"authoritative\": \"BACKEND\", \"originalFilename\": null}, \"plate\": \"50-AF 668.79\", \"confidence\": 0.99}, \"capturedAt\": \"2026-03-08T07:24:17.668Z\", \"deviceCode\": \"GATE_01_ENTRY_RFID\", \"plateEngine\": {\"compare\": {\"alprPlate\": \"50-AF 668.79\", \"licensePlateRaw\": \"50-AF 668.79\"}, \"plateRaw\": \"50-AF 668.79\", \"authority\": \"BACKEND\", \"plateFamily\": \"DOMESTIC\", \"plateCompact\": \"50AF66879\", \"plateDisplay\": \"50-AF 668.79\", \"plateValidity\": \"STRICT_VALID\", \"reviewRequired\": false, \"sourcePlateRaw\": \"50-AF 668.79\", \"suspiciousFlags\": [], \"validationNotes\": [], \"ocrSubstitutions\": []}, \"uploadFilename\": \"20260308_072417_4145a67e.png\", \"legacyEventAdapter\": true}',NULL,NULL,0.9900,NULL,NULL,NULL,NULL,'legacy-ui_1772954657668_a80e2547','session-read:ALPR:legacy-entry:ui_1772954657668_a80e2547','2026-03-08 07:24:18'),(20,10,2,1,31,'ALPR','ENTRY','2026-03-08 07:24:18','50-AF 668.79','50AF66879',NULL,NULL,'null',NULL,NULL,0.9900,NULL,NULL,NULL,NULL,'ui_1772954657715_79b90563','session-read:ALPR:ui_1772954657715_5e52771f','2026-03-08 07:24:18'),(21,11,19,5,47,'SENSOR','ENTRY','2026-03-08 07:52:56',NULL,NULL,NULL,'PRESENT','{\"source\": \"web.gate-page\", \"gateCode\": \"GATE_01\", \"imageUrl\": \"/uploads/20260308_075255_15144963.png\"}',1,NULL,NULL,NULL,NULL,NULL,NULL,'ui_1772956375588_971ccd63','session-read:SENSOR:ui_1772956375588_a10ac75e','2026-03-08 07:52:56'),(22,11,19,5,47,'ALPR','ENTRY','2026-03-08 07:52:56','50-af 668.79','50AF66879',NULL,NULL,'null',NULL,NULL,0.9900,NULL,NULL,NULL,NULL,'ui_1772956375648_f831b8f9','session-read:ALPR:ui_1772956375648_4ad8512e','2026-03-08 07:52:56'),(23,12,19,5,47,'SENSOR','ENTRY','2026-03-08 08:55:42',NULL,NULL,NULL,'PRESENT','{\"source\": \"web.gate-page\", \"gateCode\": \"GATE_01\", \"imageUrl\": \"/uploads/20260308_085540_bed4b143.png\"}',2,NULL,NULL,NULL,NULL,NULL,NULL,'ui_1772960141638_f10f2e4b','session-read:SENSOR:ui_1772960141638_6b1d4e6e','2026-03-08 08:55:42'),(24,12,19,5,47,'ALPR','ENTRY','2026-03-08 08:55:42','30-AF 668.79','30AF66879',NULL,NULL,'{\"source\": \"web.gate-page\", \"gateCode\": \"GATE_01\", \"laneCode\": \"GATE_01_ENTRY\", \"siteCode\": \"SITE_DN_01\", \"alprResult\": {\"raw\": {\"mode\": \"TESSERACT\", \"rawText\": \"30-AF\\r\\n\\r\\n668.79\", \"imageUrl\": \"/uploads/20260308_085540_bed4b143.png\", \"imagePath\": \"C:\\\\Users\\\\ADMIN\\\\Desktop\\\\Parkly\\\\parkly\\\\apps\\\\api\\\\uploads\\\\20260308_085540_bed4b143.png\", \"authoritative\": \"BACKEND\", \"originalFilename\": \"20260308_085540_bed4b143.png\"}, \"plate\": \"30-AF 668.79\", \"confidence\": 0.94}, \"capturedAt\": \"2026-03-08T08:55:41.912Z\", \"deviceCode\": \"GATE_01_ENTRY_RFID\", \"plateEngine\": {\"compare\": {\"alprPlate\": \"30-AF 668.79\", \"licensePlateRaw\": \"30-AF 668.79\"}, \"plateRaw\": \"30-AF 668.79\", \"authority\": \"BACKEND\", \"plateFamily\": \"DOMESTIC\", \"plateCompact\": \"30AF66879\", \"plateDisplay\": \"30-AF 668.79\", \"plateValidity\": \"STRICT_VALID\", \"reviewRequired\": false, \"sourcePlateRaw\": \"30-AF 668.79\", \"suspiciousFlags\": [], \"validationNotes\": [], \"ocrSubstitutions\": []}, \"uploadFilename\": \"20260308_085540_bed4b143.png\", \"legacyEventAdapter\": true}',NULL,NULL,0.9400,NULL,NULL,'GATE_01_ENTRY_RFID','2026-03-08 08:55:41.000','legacy-ui_1772960141912_e1ba50f7','session-read:ALPR:legacy-entry:ui_1772960141912_e1ba50f7','2026-03-08 08:55:42'),(25,12,19,5,47,'ALPR','ENTRY','2026-03-08 08:55:42','30-AF 668.79','30AF66879',NULL,NULL,'null',NULL,NULL,0.9400,NULL,NULL,NULL,NULL,'ui_1772960141991_0ae5a900','session-read:ALPR:ui_1772960141991_9ae5e0e3','2026-03-08 08:55:42'),(26,13,19,5,46,'ALPR','ENTRY','2026-03-10 16:18:39','99E1 222.68','99EI22268',NULL,NULL,'{\"fileName\": \"image_2026-03-10_231819236.png\", \"imageUrl\": \"/uploads/20260310_161819_4f6916df.png\", \"laneFlow\": {\"source\": \"LANE_FLOW_SUBMIT\", \"auditSnapshot\": {\"confidence\": 0, \"needsConfirm\": false, \"softenedFrom\": null, \"decisionPolicy\": \"MANUAL_CONFIRMED\", \"recognizedPlate\": null, \"decisionPlateRaw\": \"99E1 222.68\", \"authoritativeSource\": \"PLATE_CONFIRMED\", \"appliedPreviewStatus\": \"REVIEW\", \"authoritativePlateRaw\": \"99E1 222.68\", \"originalPreviewStatus\": \"INVALID\"}, \"decisionPolicy\": \"MANUAL_CONFIRMED\", \"authoritativeSource\": \"PLATE_CONFIRMED\"}, \"sourceMode\": \"manual_override\", \"plateConfirmed\": \"99E1 222.68\", \"localPreviewUrl\": \"blob:http://localhost:5173/d24f15c7-8a74-4ae2-b5ce-85fa0a8c4525\", \"previewSnapshot\": {\"raw\": {\"mode\": \"LOCAL_OCR\", \"rawText\": \"277 E0\", \"attempts\": 8, \"cacheHit\": null, \"imageUrl\": \"/uploads/20260310_161819_4f6916df.png\", \"imagePath\": \"C:\\\\Users\\\\ADMIN\\\\Desktop\\\\Parkly\\\\parkly\\\\apps\\\\api\\\\uploads\\\\20260310_161819_4f6916df.png\", \"latencyMs\": 2960, \"authoritative\": \"BACKEND\", \"failureReason\": \"OCR_INVALID_CANDIDATE\", \"providerTrace\": [{\"called\": true, \"reason\": null, \"status\": \"SUCCESS\", \"provider\": \"LOCAL\", \"latencyMs\": 2960}], \"originalFilename\": \"20260310_161819_4f6916df.png\"}, \"winner\": null, \"confidence\": 0, \"previewStatus\": \"INVALID\", \"recognizedPlate\": \"\"}}',NULL,NULL,0.0000,NULL,NULL,NULL,NULL,'run_lane_submit_1773159518545_cb08baaa','session-read:ALPR:run_lane_submit_idem_1773159518545_6035b87a','2026-03-10 16:18:39'),(27,14,19,5,46,'ALPR','ENTRY','2026-03-11 10:35:32','20-AA 567.89','20AA56789',NULL,NULL,'{\"fileName\": \"image_2026-03-11_173503504.png\", \"imageUrl\": \"/uploads/20260311_103503_dc4ccc35.png\", \"laneFlow\": {\"source\": \"LANE_FLOW_SUBMIT\", \"auditSnapshot\": {\"confidence\": 0, \"needsConfirm\": false, \"softenedFrom\": null, \"decisionPolicy\": \"MANUAL_CONFIRMED\", \"recognizedPlate\": null, \"decisionPlateRaw\": \"20-AA 567.89\", \"authoritativeSource\": \"PLATE_CONFIRMED\", \"appliedPreviewStatus\": \"STRICT_VALID\", \"authoritativePlateRaw\": \"20-AA 567.89\", \"originalPreviewStatus\": \"INVALID\"}, \"decisionPolicy\": \"MANUAL_CONFIRMED\", \"authoritativeSource\": \"PLATE_CONFIRMED\"}, \"sourceMode\": \"manual_override\", \"plateConfirmed\": \"20-AA 567.89\", \"localPreviewUrl\": \"blob:http://localhost:5173/efb274ce-13d9-488c-8c21-b83385605ca0\", \"previewSnapshot\": {\"raw\": {\"mode\": \"LOCAL_OCR\", \"rawText\": \"Ati\\r\\n\\r\\nXã\", \"attempts\": 8, \"cacheHit\": null, \"imageUrl\": \"/uploads/20260311_103503_dc4ccc35.png\", \"imagePath\": \"C:\\\\Users\\\\ADMIN\\\\Desktop\\\\Parkly\\\\parkly\\\\apps\\\\api\\\\uploads\\\\20260311_103503_dc4ccc35.png\", \"latencyMs\": 1854, \"authoritative\": \"BACKEND\", \"failureReason\": \"OCR_INVALID_CANDIDATE\", \"providerTrace\": [{\"called\": true, \"reason\": null, \"status\": \"SUCCESS\", \"provider\": \"LOCAL\", \"latencyMs\": 1854}], \"originalFilename\": \"20260311_103503_dc4ccc35.png\"}, \"winner\": null, \"confidence\": 0, \"previewStatus\": \"INVALID\", \"recognizedPlate\": \"\"}}',NULL,NULL,0.0000,NULL,NULL,NULL,NULL,'run_lane_submit_1773225332193_dc42be0a','session-read:ALPR:run_lane_submit_idem_1773225332193_8d82a9e6','2026-03-11 10:35:32'),(28,14,19,5,46,'ALPR','ENTRY','2026-03-11 10:35:35','20-AA 567.89','20AA56789',NULL,NULL,'{\"fileName\": \"image_2026-03-11_173503504.png\", \"imageUrl\": \"/uploads/20260311_103503_dc4ccc35.png\", \"laneFlow\": {\"source\": \"LANE_FLOW_SUBMIT\", \"auditSnapshot\": {\"confidence\": 0, \"needsConfirm\": false, \"softenedFrom\": null, \"decisionPolicy\": \"MANUAL_CONFIRMED\", \"recognizedPlate\": null, \"decisionPlateRaw\": \"20-AA 567.89\", \"authoritativeSource\": \"PLATE_CONFIRMED\", \"appliedPreviewStatus\": \"STRICT_VALID\", \"authoritativePlateRaw\": \"20-AA 567.89\", \"originalPreviewStatus\": \"INVALID\"}, \"decisionPolicy\": \"MANUAL_CONFIRMED\", \"authoritativeSource\": \"PLATE_CONFIRMED\"}, \"sourceMode\": \"manual_override\", \"plateConfirmed\": \"20-AA 567.89\", \"localPreviewUrl\": \"blob:http://localhost:5173/efb274ce-13d9-488c-8c21-b83385605ca0\", \"previewSnapshot\": {\"raw\": {\"mode\": \"LOCAL_OCR\", \"rawText\": \"Ati\\r\\n\\r\\nXã\", \"attempts\": 8, \"cacheHit\": null, \"imageUrl\": \"/uploads/20260311_103503_dc4ccc35.png\", \"imagePath\": \"C:\\\\Users\\\\ADMIN\\\\Desktop\\\\Parkly\\\\parkly\\\\apps\\\\api\\\\uploads\\\\20260311_103503_dc4ccc35.png\", \"latencyMs\": 1854, \"authoritative\": \"BACKEND\", \"failureReason\": \"OCR_INVALID_CANDIDATE\", \"providerTrace\": [{\"called\": true, \"reason\": null, \"status\": \"SUCCESS\", \"provider\": \"LOCAL\", \"latencyMs\": 1854}], \"originalFilename\": \"20260311_103503_dc4ccc35.png\"}, \"winner\": null, \"confidence\": 0, \"previewStatus\": \"INVALID\", \"recognizedPlate\": \"\"}}',NULL,NULL,0.0000,NULL,NULL,NULL,NULL,'run_lane_submit_1773225335148_bc2acfdb','session-read:ALPR:run_lane_submit_idem_1773225335148_578e7acc','2026-03-11 10:35:35'),(29,18,2,1,30,'ALPR','ENTRY','2026-03-11 17:32:23','51A12345','51AI2345',NULL,NULL,'{\"source\": \"CAPTURE_API\", \"imageUrl\": \"http://127.0.0.1:9000/parkly-media/gate-media/2026/03/11/SITE_HCM_01/GATE_01_ENTRY/SITE_HCM_01_GATE_01_ENTRY_GATE_01_ENTRY_CAMERA_1826a426-c8a.png?X-Amz-Algorithm=AWS4-HMAC-SHA256&X-Amz-Content-Sha256=UNSIGNED-PAYLOAD&X-Amz-Credential=minioadmin%2F20260311%2Fus-east-1%2Fs3%2Faws4_request&X-Amz-Date=20260311T173223Z&X-Amz-Expires=2&X-Amz-Signature=cdb5f003e958aae3bf57b3c3fa199cd77926ddd309a2b548f30e4df79f649acb&X-Amz-SignedHeaders=host&x-amz-checksum-mode=ENABLED&x-id=GetObject\", \"rawPayload\": {\"source\": \"PR13_TEST\"}, \"plateEngine\": {\"plateRaw\": \"51A12345\", \"authority\": \"BACKEND\", \"plateFamily\": \"DOMESTIC\", \"plateCompact\": \"51AI2345\", \"plateDisplay\": \"51-AI 23.45\", \"plateValidity\": \"REVIEW\", \"reviewRequired\": true, \"suspiciousFlags\": [], \"validationNotes\": [\"Có OCR substitution; backend sẽ quyết định authoritative.\"], \"ocrSubstitutions\": [\"1→I@series\"]}, \"sourceMediaId\": \"6\"}',6,NULL,0.9900,NULL,NULL,'GATE_01_ENTRY_CAMERA','2026-03-11 17:32:23.000','pr13:1773250343415','pr13:1773250343415:minio','2026-03-12 00:32:23'),(30,19,2,1,30,'ALPR','ENTRY','2026-03-11 17:34:21','51A12345','51AI2345',NULL,NULL,'{\"source\": \"CAPTURE_API\", \"imageUrl\": \"http://127.0.0.1:9000/parkly-media/gate-media/2026/03/11/SITE_HCM_01/GATE_01_ENTRY/SITE_HCM_01_GATE_01_ENTRY_GATE_01_ENTRY_CAMERA_7b68b37c-e66.png?X-Amz-Algorithm=AWS4-HMAC-SHA256&X-Amz-Content-Sha256=UNSIGNED-PAYLOAD&X-Amz-Credential=minioadmin%2F20260311%2Fus-east-1%2Fs3%2Faws4_request&X-Amz-Date=20260311T173421Z&X-Amz-Expires=2&X-Amz-Signature=f4ea6d730228cb34b64e88904ef263a664cd4a40bb74e7f2bb8a8238ceddbf03&X-Amz-SignedHeaders=host&x-amz-checksum-mode=ENABLED&x-id=GetObject\", \"rawPayload\": {\"source\": \"PR13_TEST\"}, \"plateEngine\": {\"plateRaw\": \"51A12345\", \"authority\": \"BACKEND\", \"plateFamily\": \"DOMESTIC\", \"plateCompact\": \"51AI2345\", \"plateDisplay\": \"51-AI 23.45\", \"plateValidity\": \"REVIEW\", \"reviewRequired\": true, \"suspiciousFlags\": [], \"validationNotes\": [\"Có OCR substitution; backend sẽ quyết định authoritative.\"], \"ocrSubstitutions\": [\"1→I@series\"]}, \"sourceMediaId\": \"7\"}',7,NULL,0.9900,NULL,NULL,'GATE_01_ENTRY_CAMERA','2026-03-11 17:34:21.000','pr13:1773250461186','pr13:1773250461186:minio','2026-03-12 00:34:21'),(31,19,2,1,30,'ALPR','ENTRY','2026-03-11 17:34:28','51A12345','51AI2345',NULL,NULL,'{\"source\": \"CAPTURE_API\", \"imageUrl\": \"http://127.0.0.1:9000/parkly-media/gate-media/2026/03/11/SITE_HCM_01/GATE_01_ENTRY/SITE_HCM_01_GATE_01_ENTRY_GATE_01_ENTRY_CAMERA_6c2c67c3-6a9.png?X-Amz-Algorithm=AWS4-HMAC-SHA256&X-Amz-Content-Sha256=UNSIGNED-PAYLOAD&X-Amz-Credential=minioadmin%2F20260311%2Fus-east-1%2Fs3%2Faws4_request&X-Amz-Date=20260311T173428Z&X-Amz-Expires=2&X-Amz-Signature=eb340e5b6939e1299e73901b962e98359cbb4963fecbba2b8edb2040fcaaf892&X-Amz-SignedHeaders=host&x-amz-checksum-mode=ENABLED&x-id=GetObject\", \"rawPayload\": {\"source\": \"PR13_TEST\"}, \"plateEngine\": {\"plateRaw\": \"51A12345\", \"authority\": \"BACKEND\", \"plateFamily\": \"DOMESTIC\", \"plateCompact\": \"51AI2345\", \"plateDisplay\": \"51-AI 23.45\", \"plateValidity\": \"REVIEW\", \"reviewRequired\": true, \"suspiciousFlags\": [], \"validationNotes\": [\"Có OCR substitution; backend sẽ quyết định authoritative.\"], \"ocrSubstitutions\": [\"1→I@series\"]}, \"sourceMediaId\": \"8\"}',8,NULL,0.9900,NULL,NULL,'GATE_01_ENTRY_CAMERA','2026-03-11 17:34:28.000','pr13:1773250468058','pr13:1773250468058:minio','2026-03-12 00:34:28'),(32,19,2,1,30,'ALPR','ENTRY','2026-03-11 17:34:29','51A12345','51AI2345',NULL,NULL,'{\"source\": \"CAPTURE_API\", \"imageUrl\": \"http://127.0.0.1:9000/parkly-media/gate-media/2026/03/11/SITE_HCM_01/GATE_01_ENTRY/SITE_HCM_01_GATE_01_ENTRY_GATE_01_ENTRY_CAMERA_511ed565-f6f.png?X-Amz-Algorithm=AWS4-HMAC-SHA256&X-Amz-Content-Sha256=UNSIGNED-PAYLOAD&X-Amz-Credential=minioadmin%2F20260311%2Fus-east-1%2Fs3%2Faws4_request&X-Amz-Date=20260311T173429Z&X-Amz-Expires=2&X-Amz-Signature=22d61b18908c0992d6415554982e0c3b7fc90d57ca5e56b257c67fc95462701e&X-Amz-SignedHeaders=host&x-amz-checksum-mode=ENABLED&x-id=GetObject\", \"rawPayload\": {\"source\": \"PR13_TEST\"}, \"plateEngine\": {\"plateRaw\": \"51A12345\", \"authority\": \"BACKEND\", \"plateFamily\": \"DOMESTIC\", \"plateCompact\": \"51AI2345\", \"plateDisplay\": \"51-AI 23.45\", \"plateValidity\": \"REVIEW\", \"reviewRequired\": true, \"suspiciousFlags\": [], \"validationNotes\": [\"Có OCR substitution; backend sẽ quyết định authoritative.\"], \"ocrSubstitutions\": [\"1→I@series\"]}, \"sourceMediaId\": \"9\"}',9,NULL,0.9900,NULL,NULL,'GATE_01_ENTRY_CAMERA','2026-03-11 17:34:29.000','pr13:1773250469766','pr13:1773250469766:minio','2026-03-12 00:34:29'),(33,19,2,1,30,'ALPR','ENTRY','2026-03-11 17:34:45','51A12345','51AI2345',NULL,NULL,'{\"source\": \"CAPTURE_API\", \"imageUrl\": \"http://127.0.0.1:9000/parkly-media/gate-media/2026/03/11/SITE_HCM_01/GATE_01_ENTRY/SITE_HCM_01_GATE_01_ENTRY_GATE_01_ENTRY_CAMERA_676b2da7-c72.png?X-Amz-Algorithm=AWS4-HMAC-SHA256&X-Amz-Content-Sha256=UNSIGNED-PAYLOAD&X-Amz-Credential=minioadmin%2F20260311%2Fus-east-1%2Fs3%2Faws4_request&X-Amz-Date=20260311T173445Z&X-Amz-Expires=2&X-Amz-Signature=d548aa961e9021a37de4ab698a4abf98ee99a3031b8d088afcd957209e7d5a5a&X-Amz-SignedHeaders=host&x-amz-checksum-mode=ENABLED&x-id=GetObject\", \"rawPayload\": {\"source\": \"PR13_TEST\"}, \"plateEngine\": {\"plateRaw\": \"51A12345\", \"authority\": \"BACKEND\", \"plateFamily\": \"DOMESTIC\", \"plateCompact\": \"51AI2345\", \"plateDisplay\": \"51-AI 23.45\", \"plateValidity\": \"REVIEW\", \"reviewRequired\": true, \"suspiciousFlags\": [], \"validationNotes\": [\"Có OCR substitution; backend sẽ quyết định authoritative.\"], \"ocrSubstitutions\": [\"1→I@series\"]}, \"sourceMediaId\": \"10\"}',10,NULL,0.9900,NULL,NULL,'GATE_01_ENTRY_CAMERA','2026-03-11 17:34:45.000','pr13:1773250485047','pr13:1773250485047:minio','2026-03-12 00:34:45');
/*!40000 ALTER TABLE `gate_read_events` ENABLE KEYS */;
UNLOCK TABLES;

--
-- Table structure for table `gate_read_media`
--

DROP TABLE IF EXISTS `gate_read_media`;
/*!40101 SET @saved_cs_client     = @@character_set_client */;
/*!50503 SET character_set_client = utf8mb4 */;
CREATE TABLE `gate_read_media` (
  `media_id` bigint NOT NULL AUTO_INCREMENT,
  `site_id` bigint NOT NULL,
  `lane_id` bigint DEFAULT NULL,
  `device_id` bigint DEFAULT NULL,
  `storage_kind` enum('UPLOAD','URL','INLINE','MOCK','UNKNOWN') NOT NULL DEFAULT 'UNKNOWN',
  `storage_provider` varchar(32) NOT NULL DEFAULT 'LOCAL',
  `media_url` varchar(1024) DEFAULT NULL,
  `file_path` varchar(1024) DEFAULT NULL,
  `bucket_name` varchar(255) DEFAULT NULL,
  `object_key` varchar(1024) DEFAULT NULL,
  `object_etag` varchar(255) DEFAULT NULL,
  `mime_type` varchar(128) DEFAULT NULL,
  `sha256` varchar(64) DEFAULT NULL,
  `width_px` int DEFAULT NULL,
  `height_px` int DEFAULT NULL,
  `metadata_json` json DEFAULT NULL,
  `captured_at` datetime DEFAULT NULL,
  `created_at` datetime NOT NULL DEFAULT CURRENT_TIMESTAMP,
  PRIMARY KEY (`media_id`),
  KEY `fk_gate_read_media_device` (`device_id`),
  KEY `ix_gate_read_media_site_created` (`site_id`,`created_at`),
  KEY `ix_gate_read_media_site_device_time` (`site_id`,`device_id`,`captured_at`),
  KEY `ix_gate_read_media_lane_time` (`lane_id`,`captured_at`),
  KEY `ix_gate_read_media_sha256` (`sha256`),
  KEY `ix_gate_read_media_bucket_key` (`bucket_name`,`object_key`(255)),
  KEY `ix_gate_read_media_provider` (`storage_provider`,`created_at`),
  CONSTRAINT `fk_gate_read_media_device` FOREIGN KEY (`device_id`) REFERENCES `gate_devices` (`device_id`),
  CONSTRAINT `fk_gate_read_media_lane` FOREIGN KEY (`lane_id`) REFERENCES `gate_lanes` (`lane_id`),
  CONSTRAINT `fk_gate_read_media_site` FOREIGN KEY (`site_id`) REFERENCES `parking_sites` (`site_id`)
) ENGINE=InnoDB AUTO_INCREMENT=11 DEFAULT CHARSET=utf8mb4 COLLATE=utf8mb4_0900_ai_ci;
/*!40101 SET character_set_client = @saved_cs_client */;

--
-- Dumping data for table `gate_read_media`
--

LOCK TABLES `gate_read_media` WRITE;
/*!40000 ALTER TABLE `gate_read_media` DISABLE KEYS */;
INSERT INTO `gate_read_media` VALUES (1,19,5,47,'UPLOAD','LOCAL','/uploads/20260308_075255_15144963.png','20260308_075255_15144963.png',NULL,NULL,NULL,'image/png',NULL,NULL,NULL,'{\"source\": \"LOCAL_UPLOAD\", \"filename\": \"20260308_075255_15144963.png\", \"relativePath\": \"20260308_075255_15144963.png\"}','2026-03-08 07:52:56','2026-03-08 07:52:56'),(2,19,5,47,'UPLOAD','LOCAL','/uploads/20260308_085540_bed4b143.png','20260308_085540_bed4b143.png',NULL,NULL,NULL,'image/png',NULL,NULL,NULL,'{\"source\": \"LOCAL_UPLOAD\", \"filename\": \"20260308_085540_bed4b143.png\", \"relativePath\": \"20260308_085540_bed4b143.png\"}','2026-03-08 08:55:42','2026-03-08 08:55:42'),(3,2,1,30,'UPLOAD','MINIO',NULL,NULL,'parkly-media','gate-media/2026/03/11/SITE_HCM_01/GATE_01_ENTRY/SITE_HCM_01_GATE_01_ENTRY_GATE_01_ENTRY_CAMERA_8bde0cd2-d68.png','\"e1cdb33125da11345770c96981703d78\"','image/png','d6190eef79ea8cc677cd8b1b1fae7ed49595c58b59ef16d7aef124662c24c5c2',1,1,'{\"sha256\": \"d6190eef79ea8cc677cd8b1b1fae7ed49595c58b59ef16d7aef124662c24c5c2\", \"source\": \"PR13_TEST\", \"laneCode\": \"GATE_01_ENTRY\", \"mimeType\": \"image/png\", \"siteCode\": \"SITE_HCM_01\", \"sizeBytes\": 67, \"capturedAt\": \"2026-03-11T17:05:42.396Z\", \"deviceCode\": \"GATE_01_ENTRY_CAMERA\", \"originalName\": \"pr13.png\"}','2026-03-11 17:05:42','2026-03-12 00:05:42'),(4,2,1,30,'UPLOAD','MINIO',NULL,NULL,'parkly-media','gate-media/2026/03/11/SITE_HCM_01/GATE_01_ENTRY/SITE_HCM_01_GATE_01_ENTRY_GATE_01_ENTRY_CAMERA_a67775d4-cab.png','\"e1cdb33125da11345770c96981703d78\"','image/png','d6190eef79ea8cc677cd8b1b1fae7ed49595c58b59ef16d7aef124662c24c5c2',1,1,'{\"sha256\": \"d6190eef79ea8cc677cd8b1b1fae7ed49595c58b59ef16d7aef124662c24c5c2\", \"source\": \"PR13_TEST\", \"laneCode\": \"GATE_01_ENTRY\", \"mimeType\": \"image/png\", \"siteCode\": \"SITE_HCM_01\", \"sizeBytes\": 67, \"capturedAt\": \"2026-03-11T17:11:02.403Z\", \"deviceCode\": \"GATE_01_ENTRY_CAMERA\", \"originalName\": \"pr13.png\"}','2026-03-11 17:11:02','2026-03-12 00:11:02'),(5,2,1,30,'UPLOAD','MINIO',NULL,NULL,'parkly-media','gate-media/2026/03/11/SITE_HCM_01/GATE_01_ENTRY/SITE_HCM_01_GATE_01_ENTRY_GATE_01_ENTRY_CAMERA_5cd500b4-ad5.png','\"e1cdb33125da11345770c96981703d78\"','image/png','d6190eef79ea8cc677cd8b1b1fae7ed49595c58b59ef16d7aef124662c24c5c2',1,1,'{\"sha256\": \"d6190eef79ea8cc677cd8b1b1fae7ed49595c58b59ef16d7aef124662c24c5c2\", \"source\": \"PR13_TEST\", \"laneCode\": \"GATE_01_ENTRY\", \"mimeType\": \"image/png\", \"siteCode\": \"SITE_HCM_01\", \"sizeBytes\": 67, \"capturedAt\": \"2026-03-11T17:24:44.588Z\", \"deviceCode\": \"GATE_01_ENTRY_CAMERA\", \"originalName\": \"pr13.png\"}','2026-03-11 17:24:44','2026-03-12 00:24:44'),(6,2,1,30,'UPLOAD','MINIO',NULL,NULL,'parkly-media','gate-media/2026/03/11/SITE_HCM_01/GATE_01_ENTRY/SITE_HCM_01_GATE_01_ENTRY_GATE_01_ENTRY_CAMERA_1826a426-c8a.png','\"e1cdb33125da11345770c96981703d78\"','image/png','d6190eef79ea8cc677cd8b1b1fae7ed49595c58b59ef16d7aef124662c24c5c2',1,1,'{\"sha256\": \"d6190eef79ea8cc677cd8b1b1fae7ed49595c58b59ef16d7aef124662c24c5c2\", \"source\": \"PR13_TEST\", \"laneCode\": \"GATE_01_ENTRY\", \"mimeType\": \"image/png\", \"siteCode\": \"SITE_HCM_01\", \"sizeBytes\": 67, \"capturedAt\": \"2026-03-11T17:32:23.392Z\", \"deviceCode\": \"GATE_01_ENTRY_CAMERA\", \"originalName\": \"pr13.png\"}','2026-03-11 17:32:23','2026-03-12 00:32:23'),(7,2,1,30,'UPLOAD','MINIO',NULL,NULL,'parkly-media','gate-media/2026/03/11/SITE_HCM_01/GATE_01_ENTRY/SITE_HCM_01_GATE_01_ENTRY_GATE_01_ENTRY_CAMERA_7b68b37c-e66.png','\"e1cdb33125da11345770c96981703d78\"','image/png','d6190eef79ea8cc677cd8b1b1fae7ed49595c58b59ef16d7aef124662c24c5c2',1,1,'{\"sha256\": \"d6190eef79ea8cc677cd8b1b1fae7ed49595c58b59ef16d7aef124662c24c5c2\", \"source\": \"PR13_TEST\", \"laneCode\": \"GATE_01_ENTRY\", \"mimeType\": \"image/png\", \"siteCode\": \"SITE_HCM_01\", \"sizeBytes\": 67, \"capturedAt\": \"2026-03-11T17:34:21.167Z\", \"deviceCode\": \"GATE_01_ENTRY_CAMERA\", \"originalName\": \"pr13.png\"}','2026-03-11 17:34:21','2026-03-12 00:34:21'),(8,2,1,30,'UPLOAD','MINIO',NULL,NULL,'parkly-media','gate-media/2026/03/11/SITE_HCM_01/GATE_01_ENTRY/SITE_HCM_01_GATE_01_ENTRY_GATE_01_ENTRY_CAMERA_6c2c67c3-6a9.png','\"e1cdb33125da11345770c96981703d78\"','image/png','d6190eef79ea8cc677cd8b1b1fae7ed49595c58b59ef16d7aef124662c24c5c2',1,1,'{\"sha256\": \"d6190eef79ea8cc677cd8b1b1fae7ed49595c58b59ef16d7aef124662c24c5c2\", \"source\": \"PR13_TEST\", \"laneCode\": \"GATE_01_ENTRY\", \"mimeType\": \"image/png\", \"siteCode\": \"SITE_HCM_01\", \"sizeBytes\": 67, \"capturedAt\": \"2026-03-11T17:34:28.038Z\", \"deviceCode\": \"GATE_01_ENTRY_CAMERA\", \"originalName\": \"pr13.png\"}','2026-03-11 17:34:28','2026-03-12 00:34:28'),(9,2,1,30,'UPLOAD','MINIO',NULL,NULL,'parkly-media','gate-media/2026/03/11/SITE_HCM_01/GATE_01_ENTRY/SITE_HCM_01_GATE_01_ENTRY_GATE_01_ENTRY_CAMERA_511ed565-f6f.png','\"e1cdb33125da11345770c96981703d78\"','image/png','d6190eef79ea8cc677cd8b1b1fae7ed49595c58b59ef16d7aef124662c24c5c2',1,1,'{\"sha256\": \"d6190eef79ea8cc677cd8b1b1fae7ed49595c58b59ef16d7aef124662c24c5c2\", \"source\": \"PR13_TEST\", \"laneCode\": \"GATE_01_ENTRY\", \"mimeType\": \"image/png\", \"siteCode\": \"SITE_HCM_01\", \"sizeBytes\": 67, \"capturedAt\": \"2026-03-11T17:34:29.723Z\", \"deviceCode\": \"GATE_01_ENTRY_CAMERA\", \"originalName\": \"pr13.png\"}','2026-03-11 17:34:29','2026-03-12 00:34:29'),(10,2,1,30,'UPLOAD','MINIO',NULL,NULL,'parkly-media','gate-media/2026/03/11/SITE_HCM_01/GATE_01_ENTRY/SITE_HCM_01_GATE_01_ENTRY_GATE_01_ENTRY_CAMERA_676b2da7-c72.png','\"e1cdb33125da11345770c96981703d78\"','image/png','d6190eef79ea8cc677cd8b1b1fae7ed49595c58b59ef16d7aef124662c24c5c2',1,1,'{\"sha256\": \"d6190eef79ea8cc677cd8b1b1fae7ed49595c58b59ef16d7aef124662c24c5c2\", \"source\": \"PR13_TEST\", \"laneCode\": \"GATE_01_ENTRY\", \"mimeType\": \"image/png\", \"siteCode\": \"SITE_HCM_01\", \"sizeBytes\": 67, \"capturedAt\": \"2026-03-11T17:34:45.028Z\", \"deviceCode\": \"GATE_01_ENTRY_CAMERA\", \"originalName\": \"pr13.png\"}','2026-03-11 17:34:45','2026-03-12 00:34:45');
/*!40000 ALTER TABLE `gate_read_media` ENABLE KEYS */;
UNLOCK TABLES;

--
-- Table structure for table `internal_presence_events`
--

DROP TABLE IF EXISTS `internal_presence_events`;
/*!40101 SET @saved_cs_client     = @@character_set_client */;
/*!50503 SET character_set_client = utf8mb4 */;
CREATE TABLE `internal_presence_events` (
  `presence_event_id` bigint NOT NULL AUTO_INCREMENT,
  `schema_version` varchar(32) NOT NULL,
  `intake_status` enum('ACCEPTED','REJECTED') NOT NULL DEFAULT 'ACCEPTED',
  `reject_reason_code` varchar(64) DEFAULT NULL,
  `idempotency_key` varchar(128) NOT NULL,
  `trace_id` varchar(128) DEFAULT NULL,
  `camera_code` varchar(64) NOT NULL,
  `zone_code` varchar(32) NOT NULL,
  `spot_code` varchar(32) NOT NULL,
  `plate_compact` varchar(32) DEFAULT NULL,
  `confidence` decimal(6,4) DEFAULT NULL,
  `captured_at` datetime NOT NULL,
  `snapshot_object_key` varchar(255) DEFAULT NULL,
  `model_version` varchar(64) DEFAULT NULL,
  `site_id` bigint DEFAULT NULL,
  `zone_id` bigint DEFAULT NULL,
  `spot_id` bigint DEFAULT NULL,
  `redis_stream_id` varchar(64) DEFAULT NULL,
  `raw_event_json` json NOT NULL,
  `created_at` datetime NOT NULL DEFAULT CURRENT_TIMESTAMP,
  `updated_at` datetime NOT NULL DEFAULT CURRENT_TIMESTAMP ON UPDATE CURRENT_TIMESTAMP,
  PRIMARY KEY (`presence_event_id`),
  UNIQUE KEY `uq_internal_presence_events_idem` (`idempotency_key`),
  UNIQUE KEY `uq_internal_presence_events_trace` (`trace_id`),
  KEY `fk_internal_presence_events_spot` (`spot_id`),
  KEY `ix_internal_presence_events_site_time` (`site_id`,`captured_at`),
  KEY `ix_internal_presence_events_site_spot_time` (`site_id`,`spot_id`,`captured_at`),
  KEY `ix_internal_presence_events_site_plate_time` (`site_id`,`plate_compact`,`captured_at`),
  KEY `ix_internal_presence_events_zone_time` (`zone_id`,`captured_at`),
  KEY `ix_internal_presence_events_trace` (`trace_id`),
  KEY `ix_internal_presence_events_status_time` (`intake_status`,`created_at`),
  CONSTRAINT `fk_internal_presence_events_site` FOREIGN KEY (`site_id`) REFERENCES `parking_sites` (`site_id`),
  CONSTRAINT `fk_internal_presence_events_spot` FOREIGN KEY (`spot_id`) REFERENCES `spots` (`spot_id`),
  CONSTRAINT `fk_internal_presence_events_zone` FOREIGN KEY (`zone_id`) REFERENCES `zones` (`zone_id`)
) ENGINE=InnoDB AUTO_INCREMENT=7 DEFAULT CHARSET=utf8mb4 COLLATE=utf8mb4_0900_ai_ci;
/*!40101 SET character_set_client = @saved_cs_client */;

--
-- Dumping data for table `internal_presence_events`
--

LOCK TABLES `internal_presence_events` WRITE;
/*!40000 ALTER TABLE `internal_presence_events` DISABLE KEYS */;
INSERT INTO `internal_presence_events` VALUES (1,'zone.presence.v1','REJECTED','ZONE_OR_SPOT_NOT_FOUND','trace:smoke-1773339696328','smoke-1773339696328','CAM_VIP_A_HCM_VIP_01','VIP_A','HCM-VIP-01','51B67890',0.9700,'2026-03-12 18:21:36','smoke/SITE_HCM_01/HCM-VIP-01/1773339696328.png','smoke-release-v1',NULL,NULL,NULL,NULL,'{\"traceId\": \"smoke-1773339696328\", \"spotCode\": \"HCM-VIP-01\", \"zoneCode\": \"VIP_A\", \"cameraCode\": \"CAM_VIP_A_HCM_VIP_01\", \"capturedAt\": \"2026-03-12T18:21:36.328Z\", \"confidence\": 0.97, \"modelVersion\": \"smoke-release-v1\", \"plateCompact\": \"51B67890\", \"schemaVersion\": \"zone.presence.v1\", \"snapshotObjectKey\": \"smoke/SITE_HCM_01/HCM-VIP-01/1773339696328.png\"}','2026-03-13 01:21:36','2026-03-13 01:21:36'),(2,'zone.presence.v1','ACCEPTED',NULL,'trace:smoke-1773340110419','smoke-1773340110419','CAM_VIP_A_HCM_VIP_01','VIP_A','HCM-VIP-01','51B67890',0.9700,'2026-03-12 18:28:30','smoke/SITE_HCM_01/HCM-VIP-01/1773340110419.png','smoke-release-v1',2,1,1,'1773340110425-0','{\"traceId\": \"smoke-1773340110419\", \"spotCode\": \"HCM-VIP-01\", \"zoneCode\": \"VIP_A\", \"cameraCode\": \"CAM_VIP_A_HCM_VIP_01\", \"capturedAt\": \"2026-03-12T18:28:30.419Z\", \"confidence\": 0.97, \"modelVersion\": \"smoke-release-v1\", \"plateCompact\": \"51B67890\", \"schemaVersion\": \"zone.presence.v1\", \"snapshotObjectKey\": \"smoke/SITE_HCM_01/HCM-VIP-01/1773340110419.png\"}','2026-03-13 01:28:30','2026-03-13 01:28:30'),(3,'zone.presence.v1','ACCEPTED',NULL,'trace:smoke-1773340310053','smoke-1773340310053','CAM_VIP_A_HCM_VIP_01','VIP_A','HCM-VIP-01','51B67890',0.9700,'2026-03-12 18:31:50','smoke/SITE_HCM_01/HCM-VIP-01/1773340310053.png','smoke-release-v1',2,1,1,'1773340310058-0','{\"traceId\": \"smoke-1773340310053\", \"spotCode\": \"HCM-VIP-01\", \"zoneCode\": \"VIP_A\", \"cameraCode\": \"CAM_VIP_A_HCM_VIP_01\", \"capturedAt\": \"2026-03-12T18:31:50.053Z\", \"confidence\": 0.97, \"modelVersion\": \"smoke-release-v1\", \"plateCompact\": \"51B67890\", \"schemaVersion\": \"zone.presence.v1\", \"snapshotObjectKey\": \"smoke/SITE_HCM_01/HCM-VIP-01/1773340310053.png\"}','2026-03-13 01:31:50','2026-03-13 01:31:50'),(4,'zone.presence.v1','ACCEPTED',NULL,'trace:smoke-1773400842104','smoke-1773400842104','CAM_VIP_A_HCM_VIP_01','VIP_A','HCM-VIP-01','51B67890',0.9700,'2026-03-13 11:20:42','smoke/SITE_HCM_01/HCM-VIP-01/1773400842104.png','smoke-release-v1',2,1,1,'1773400842113-0','{\"traceId\": \"smoke-1773400842104\", \"spotCode\": \"HCM-VIP-01\", \"zoneCode\": \"VIP_A\", \"cameraCode\": \"CAM_VIP_A_HCM_VIP_01\", \"capturedAt\": \"2026-03-13T11:20:42.104Z\", \"confidence\": 0.97, \"modelVersion\": \"smoke-release-v1\", \"plateCompact\": \"51B67890\", \"schemaVersion\": \"zone.presence.v1\", \"snapshotObjectKey\": \"smoke/SITE_HCM_01/HCM-VIP-01/1773400842104.png\"}','2026-03-13 18:20:42','2026-03-13 18:20:42'),(5,'zone.presence.v1','ACCEPTED',NULL,'trace:smoke-1773408833834','smoke-1773408833834','CAM_VIP_A_HCM_VIP_01','VIP_A','HCM-VIP-01','51B67890',0.9700,'2026-03-13 13:33:54','smoke/SITE_HCM_01/HCM-VIP-01/1773408833834.png','smoke-release-v1',2,1,1,'1773408833842-0','{\"traceId\": \"smoke-1773408833834\", \"spotCode\": \"HCM-VIP-01\", \"zoneCode\": \"VIP_A\", \"cameraCode\": \"CAM_VIP_A_HCM_VIP_01\", \"capturedAt\": \"2026-03-13T13:33:53.834Z\", \"confidence\": 0.97, \"modelVersion\": \"smoke-release-v1\", \"plateCompact\": \"51B67890\", \"schemaVersion\": \"zone.presence.v1\", \"snapshotObjectKey\": \"smoke/SITE_HCM_01/HCM-VIP-01/1773408833834.png\"}','2026-03-13 20:33:53','2026-03-13 20:33:53'),(6,'zone.presence.v1','ACCEPTED',NULL,'trace:smoke-1773420861698','smoke-1773420861698','CAM_VIP_A_HCM_VIP_01','VIP_A','HCM-VIP-01','51B67890',0.9700,'2026-03-13 16:54:22','smoke/SITE_HCM_01/HCM-VIP-01/1773420861698.png','smoke-release-v1',2,1,1,'1773420861704-0','{\"traceId\": \"smoke-1773420861698\", \"spotCode\": \"HCM-VIP-01\", \"zoneCode\": \"VIP_A\", \"cameraCode\": \"CAM_VIP_A_HCM_VIP_01\", \"capturedAt\": \"2026-03-13T16:54:21.698Z\", \"confidence\": 0.97, \"modelVersion\": \"smoke-release-v1\", \"plateCompact\": \"51B67890\", \"schemaVersion\": \"zone.presence.v1\", \"snapshotObjectKey\": \"smoke/SITE_HCM_01/HCM-VIP-01/1773420861698.png\"}','2026-03-13 23:54:21','2026-03-13 23:54:21');
/*!40000 ALTER TABLE `internal_presence_events` ENABLE KEYS */;
UNLOCK TABLES;

--
-- Table structure for table `parking_sites`
--

DROP TABLE IF EXISTS `parking_sites`;
/*!40101 SET @saved_cs_client     = @@character_set_client */;
/*!50503 SET character_set_client = utf8mb4 */;
CREATE TABLE `parking_sites` (
  `site_id` bigint NOT NULL AUTO_INCREMENT,
  `site_code` varchar(32) NOT NULL,
  `name` varchar(255) NOT NULL,
  `timezone` varchar(64) NOT NULL DEFAULT 'Asia/Ho_Chi_Minh',
  `is_active` tinyint(1) NOT NULL DEFAULT '1',
  `created_at` datetime NOT NULL DEFAULT CURRENT_TIMESTAMP,
  PRIMARY KEY (`site_id`),
  UNIQUE KEY `uq_site_code` (`site_code`)
) ENGINE=InnoDB AUTO_INCREMENT=83 DEFAULT CHARSET=utf8mb4 COLLATE=utf8mb4_0900_ai_ci;
/*!40101 SET character_set_client = @saved_cs_client */;

--
-- Dumping data for table `parking_sites`
--

LOCK TABLES `parking_sites` WRITE;
/*!40000 ALTER TABLE `parking_sites` DISABLE KEYS */;
INSERT INTO `parking_sites` VALUES (2,'SITE_HCM_01','Bai HCM - Co so 01','Asia/Ho_Chi_Minh',1,'2026-02-24 17:23:17'),(19,'SITE_DN_01','Bai Da Nang - Co so 01','Asia/Ho_Chi_Minh',1,'2026-03-06 22:45:12');
/*!40000 ALTER TABLE `parking_sites` ENABLE KEYS */;
UNLOCK TABLES;

--
-- Table structure for table `payments`
--

DROP TABLE IF EXISTS `payments`;
/*!40101 SET @saved_cs_client     = @@character_set_client */;
/*!50503 SET character_set_client = utf8mb4 */;
CREATE TABLE `payments` (
  `payment_id` bigint NOT NULL AUTO_INCREMENT,
  `site_id` bigint NOT NULL,
  `ticket_id` bigint NOT NULL,
  `amount` decimal(12,2) NOT NULL,
  `method` enum('CASH','CARD','EWALLET') NOT NULL,
  `status` enum('PAID','REFUNDED','VOID') NOT NULL DEFAULT 'PAID',
  `paid_at` datetime NOT NULL DEFAULT CURRENT_TIMESTAMP,
  `paid_date` date GENERATED ALWAYS AS (cast(`paid_at` as date)) STORED,
  PRIMARY KEY (`payment_id`),
  KEY `ix_payments_site_paidat` (`site_id`,`paid_at`),
  KEY `ix_payments_ticket` (`ticket_id`),
  KEY `ix_payments_site_method` (`site_id`,`method`),
  KEY `ix_payments_site_status` (`site_id`,`status`),
  KEY `ix_payments_site_status_paiddate` (`site_id`,`status`,`paid_date`),
  CONSTRAINT `fk_payments_site` FOREIGN KEY (`site_id`) REFERENCES `parking_sites` (`site_id`),
  CONSTRAINT `fk_payments_ticket` FOREIGN KEY (`ticket_id`) REFERENCES `tickets` (`ticket_id`)
) ENGINE=InnoDB AUTO_INCREMENT=85538 DEFAULT CHARSET=utf8mb4 COLLATE=utf8mb4_0900_ai_ci;
/*!40101 SET character_set_client = @saved_cs_client */;

--
-- Dumping data for table `payments`
--

LOCK TABLES `payments` WRITE;
/*!40000 ALTER TABLE `payments` DISABLE KEYS */;
INSERT INTO `payments` (`payment_id`, `site_id`, `ticket_id`, `amount`, `method`, `status`, `paid_at`) VALUES (65535,2,65535,25000.00,'CASH','PAID','2026-02-24 09:12:00'),(65536,2,65535,25000.00,'CASH','PAID','2026-02-24 09:12:00'),(65537,2,65535,25000.00,'CASH','PAID','2026-02-24 02:12:00');
/*!40000 ALTER TABLE `payments` ENABLE KEYS */;
UNLOCK TABLES;

--
-- Table structure for table `roles`
--

DROP TABLE IF EXISTS `roles`;
/*!40101 SET @saved_cs_client     = @@character_set_client */;
/*!50503 SET character_set_client = utf8mb4 */;
CREATE TABLE `roles` (
  `role_id` bigint NOT NULL AUTO_INCREMENT,
  `role_code` varchar(32) NOT NULL,
  `name` varchar(255) NOT NULL,
  PRIMARY KEY (`role_id`),
  UNIQUE KEY `uq_roles_code` (`role_code`)
) ENGINE=InnoDB AUTO_INCREMENT=42 DEFAULT CHARSET=utf8mb4 COLLATE=utf8mb4_0900_ai_ci;
/*!40101 SET character_set_client = @saved_cs_client */;

--
-- Dumping data for table `roles`
--

LOCK TABLES `roles` WRITE;
/*!40000 ALTER TABLE `roles` DISABLE KEYS */;
INSERT INTO `roles` VALUES (1,'ADMIN','Administrator'),(2,'OPS','Operations'),(3,'GUARD','Gate Guard'),(4,'CASHIER','Cashier'),(5,'WORKER','Worker');
/*!40000 ALTER TABLE `roles` ENABLE KEYS */;
UNLOCK TABLES;

--
-- Table structure for table `shift_closure_breakdowns`
--

DROP TABLE IF EXISTS `shift_closure_breakdowns`;
/*!40101 SET @saved_cs_client     = @@character_set_client */;
/*!50503 SET character_set_client = utf8mb4 */;
CREATE TABLE `shift_closure_breakdowns` (
  `closure_id` bigint NOT NULL,
  `method` enum('CASH','CARD','EWALLET') NOT NULL,
  `amount` decimal(12,2) NOT NULL,
  `txn_count` int NOT NULL,
  PRIMARY KEY (`closure_id`,`method`),
  CONSTRAINT `fk_shift_break_closure` FOREIGN KEY (`closure_id`) REFERENCES `shift_closures` (`closure_id`)
) ENGINE=InnoDB DEFAULT CHARSET=utf8mb4 COLLATE=utf8mb4_0900_ai_ci;
/*!40101 SET character_set_client = @saved_cs_client */;

--
-- Dumping data for table `shift_closure_breakdowns`
--

LOCK TABLES `shift_closure_breakdowns` WRITE;
/*!40000 ALTER TABLE `shift_closure_breakdowns` DISABLE KEYS */;
INSERT INTO `shift_closure_breakdowns` VALUES (1,'CASH',25000.00,1),(2,'CASH',50000.00,2);
/*!40000 ALTER TABLE `shift_closure_breakdowns` ENABLE KEYS */;
UNLOCK TABLES;
/*!50003 SET @saved_cs_client      = @@character_set_client */ ;
/*!50003 SET @saved_cs_results     = @@character_set_results */ ;
/*!50003 SET @saved_col_connection = @@collation_connection */ ;
/*!50003 SET character_set_client  = utf8mb4 */ ;
/*!50003 SET character_set_results = utf8mb4 */ ;
/*!50003 SET collation_connection  = utf8mb4_0900_ai_ci */ ;
/*!50003 SET @saved_sql_mode       = @@sql_mode */ ;
/*!50003 SET sql_mode              = 'STRICT_TRANS_TABLES,NO_ENGINE_SUBSTITUTION' */ ;
DELIMITER ;;
/*!50003 CREATE*/ /*!50017 DEFINER=`parking_root`@`localhost`*/ /*!50003 TRIGGER `trg_shift_breakdowns_no_update` BEFORE UPDATE ON `shift_closure_breakdowns` FOR EACH ROW BEGIN
  SIGNAL SQLSTATE '45000' SET MESSAGE_TEXT = 'shift_closure_breakdowns is append-only: UPDATE is not allowed';
END */;;
DELIMITER ;
/*!50003 SET sql_mode              = @saved_sql_mode */ ;
/*!50003 SET character_set_client  = @saved_cs_client */ ;
/*!50003 SET character_set_results = @saved_cs_results */ ;
/*!50003 SET collation_connection  = @saved_col_connection */ ;
/*!50003 SET @saved_cs_client      = @@character_set_client */ ;
/*!50003 SET @saved_cs_results     = @@character_set_results */ ;
/*!50003 SET @saved_col_connection = @@collation_connection */ ;
/*!50003 SET character_set_client  = utf8mb4 */ ;
/*!50003 SET character_set_results = utf8mb4 */ ;
/*!50003 SET collation_connection  = utf8mb4_0900_ai_ci */ ;
/*!50003 SET @saved_sql_mode       = @@sql_mode */ ;
/*!50003 SET sql_mode              = 'STRICT_TRANS_TABLES,NO_ENGINE_SUBSTITUTION' */ ;
DELIMITER ;;
/*!50003 CREATE*/ /*!50017 DEFINER=`parking_root`@`localhost`*/ /*!50003 TRIGGER `trg_shift_breakdowns_no_delete` BEFORE DELETE ON `shift_closure_breakdowns` FOR EACH ROW BEGIN
  SIGNAL SQLSTATE '45000' SET MESSAGE_TEXT = 'shift_closure_breakdowns is append-only: DELETE is not allowed';
END */;;
DELIMITER ;
/*!50003 SET sql_mode              = @saved_sql_mode */ ;
/*!50003 SET character_set_client  = @saved_cs_client */ ;
/*!50003 SET character_set_results = @saved_cs_results */ ;
/*!50003 SET collation_connection  = @saved_col_connection */ ;

--
-- Table structure for table `shift_closures`
--

DROP TABLE IF EXISTS `shift_closures`;
/*!40101 SET @saved_cs_client     = @@character_set_client */;
/*!50503 SET character_set_client = utf8mb4 */;
CREATE TABLE `shift_closures` (
  `closure_id` bigint NOT NULL AUTO_INCREMENT,
  `site_id` bigint NOT NULL,
  `shift_code` varchar(32) NOT NULL,
  `start_time` datetime NOT NULL,
  `end_time` datetime NOT NULL,
  `closed_by_user_id` bigint NOT NULL,
  `total_tickets` int NOT NULL,
  `total_amount` decimal(12,2) NOT NULL,
  `created_at` datetime NOT NULL DEFAULT CURRENT_TIMESTAMP,
  PRIMARY KEY (`closure_id`),
  UNIQUE KEY `uq_shift_code` (`site_id`,`shift_code`),
  KEY `ix_shift_site_start` (`site_id`,`start_time`),
  KEY `ix_shift_site_created` (`site_id`,`created_at`),
  CONSTRAINT `fk_shift_site` FOREIGN KEY (`site_id`) REFERENCES `parking_sites` (`site_id`)
) ENGINE=InnoDB AUTO_INCREMENT=3 DEFAULT CHARSET=utf8mb4 COLLATE=utf8mb4_0900_ai_ci;
/*!40101 SET character_set_client = @saved_cs_client */;

--
-- Dumping data for table `shift_closures`
--

LOCK TABLES `shift_closures` WRITE;
/*!40000 ALTER TABLE `shift_closures` DISABLE KEYS */;
INSERT INTO `shift_closures` VALUES (1,2,'SHIFT_2026_02_24_MORNING','2026-02-24 07:00:00','2026-02-24 12:00:00',1,1,25000.00,'2026-03-01 02:18:51'),(2,2,'SHIFT_API_1772350609737','2026-02-24 07:00:00','2026-02-24 12:00:00',1,1,50000.00,'2026-03-01 14:36:49');
/*!40000 ALTER TABLE `shift_closures` ENABLE KEYS */;
UNLOCK TABLES;
/*!50003 SET @saved_cs_client      = @@character_set_client */ ;
/*!50003 SET @saved_cs_results     = @@character_set_results */ ;
/*!50003 SET @saved_col_connection = @@collation_connection */ ;
/*!50003 SET character_set_client  = utf8mb4 */ ;
/*!50003 SET character_set_results = utf8mb4 */ ;
/*!50003 SET collation_connection  = utf8mb4_0900_ai_ci */ ;
/*!50003 SET @saved_sql_mode       = @@sql_mode */ ;
/*!50003 SET sql_mode              = 'STRICT_TRANS_TABLES,NO_ENGINE_SUBSTITUTION' */ ;
DELIMITER ;;
/*!50003 CREATE*/ /*!50017 DEFINER=`parking_root`@`localhost`*/ /*!50003 TRIGGER `trg_shift_closures_no_update` BEFORE UPDATE ON `shift_closures` FOR EACH ROW BEGIN
  SIGNAL SQLSTATE '45000' SET MESSAGE_TEXT = 'shift_closures is append-only: UPDATE is not allowed';
END */;;
DELIMITER ;
/*!50003 SET sql_mode              = @saved_sql_mode */ ;
/*!50003 SET character_set_client  = @saved_cs_client */ ;
/*!50003 SET character_set_results = @saved_cs_results */ ;
/*!50003 SET collation_connection  = @saved_col_connection */ ;
/*!50003 SET @saved_cs_client      = @@character_set_client */ ;
/*!50003 SET @saved_cs_results     = @@character_set_results */ ;
/*!50003 SET @saved_col_connection = @@collation_connection */ ;
/*!50003 SET character_set_client  = utf8mb4 */ ;
/*!50003 SET character_set_results = utf8mb4 */ ;
/*!50003 SET collation_connection  = utf8mb4_0900_ai_ci */ ;
/*!50003 SET @saved_sql_mode       = @@sql_mode */ ;
/*!50003 SET sql_mode              = 'STRICT_TRANS_TABLES,NO_ENGINE_SUBSTITUTION' */ ;
DELIMITER ;;
/*!50003 CREATE*/ /*!50017 DEFINER=`parking_root`@`localhost`*/ /*!50003 TRIGGER `trg_shift_closures_no_delete` BEFORE DELETE ON `shift_closures` FOR EACH ROW BEGIN
  SIGNAL SQLSTATE '45000' SET MESSAGE_TEXT = 'shift_closures is append-only: DELETE is not allowed';
END */;;
DELIMITER ;
/*!50003 SET sql_mode              = @saved_sql_mode */ ;
/*!50003 SET character_set_client  = @saved_cs_client */ ;
/*!50003 SET character_set_results = @saved_cs_results */ ;
/*!50003 SET collation_connection  = @saved_col_connection */ ;

--
-- Table structure for table `spot_occupancy_projection`
--

DROP TABLE IF EXISTS `spot_occupancy_projection`;
/*!40101 SET @saved_cs_client     = @@character_set_client */;
/*!50503 SET character_set_client = utf8mb4 */;
CREATE TABLE `spot_occupancy_projection` (
  `projection_id` bigint NOT NULL AUTO_INCREMENT,
  `site_id` bigint NOT NULL,
  `zone_id` bigint DEFAULT NULL,
  `spot_id` bigint NOT NULL,
  `zone_code` varchar(32) DEFAULT NULL,
  `spot_code` varchar(32) NOT NULL,
  `occupancy_status` enum('EMPTY','OCCUPIED_MATCHED','OCCUPIED_UNKNOWN','OCCUPIED_VIOLATION','SENSOR_STALE') NOT NULL,
  `source_presence_event_id` bigint DEFAULT NULL,
  `matched_gate_presence_id` bigint DEFAULT NULL,
  `matched_subscription_id` bigint DEFAULT NULL,
  `matched_subscription_spot_id` bigint DEFAULT NULL,
  `observed_plate_compact` varchar(32) DEFAULT NULL,
  `expected_plate_compact` varchar(32) DEFAULT NULL,
  `reason_code` varchar(64) NOT NULL,
  `reason_detail` varchar(255) NOT NULL,
  `stale_at` datetime DEFAULT NULL,
  `snapshot_json` json DEFAULT NULL,
  `created_at` datetime NOT NULL DEFAULT CURRENT_TIMESTAMP,
  `updated_at` datetime NOT NULL DEFAULT CURRENT_TIMESTAMP ON UPDATE CURRENT_TIMESTAMP,
  PRIMARY KEY (`projection_id`),
  UNIQUE KEY `uq_spot_occupancy_projection_site_spot` (`site_id`,`spot_id`),
  KEY `fk_spot_occupancy_projection_zone` (`zone_id`),
  KEY `fk_spot_occupancy_projection_spot` (`spot_id`),
  KEY `ix_spot_occupancy_projection_site_status` (`site_id`,`occupancy_status`),
  KEY `ix_spot_occupancy_projection_site_zone_status` (`site_id`,`zone_code`,`occupancy_status`),
  KEY `ix_spot_occupancy_projection_site_updated` (`site_id`,`updated_at`),
  KEY `ix_spot_occupancy_projection_site_plate` (`site_id`,`observed_plate_compact`),
  KEY `ix_spot_occupancy_projection_site_spot_code` (`site_id`,`spot_code`),
  CONSTRAINT `fk_spot_occupancy_projection_site` FOREIGN KEY (`site_id`) REFERENCES `parking_sites` (`site_id`),
  CONSTRAINT `fk_spot_occupancy_projection_spot` FOREIGN KEY (`spot_id`) REFERENCES `spots` (`spot_id`),
  CONSTRAINT `fk_spot_occupancy_projection_zone` FOREIGN KEY (`zone_id`) REFERENCES `zones` (`zone_id`)
) ENGINE=InnoDB AUTO_INCREMENT=6 DEFAULT CHARSET=utf8mb4 COLLATE=utf8mb4_0900_ai_ci;
/*!40101 SET character_set_client = @saved_cs_client */;

--
-- Dumping data for table `spot_occupancy_projection`
--

LOCK TABLES `spot_occupancy_projection` WRITE;
/*!40000 ALTER TABLE `spot_occupancy_projection` DISABLE KEYS */;
INSERT INTO `spot_occupancy_projection` VALUES (1,2,1,1,'VIP_A','HCM-VIP-01','OCCUPIED_VIOLATION',6,NULL,1,1,'51B67890','51A12345','RESERVED_SPOT_OCCUPIED_BY_OTHER','Spot đang được reserve/assign cho subscription khác nhưng camera thấy plate không thuộc danh sách cho phép.',NULL,'{\"now\": \"2026-03-13T16:54:21.725Z\", \"spot\": {\"siteId\": \"2\", \"spotId\": \"1\", \"zoneId\": \"1\", \"spotCode\": \"HCM-VIP-01\", \"zoneCode\": \"VIP_A\"}, \"ageSeconds\": 0, \"activeGatePresence\": null, \"sensorStaleSeconds\": 180, \"latestPresenceEvent\": {\"traceId\": \"smoke-1773420861698\", \"cameraCode\": \"CAM_VIP_A_HCM_VIP_01\", \"capturedAt\": \"2026-03-13T16:54:22.000Z\", \"confidence\": 0.97, \"modelVersion\": \"smoke-release-v1\", \"plateCompact\": \"51B67890\", \"presenceEventId\": \"6\", \"snapshotObjectKey\": \"smoke/SITE_HCM_01/HCM-VIP-01/1773420861698.png\"}, \"reservedSpotSubscription\": {\"spotId\": \"1\", \"spotCode\": \"HCM-VIP-01\", \"subscriptionId\": \"1\", \"subscriptionSpotId\": \"1\", \"primaryPlateCompact\": \"51A12345\", \"allowedPlateCompacts\": [\"51A12345\"]}, \"observedVehicleSubscription\": null}','2026-03-13 01:28:30','2026-03-13 23:54:21');
/*!40000 ALTER TABLE `spot_occupancy_projection` ENABLE KEYS */;
UNLOCK TABLES;

--
-- Table structure for table `spots`
--

DROP TABLE IF EXISTS `spots`;
/*!40101 SET @saved_cs_client     = @@character_set_client */;
/*!50503 SET character_set_client = utf8mb4 */;
CREATE TABLE `spots` (
  `spot_id` bigint NOT NULL AUTO_INCREMENT,
  `site_id` bigint NOT NULL,
  `zone_id` bigint NOT NULL,
  `code` varchar(32) NOT NULL,
  `status` enum('FREE','OCCUPIED','OUT_OF_SERVICE') NOT NULL DEFAULT 'FREE',
  `last_updated_at` datetime NOT NULL DEFAULT CURRENT_TIMESTAMP,
  PRIMARY KEY (`spot_id`),
  UNIQUE KEY `uq_spot_code` (`site_id`,`code`),
  KEY `ix_spots_site` (`site_id`),
  KEY `ix_spots_zone` (`zone_id`),
  KEY `ix_spots_site_status` (`site_id`,`status`),
  CONSTRAINT `fk_spots_site` FOREIGN KEY (`site_id`) REFERENCES `parking_sites` (`site_id`),
  CONSTRAINT `fk_spots_zone` FOREIGN KEY (`zone_id`) REFERENCES `zones` (`zone_id`)
) ENGINE=InnoDB AUTO_INCREMENT=38 DEFAULT CHARSET=utf8mb4 COLLATE=utf8mb4_0900_ai_ci;
/*!40101 SET character_set_client = @saved_cs_client */;

--
-- Dumping data for table `spots`
--

LOCK TABLES `spots` WRITE;
/*!40000 ALTER TABLE `spots` DISABLE KEYS */;
INSERT INTO `spots` VALUES (1,2,1,'HCM-VIP-01','FREE','2026-03-12 19:29:38'),(2,2,1,'HCM-VIP-02','FREE','2026-03-12 19:29:38'),(3,2,2,'HCM-GEN-01','FREE','2026-03-12 19:29:38'),(4,19,3,'DN-VIP-01','FREE','2026-03-12 19:29:38');
/*!40000 ALTER TABLE `spots` ENABLE KEYS */;
UNLOCK TABLES;

--
-- Table structure for table `subscription_spots`
--

DROP TABLE IF EXISTS `subscription_spots`;
/*!40101 SET @saved_cs_client     = @@character_set_client */;
/*!50503 SET character_set_client = utf8mb4 */;
CREATE TABLE `subscription_spots` (
  `subscription_spot_id` bigint NOT NULL AUTO_INCREMENT,
  `subscription_id` bigint NOT NULL,
  `site_id` bigint NOT NULL,
  `spot_id` bigint NOT NULL,
  `assigned_mode` enum('ASSIGNED','PREFERRED') NOT NULL DEFAULT 'ASSIGNED',
  `status` enum('ACTIVE','SUSPENDED','RELEASED') NOT NULL DEFAULT 'ACTIVE',
  `is_primary` tinyint(1) NOT NULL DEFAULT '0',
  `assigned_from` date DEFAULT NULL,
  `assigned_until` date DEFAULT NULL,
  `note` varchar(255) DEFAULT NULL,
  `created_at` datetime NOT NULL DEFAULT CURRENT_TIMESTAMP,
  `updated_at` datetime NOT NULL DEFAULT CURRENT_TIMESTAMP ON UPDATE CURRENT_TIMESTAMP,
  PRIMARY KEY (`subscription_spot_id`),
  UNIQUE KEY `uq_subscription_spot_link` (`subscription_id`,`spot_id`),
  KEY `ix_subscription_spots_subscription_status` (`subscription_id`,`status`),
  KEY `ix_subscription_spots_site_status` (`site_id`,`status`),
  KEY `ix_subscription_spots_spot_status` (`spot_id`,`status`),
  KEY `ix_subscription_spots_site_spot_status` (`site_id`,`spot_id`,`status`),
  CONSTRAINT `fk_subscription_spots_site` FOREIGN KEY (`site_id`) REFERENCES `parking_sites` (`site_id`),
  CONSTRAINT `fk_subscription_spots_spot` FOREIGN KEY (`spot_id`) REFERENCES `spots` (`spot_id`),
  CONSTRAINT `fk_subscription_spots_subscription` FOREIGN KEY (`subscription_id`) REFERENCES `subscriptions` (`subscription_id`)
) ENGINE=InnoDB AUTO_INCREMENT=3 DEFAULT CHARSET=utf8mb4 COLLATE=utf8mb4_0900_ai_ci;
/*!40101 SET character_set_client = @saved_cs_client */;

--
-- Dumping data for table `subscription_spots`
--

LOCK TABLES `subscription_spots` WRITE;
/*!40000 ALTER TABLE `subscription_spots` DISABLE KEYS */;
INSERT INTO `subscription_spots` VALUES (1,1,2,1,'ASSIGNED','ACTIVE',1,'2026-03-12','2026-06-10','VIP assigned bay active','2026-03-12 19:29:38','2026-03-12 19:29:38'),(2,2,2,2,'ASSIGNED','RELEASED',1,'2025-12-12','2026-03-11','Expired VIP bay','2026-03-12 19:29:38','2026-03-12 19:29:38');
/*!40000 ALTER TABLE `subscription_spots` ENABLE KEYS */;
UNLOCK TABLES;

--
-- Table structure for table `subscription_vehicles`
--

DROP TABLE IF EXISTS `subscription_vehicles`;
/*!40101 SET @saved_cs_client     = @@character_set_client */;
/*!50503 SET character_set_client = utf8mb4 */;
CREATE TABLE `subscription_vehicles` (
  `subscription_vehicle_id` bigint NOT NULL AUTO_INCREMENT,
  `subscription_id` bigint NOT NULL,
  `site_id` bigint NOT NULL,
  `vehicle_id` bigint NOT NULL,
  `plate_compact` varchar(20) NOT NULL,
  `status` enum('ACTIVE','SUSPENDED','REMOVED') NOT NULL DEFAULT 'ACTIVE',
  `is_primary` tinyint(1) NOT NULL DEFAULT '0',
  `valid_from` date DEFAULT NULL,
  `valid_to` date DEFAULT NULL,
  `note` varchar(255) DEFAULT NULL,
  `created_at` datetime NOT NULL DEFAULT CURRENT_TIMESTAMP,
  `updated_at` datetime NOT NULL DEFAULT CURRENT_TIMESTAMP ON UPDATE CURRENT_TIMESTAMP,
  PRIMARY KEY (`subscription_vehicle_id`),
  UNIQUE KEY `uq_subscription_vehicle_link` (`subscription_id`,`vehicle_id`),
  KEY `ix_subscription_vehicles_subscription_status` (`subscription_id`,`status`),
  KEY `ix_subscription_vehicles_site_status` (`site_id`,`status`),
  KEY `ix_subscription_vehicles_vehicle_status` (`vehicle_id`,`status`),
  KEY `ix_subscription_vehicles_site_plate_status` (`site_id`,`plate_compact`,`status`),
  CONSTRAINT `fk_subscription_vehicles_site` FOREIGN KEY (`site_id`) REFERENCES `parking_sites` (`site_id`),
  CONSTRAINT `fk_subscription_vehicles_subscription` FOREIGN KEY (`subscription_id`) REFERENCES `subscriptions` (`subscription_id`),
  CONSTRAINT `fk_subscription_vehicles_vehicle` FOREIGN KEY (`vehicle_id`) REFERENCES `vehicles` (`vehicle_id`)
) ENGINE=InnoDB AUTO_INCREMENT=4 DEFAULT CHARSET=utf8mb4 COLLATE=utf8mb4_0900_ai_ci;
/*!40101 SET character_set_client = @saved_cs_client */;

--
-- Dumping data for table `subscription_vehicles`
--

LOCK TABLES `subscription_vehicles` WRITE;
/*!40000 ALTER TABLE `subscription_vehicles` DISABLE KEYS */;
INSERT INTO `subscription_vehicles` VALUES (1,1,2,98312,'51A12345','ACTIVE',1,'2026-03-12','2026-06-10','VIP active vehicle','2026-03-12 19:29:38','2026-03-12 19:29:38'),(2,2,2,98313,'51H88888','SUSPENDED',1,'2025-12-12','2026-03-11','Expired VIP vehicle','2026-03-12 19:29:38','2026-03-12 19:29:38'),(3,3,2,98314,'43A99999','SUSPENDED',1,'2026-03-07','2026-04-11','Suspended VIP vehicle','2026-03-12 19:29:38','2026-03-12 19:29:38');
/*!40000 ALTER TABLE `subscription_vehicles` ENABLE KEYS */;
UNLOCK TABLES;

--
-- Table structure for table `subscriptions`
--

DROP TABLE IF EXISTS `subscriptions`;
/*!40101 SET @saved_cs_client     = @@character_set_client */;
/*!50503 SET character_set_client = utf8mb4 */;
CREATE TABLE `subscriptions` (
  `subscription_id` bigint NOT NULL AUTO_INCREMENT,
  `site_id` bigint NOT NULL,
  `customer_id` bigint NOT NULL,
  `plan_type` enum('MONTHLY','VIP') NOT NULL,
  `start_date` date NOT NULL,
  `end_date` date NOT NULL,
  `status` enum('ACTIVE','EXPIRED','CANCELLED','SUSPENDED') NOT NULL DEFAULT 'ACTIVE',
  PRIMARY KEY (`subscription_id`),
  KEY `ix_sub_site` (`site_id`),
  KEY `ix_sub_customer` (`customer_id`),
  KEY `ix_sub_site_plan` (`site_id`,`plan_type`),
  KEY `ix_sub_site_start` (`site_id`,`start_date`),
  KEY `ix_sub_site_end` (`site_id`,`end_date`),
  KEY `ix_sub_site_status` (`site_id`,`status`),
  CONSTRAINT `fk_subscriptions_customer` FOREIGN KEY (`customer_id`) REFERENCES `customers` (`customer_id`),
  CONSTRAINT `fk_subscriptions_site` FOREIGN KEY (`site_id`) REFERENCES `parking_sites` (`site_id`)
) ENGINE=InnoDB AUTO_INCREMENT=4 DEFAULT CHARSET=utf8mb4 COLLATE=utf8mb4_0900_ai_ci;
/*!40101 SET character_set_client = @saved_cs_client */;

--
-- Dumping data for table `subscriptions`
--

LOCK TABLES `subscriptions` WRITE;
/*!40000 ALTER TABLE `subscriptions` DISABLE KEYS */;
INSERT INTO `subscriptions` VALUES (1,2,29579,'VIP','2026-03-02','2026-06-10','ACTIVE'),(2,2,29580,'VIP','2025-12-12','2026-03-11','EXPIRED'),(3,2,29581,'VIP','2026-03-07','2026-04-11','SUSPENDED');
/*!40000 ALTER TABLE `subscriptions` ENABLE KEYS */;
UNLOCK TABLES;

--
-- Table structure for table `tariff_rules`
--

DROP TABLE IF EXISTS `tariff_rules`;
/*!40101 SET @saved_cs_client     = @@character_set_client */;
/*!50503 SET character_set_client = utf8mb4 */;
CREATE TABLE `tariff_rules` (
  `rule_id` bigint NOT NULL AUTO_INCREMENT,
  `tariff_id` bigint NOT NULL,
  `rule_type` enum('FREE_MINUTES','HOURLY','DAILY_CAP','OVERNIGHT') NOT NULL,
  `param_json` json NOT NULL,
  `priority` int NOT NULL,
  PRIMARY KEY (`rule_id`),
  KEY `ix_rules_tariff` (`tariff_id`),
  KEY `ix_rules_type` (`rule_type`),
  KEY `ix_rules_tariff_priority` (`tariff_id`,`priority`),
  CONSTRAINT `fk_rules_tariff` FOREIGN KEY (`tariff_id`) REFERENCES `tariffs` (`tariff_id`)
) ENGINE=InnoDB AUTO_INCREMENT=3 DEFAULT CHARSET=utf8mb4 COLLATE=utf8mb4_0900_ai_ci;
/*!40101 SET character_set_client = @saved_cs_client */;

--
-- Dumping data for table `tariff_rules`
--

LOCK TABLES `tariff_rules` WRITE;
/*!40000 ALTER TABLE `tariff_rules` DISABLE KEYS */;
INSERT INTO `tariff_rules` VALUES (1,2,'FREE_MINUTES','{\"minutes\": 15}',1),(2,3,'FREE_MINUTES','{\"minutes\": 15}',1);
/*!40000 ALTER TABLE `tariff_rules` ENABLE KEYS */;
UNLOCK TABLES;
/*!50003 SET @saved_cs_client      = @@character_set_client */ ;
/*!50003 SET @saved_cs_results     = @@character_set_results */ ;
/*!50003 SET @saved_col_connection = @@collation_connection */ ;
/*!50003 SET character_set_client  = utf8mb4 */ ;
/*!50003 SET character_set_results = utf8mb4 */ ;
/*!50003 SET collation_connection  = utf8mb4_0900_ai_ci */ ;
/*!50003 SET @saved_sql_mode       = @@sql_mode */ ;
/*!50003 SET sql_mode              = 'STRICT_TRANS_TABLES,NO_ENGINE_SUBSTITUTION' */ ;
DELIMITER ;;
/*!50003 CREATE*/ /*!50017 DEFINER=`parking_root`@`localhost`*/ /*!50003 TRIGGER `trg_tariff_rules_ai` AFTER INSERT ON `tariff_rules` FOR EACH ROW BEGIN
  DECLARE v_site_id BIGINT;
  SELECT site_id INTO v_site_id FROM tariffs WHERE tariff_id = NEW.tariff_id;

  INSERT INTO audit_logs(site_id, actor_user_id, action, entity_table, entity_id, before_json, after_json)
  VALUES(
    v_site_id,
    COALESCE(@actor_user_id, 0),
    'INSERT_TARIFF_RULE',
    'tariff_rules',
    CAST(NEW.rule_id AS CHAR),
    NULL,
    JSON_OBJECT(
      'rule_id', NEW.rule_id,
      'tariff_id', NEW.tariff_id,
      'rule_type', NEW.rule_type,
      'param_json', NEW.param_json,
      'priority', NEW.priority
    )
  );
END */;;
DELIMITER ;
/*!50003 SET sql_mode              = @saved_sql_mode */ ;
/*!50003 SET character_set_client  = @saved_cs_client */ ;
/*!50003 SET character_set_results = @saved_cs_results */ ;
/*!50003 SET collation_connection  = @saved_col_connection */ ;
/*!50003 SET @saved_cs_client      = @@character_set_client */ ;
/*!50003 SET @saved_cs_results     = @@character_set_results */ ;
/*!50003 SET @saved_col_connection = @@collation_connection */ ;
/*!50003 SET character_set_client  = utf8mb4 */ ;
/*!50003 SET character_set_results = utf8mb4 */ ;
/*!50003 SET collation_connection  = utf8mb4_0900_ai_ci */ ;
/*!50003 SET @saved_sql_mode       = @@sql_mode */ ;
/*!50003 SET sql_mode              = 'STRICT_TRANS_TABLES,NO_ENGINE_SUBSTITUTION' */ ;
DELIMITER ;;
/*!50003 CREATE*/ /*!50017 DEFINER=`parking_root`@`localhost`*/ /*!50003 TRIGGER `trg_tariff_rules_au` AFTER UPDATE ON `tariff_rules` FOR EACH ROW BEGIN
  DECLARE v_site_id BIGINT;
  SELECT site_id INTO v_site_id FROM tariffs WHERE tariff_id = NEW.tariff_id;

  INSERT INTO audit_logs(site_id, actor_user_id, action, entity_table, entity_id, before_json, after_json)
  VALUES(
    v_site_id,
    COALESCE(@actor_user_id, 0),
    'UPDATE_TARIFF_RULE',
    'tariff_rules',
    CAST(NEW.rule_id AS CHAR),
    JSON_OBJECT(
      'rule_id', OLD.rule_id,
      'tariff_id', OLD.tariff_id,
      'rule_type', OLD.rule_type,
      'param_json', OLD.param_json,
      'priority', OLD.priority
    ),
    JSON_OBJECT(
      'rule_id', NEW.rule_id,
      'tariff_id', NEW.tariff_id,
      'rule_type', NEW.rule_type,
      'param_json', NEW.param_json,
      'priority', NEW.priority
    )
  );
END */;;
DELIMITER ;
/*!50003 SET sql_mode              = @saved_sql_mode */ ;
/*!50003 SET character_set_client  = @saved_cs_client */ ;
/*!50003 SET character_set_results = @saved_cs_results */ ;
/*!50003 SET collation_connection  = @saved_col_connection */ ;
/*!50003 SET @saved_cs_client      = @@character_set_client */ ;
/*!50003 SET @saved_cs_results     = @@character_set_results */ ;
/*!50003 SET @saved_col_connection = @@collation_connection */ ;
/*!50003 SET character_set_client  = utf8mb4 */ ;
/*!50003 SET character_set_results = utf8mb4 */ ;
/*!50003 SET collation_connection  = utf8mb4_0900_ai_ci */ ;
/*!50003 SET @saved_sql_mode       = @@sql_mode */ ;
/*!50003 SET sql_mode              = 'STRICT_TRANS_TABLES,NO_ENGINE_SUBSTITUTION' */ ;
DELIMITER ;;
/*!50003 CREATE*/ /*!50017 DEFINER=`parking_root`@`localhost`*/ /*!50003 TRIGGER `trg_tariff_rules_ad` AFTER DELETE ON `tariff_rules` FOR EACH ROW BEGIN
  DECLARE v_site_id BIGINT;
  SELECT site_id INTO v_site_id FROM tariffs WHERE tariff_id = OLD.tariff_id;

  INSERT INTO audit_logs(site_id, actor_user_id, action, entity_table, entity_id, before_json, after_json)
  VALUES(
    v_site_id,
    COALESCE(@actor_user_id, 0),
    'DELETE_TARIFF_RULE',
    'tariff_rules',
    CAST(OLD.rule_id AS CHAR),
    JSON_OBJECT(
      'rule_id', OLD.rule_id,
      'tariff_id', OLD.tariff_id,
      'rule_type', OLD.rule_type,
      'param_json', OLD.param_json,
      'priority', OLD.priority
    ),
    NULL
  );
END */;;
DELIMITER ;
/*!50003 SET sql_mode              = @saved_sql_mode */ ;
/*!50003 SET character_set_client  = @saved_cs_client */ ;
/*!50003 SET character_set_results = @saved_cs_results */ ;
/*!50003 SET collation_connection  = @saved_col_connection */ ;

--
-- Table structure for table `tariffs`
--

DROP TABLE IF EXISTS `tariffs`;
/*!40101 SET @saved_cs_client     = @@character_set_client */;
/*!50503 SET character_set_client = utf8mb4 */;
CREATE TABLE `tariffs` (
  `tariff_id` bigint NOT NULL AUTO_INCREMENT,
  `site_id` bigint NOT NULL,
  `name` varchar(255) NOT NULL,
  `applies_to` enum('TICKET','SUBSCRIPTION') NOT NULL,
  `vehicle_type` enum('MOTORBIKE','CAR') NOT NULL,
  `is_active` tinyint(1) NOT NULL DEFAULT '1',
  `valid_from` datetime NOT NULL,
  PRIMARY KEY (`tariff_id`),
  KEY `ix_tariffs_site_active` (`site_id`,`is_active`),
  KEY `ix_tariffs_site_apply` (`site_id`,`applies_to`),
  KEY `ix_tariffs_site_vehicle` (`site_id`,`vehicle_type`),
  KEY `ix_tariffs_site_validfrom` (`site_id`,`valid_from`),
  CONSTRAINT `fk_tariffs_site` FOREIGN KEY (`site_id`) REFERENCES `parking_sites` (`site_id`)
) ENGINE=InnoDB AUTO_INCREMENT=4 DEFAULT CHARSET=utf8mb4 COLLATE=utf8mb4_0900_ai_ci;
/*!40101 SET character_set_client = @saved_cs_client */;

--
-- Dumping data for table `tariffs`
--

LOCK TABLES `tariffs` WRITE;
/*!40000 ALTER TABLE `tariffs` DISABLE KEYS */;
INSERT INTO `tariffs` VALUES (2,2,'Bảng giá demo','TICKET','CAR',0,'2026-02-24 00:00:00'),(3,2,'Tariff API demo 1772350609722','TICKET','CAR',1,'2026-03-01 00:00:00');
/*!40000 ALTER TABLE `tariffs` ENABLE KEYS */;
UNLOCK TABLES;
/*!50003 SET @saved_cs_client      = @@character_set_client */ ;
/*!50003 SET @saved_cs_results     = @@character_set_results */ ;
/*!50003 SET @saved_col_connection = @@collation_connection */ ;
/*!50003 SET character_set_client  = utf8mb4 */ ;
/*!50003 SET character_set_results = utf8mb4 */ ;
/*!50003 SET collation_connection  = utf8mb4_0900_ai_ci */ ;
/*!50003 SET @saved_sql_mode       = @@sql_mode */ ;
/*!50003 SET sql_mode              = 'STRICT_TRANS_TABLES,NO_ENGINE_SUBSTITUTION' */ ;
DELIMITER ;;
/*!50003 CREATE*/ /*!50017 DEFINER=`parking_root`@`localhost`*/ /*!50003 TRIGGER `trg_tariffs_ai` AFTER INSERT ON `tariffs` FOR EACH ROW BEGIN
  INSERT INTO audit_logs(site_id, actor_user_id, action, entity_table, entity_id, before_json, after_json)
  VALUES(
    NEW.site_id,
    COALESCE(@actor_user_id, 0),
    'INSERT_TARIFF',
    'tariffs',
    CAST(NEW.tariff_id AS CHAR),
    NULL,
    JSON_OBJECT(
      'tariff_id', NEW.tariff_id,
      'site_id', NEW.site_id,
      'name', NEW.name,
      'applies_to', NEW.applies_to,
      'vehicle_type', NEW.vehicle_type,
      'is_active', NEW.is_active,
      'valid_from', DATE_FORMAT(NEW.valid_from, '%Y-%m-%d %H:%i:%s')
    )
  );
END */;;
DELIMITER ;
/*!50003 SET sql_mode              = @saved_sql_mode */ ;
/*!50003 SET character_set_client  = @saved_cs_client */ ;
/*!50003 SET character_set_results = @saved_cs_results */ ;
/*!50003 SET collation_connection  = @saved_col_connection */ ;
/*!50003 SET @saved_cs_client      = @@character_set_client */ ;
/*!50003 SET @saved_cs_results     = @@character_set_results */ ;
/*!50003 SET @saved_col_connection = @@collation_connection */ ;
/*!50003 SET character_set_client  = utf8mb4 */ ;
/*!50003 SET character_set_results = utf8mb4 */ ;
/*!50003 SET collation_connection  = utf8mb4_0900_ai_ci */ ;
/*!50003 SET @saved_sql_mode       = @@sql_mode */ ;
/*!50003 SET sql_mode              = 'STRICT_TRANS_TABLES,NO_ENGINE_SUBSTITUTION' */ ;
DELIMITER ;;
/*!50003 CREATE*/ /*!50017 DEFINER=`parking_root`@`localhost`*/ /*!50003 TRIGGER `trg_tariffs_au` AFTER UPDATE ON `tariffs` FOR EACH ROW BEGIN
  INSERT INTO audit_logs(site_id, actor_user_id, action, entity_table, entity_id, before_json, after_json)
  VALUES(
    NEW.site_id,
    COALESCE(@actor_user_id, 0),
    'UPDATE_TARIFF',
    'tariffs',
    CAST(NEW.tariff_id AS CHAR),
    JSON_OBJECT(
      'tariff_id', OLD.tariff_id,
      'site_id', OLD.site_id,
      'name', OLD.name,
      'applies_to', OLD.applies_to,
      'vehicle_type', OLD.vehicle_type,
      'is_active', OLD.is_active,
      'valid_from', DATE_FORMAT(OLD.valid_from, '%Y-%m-%d %H:%i:%s')
    ),
    JSON_OBJECT(
      'tariff_id', NEW.tariff_id,
      'site_id', NEW.site_id,
      'name', NEW.name,
      'applies_to', NEW.applies_to,
      'vehicle_type', NEW.vehicle_type,
      'is_active', NEW.is_active,
      'valid_from', DATE_FORMAT(NEW.valid_from, '%Y-%m-%d %H:%i:%s')
    )
  );
END */;;
DELIMITER ;
/*!50003 SET sql_mode              = @saved_sql_mode */ ;
/*!50003 SET character_set_client  = @saved_cs_client */ ;
/*!50003 SET character_set_results = @saved_cs_results */ ;
/*!50003 SET collation_connection  = @saved_col_connection */ ;
/*!50003 SET @saved_cs_client      = @@character_set_client */ ;
/*!50003 SET @saved_cs_results     = @@character_set_results */ ;
/*!50003 SET @saved_col_connection = @@collation_connection */ ;
/*!50003 SET character_set_client  = utf8mb4 */ ;
/*!50003 SET character_set_results = utf8mb4 */ ;
/*!50003 SET collation_connection  = utf8mb4_0900_ai_ci */ ;
/*!50003 SET @saved_sql_mode       = @@sql_mode */ ;
/*!50003 SET sql_mode              = 'STRICT_TRANS_TABLES,NO_ENGINE_SUBSTITUTION' */ ;
DELIMITER ;;
/*!50003 CREATE*/ /*!50017 DEFINER=`parking_root`@`localhost`*/ /*!50003 TRIGGER `trg_tariffs_ad` AFTER DELETE ON `tariffs` FOR EACH ROW BEGIN
  INSERT INTO audit_logs(site_id, actor_user_id, action, entity_table, entity_id, before_json, after_json)
  VALUES(
    OLD.site_id,
    COALESCE(@actor_user_id, 0),
    'DELETE_TARIFF',
    'tariffs',
    CAST(OLD.tariff_id AS CHAR),
    JSON_OBJECT(
      'tariff_id', OLD.tariff_id,
      'site_id', OLD.site_id,
      'name', OLD.name,
      'applies_to', OLD.applies_to,
      'vehicle_type', OLD.vehicle_type,
      'is_active', OLD.is_active,
      'valid_from', DATE_FORMAT(OLD.valid_from, '%Y-%m-%d %H:%i:%s')
    ),
    NULL
  );
END */;;
DELIMITER ;
/*!50003 SET sql_mode              = @saved_sql_mode */ ;
/*!50003 SET character_set_client  = @saved_cs_client */ ;
/*!50003 SET character_set_results = @saved_cs_results */ ;
/*!50003 SET collation_connection  = @saved_col_connection */ ;

--
-- Table structure for table `tickets`
--

DROP TABLE IF EXISTS `tickets`;
/*!40101 SET @saved_cs_client     = @@character_set_client */;
/*!50503 SET character_set_client = utf8mb4 */;
CREATE TABLE `tickets` (
  `ticket_id` bigint NOT NULL AUTO_INCREMENT,
  `site_id` bigint NOT NULL,
  `ticket_code` varchar(32) NOT NULL,
  `vehicle_id` bigint NOT NULL,
  `credential_id` bigint DEFAULT NULL,
  `entry_time` datetime NOT NULL,
  `exit_time` datetime DEFAULT NULL,
  `status` enum('OPEN','CLOSED','CANCELLED') NOT NULL DEFAULT 'OPEN',
  `open_flag` tinyint GENERATED ALWAYS AS ((case when (`status` = _utf8mb4'OPEN') then 1 else NULL end)) STORED,
  PRIMARY KEY (`ticket_id`),
  UNIQUE KEY `uq_ticket_code` (`site_id`,`ticket_code`),
  UNIQUE KEY `uq_ticket_open` (`site_id`,`vehicle_id`,`open_flag`),
  KEY `fk_tickets_vehicle` (`vehicle_id`),
  KEY `fk_tickets_credential` (`credential_id`),
  KEY `ix_tickets_site_status` (`site_id`,`status`),
  KEY `ix_tickets_site_vehicle` (`site_id`,`vehicle_id`),
  KEY `ix_tickets_site_cred` (`site_id`,`credential_id`),
  KEY `ix_tickets_site_entry` (`site_id`,`entry_time`),
  KEY `ix_tickets_site_exit` (`site_id`,`exit_time`),
  CONSTRAINT `fk_tickets_credential` FOREIGN KEY (`credential_id`) REFERENCES `credentials` (`credential_id`),
  CONSTRAINT `fk_tickets_site` FOREIGN KEY (`site_id`) REFERENCES `parking_sites` (`site_id`),
  CONSTRAINT `fk_tickets_vehicle` FOREIGN KEY (`vehicle_id`) REFERENCES `vehicles` (`vehicle_id`)
) ENGINE=InnoDB AUTO_INCREMENT=98313 DEFAULT CHARSET=utf8mb4 COLLATE=utf8mb4_0900_ai_ci;
/*!40101 SET character_set_client = @saved_cs_client */;

--
-- Dumping data for table `tickets`
--

LOCK TABLES `tickets` WRITE;
/*!40000 ALTER TABLE `tickets` DISABLE KEYS */;
INSERT INTO `tickets` (`ticket_id`, `site_id`, `ticket_code`, `vehicle_id`, `credential_id`, `entry_time`, `exit_time`, `status`) VALUES (65535,2,'TICKET_DEMO_001',65535,NULL,'2026-02-24 00:30:00','2026-02-24 02:10:00','CLOSED'),(98308,19,'ENTEDN017',98308,NULL,'2026-03-07 20:40:40',NULL,'OPEN'),(98309,19,'ENTEDN018',98309,NULL,'2026-03-08 07:19:51',NULL,'OPEN'),(98310,2,'ENEHCM0110',98309,NULL,'2026-03-08 07:24:18',NULL,'OPEN'),(98311,19,'ENTEDN0112',98310,NULL,'2026-03-08 08:55:42',NULL,'OPEN'),(98312,19,'ENTEDN0113',98311,NULL,'2026-03-10 17:50:05',NULL,'OPEN');
/*!40000 ALTER TABLE `tickets` ENABLE KEYS */;
UNLOCK TABLES;

--
-- Table structure for table `user_roles`
--

DROP TABLE IF EXISTS `user_roles`;
/*!40101 SET @saved_cs_client     = @@character_set_client */;
/*!50503 SET character_set_client = utf8mb4 */;
CREATE TABLE `user_roles` (
  `user_id` bigint NOT NULL,
  `role_id` bigint NOT NULL,
  PRIMARY KEY (`user_id`,`role_id`),
  KEY `fk_user_roles_role` (`role_id`),
  CONSTRAINT `fk_user_roles_role` FOREIGN KEY (`role_id`) REFERENCES `roles` (`role_id`),
  CONSTRAINT `fk_user_roles_user` FOREIGN KEY (`user_id`) REFERENCES `users` (`user_id`)
) ENGINE=InnoDB DEFAULT CHARSET=utf8mb4 COLLATE=utf8mb4_0900_ai_ci;
/*!40101 SET character_set_client = @saved_cs_client */;

--
-- Dumping data for table `user_roles`
--

LOCK TABLES `user_roles` WRITE;
/*!40000 ALTER TABLE `user_roles` DISABLE KEYS */;
INSERT INTO `user_roles` VALUES (1,1),(2,2),(3,3),(4,4),(5,5);
/*!40000 ALTER TABLE `user_roles` ENABLE KEYS */;
UNLOCK TABLES;

--
-- Table structure for table `user_site_scopes`
--

DROP TABLE IF EXISTS `user_site_scopes`;
/*!40101 SET @saved_cs_client     = @@character_set_client */;
/*!50503 SET character_set_client = utf8mb4 */;
CREATE TABLE `user_site_scopes` (
  `user_id` bigint NOT NULL,
  `site_id` bigint NOT NULL,
  `scope_level` enum('ADMIN','MANAGER','CASHIER','GUARD') NOT NULL,
  PRIMARY KEY (`user_id`,`site_id`),
  KEY `ix_scope_site` (`site_id`,`scope_level`),
  CONSTRAINT `fk_scope_site` FOREIGN KEY (`site_id`) REFERENCES `parking_sites` (`site_id`),
  CONSTRAINT `fk_scope_user` FOREIGN KEY (`user_id`) REFERENCES `users` (`user_id`)
) ENGINE=InnoDB DEFAULT CHARSET=utf8mb4 COLLATE=utf8mb4_0900_ai_ci;
/*!40101 SET character_set_client = @saved_cs_client */;

--
-- Dumping data for table `user_site_scopes`
--

LOCK TABLES `user_site_scopes` WRITE;
/*!40000 ALTER TABLE `user_site_scopes` DISABLE KEYS */;
INSERT INTO `user_site_scopes` VALUES (1,2,'ADMIN'),(2,2,'MANAGER'),(5,2,'MANAGER'),(4,2,'CASHIER'),(3,2,'GUARD'),(1,19,'ADMIN'),(2,19,'MANAGER'),(5,19,'MANAGER');
/*!40000 ALTER TABLE `user_site_scopes` ENABLE KEYS */;
UNLOCK TABLES;

--
-- Table structure for table `users`
--

DROP TABLE IF EXISTS `users`;
/*!40101 SET @saved_cs_client     = @@character_set_client */;
/*!50503 SET character_set_client = utf8mb4 */;
CREATE TABLE `users` (
  `user_id` bigint NOT NULL AUTO_INCREMENT,
  `username` varchar(64) NOT NULL,
  `password_hash` varchar(255) NOT NULL,
  `status` enum('ACTIVE','DISABLED') NOT NULL DEFAULT 'ACTIVE',
  `created_at` datetime NOT NULL DEFAULT CURRENT_TIMESTAMP,
  PRIMARY KEY (`user_id`),
  UNIQUE KEY `uq_users_username` (`username`)
) ENGINE=InnoDB AUTO_INCREMENT=42 DEFAULT CHARSET=utf8mb4 COLLATE=utf8mb4_0900_ai_ci;
/*!40101 SET character_set_client = @saved_cs_client */;

--
-- Dumping data for table `users`
--

LOCK TABLES `users` WRITE;
/*!40000 ALTER TABLE `users` DISABLE KEYS */;
INSERT INTO `users` VALUES (1,'admin','scrypt$YWRtaW4tcGFya2x5LWF1dG$v5ZS2odLJLr1GDHrejZxSh1dZstnbb3iqRYX44IGSMtt4KZeBjMpVUW57x0j9ZW0WJoSJYA6EEmw2POhKGyb9g','ACTIVE','2026-03-13 00:49:53'),(2,'ops','scrypt$b3BzLXBhcmtseS1hdXRo$cOTE7zsMIfqmrJ3AFmN0axOg9cL4SgQoUA6zLtihczxiNGXfreiY_2_4X_aqTEalxXFxCeqG3LKe2-srXQerCg','ACTIVE','2026-03-13 00:49:53'),(3,'guard','scrypt$Z3VhcmQtcGFya2x5LWF1dG$6eYEhDZ_MDUq4eslooSTPcLWQ85x3AxZxOevjIntrGYvw1tBsTkTSo23duxdS3rqVtE-bB6B4AzAm0md2a9G5Q','ACTIVE','2026-03-13 00:49:53'),(4,'cashier','scrypt$Y2FzaGllci1wYXJrbHktYX$hOlEAwGy5bps3HfGH91vBOZ5mBvlpK2PPnXGG5ItrC9eJvQ4iy5bwbCxMAzqaauCMZhlgSICcVfHFkCUqYy17Q','ACTIVE','2026-03-13 00:49:53'),(5,'worker','scrypt$d29ya2VyLXBhcmtseS1hdX$IDkGhsZe1EBAAb4k0mraG5DRNco7vQ1mpODn0XkFQuIg4DsxahzWGuEEyfEZXlWNxoCVyMaX4oBNLCZCtmU-Zg','ACTIVE','2026-03-13 00:49:53');
/*!40000 ALTER TABLE `users` ENABLE KEYS */;
UNLOCK TABLES;

--
-- Temporary view structure for view `v_gate_lane_device_map`
--

DROP TABLE IF EXISTS `v_gate_lane_device_map`;
/*!50001 DROP VIEW IF EXISTS `v_gate_lane_device_map`*/;
SET @saved_cs_client     = @@character_set_client;
/*!50503 SET character_set_client = utf8mb4 */;
/*!50001 CREATE VIEW `v_gate_lane_device_map` AS SELECT 
 1 AS `site_code`,
 1 AS `site_name`,
 1 AS `site_id`,
 1 AS `lane_id`,
 1 AS `gate_code`,
 1 AS `lane_code`,
 1 AS `lane_name`,
 1 AS `direction`,
 1 AS `lane_status`,
 1 AS `device_role`,
 1 AS `is_primary`,
 1 AS `is_required`,
 1 AS `sort_order`,
 1 AS `device_id`,
 1 AS `device_code`,
 1 AS `device_type`,
 1 AS `location_hint`*/;
SET character_set_client = @saved_cs_client;

--
-- Table structure for table `vehicles`
--

DROP TABLE IF EXISTS `vehicles`;
/*!40101 SET @saved_cs_client     = @@character_set_client */;
/*!50503 SET character_set_client = utf8mb4 */;
CREATE TABLE `vehicles` (
  `vehicle_id` bigint NOT NULL AUTO_INCREMENT,
  `license_plate` varchar(20) NOT NULL,
  `vehicle_type` enum('MOTORBIKE','CAR') NOT NULL,
  `owner_customer_id` bigint DEFAULT NULL,
  `created_at` datetime NOT NULL DEFAULT CURRENT_TIMESTAMP,
  PRIMARY KEY (`vehicle_id`),
  UNIQUE KEY `uq_vehicles_plate` (`license_plate`),
  KEY `ix_vehicles_plate` (`license_plate`),
  KEY `ix_vehicles_type` (`vehicle_type`),
  KEY `ix_vehicles_owner` (`owner_customer_id`),
  CONSTRAINT `fk_vehicles_owner` FOREIGN KEY (`owner_customer_id`) REFERENCES `customers` (`customer_id`)
) ENGINE=InnoDB AUTO_INCREMENT=98340 DEFAULT CHARSET=utf8mb4 COLLATE=utf8mb4_0900_ai_ci;
/*!40101 SET character_set_client = @saved_cs_client */;

--
-- Dumping data for table `vehicles`
--

LOCK TABLES `vehicles` WRITE;
/*!40000 ALTER TABLE `vehicles` DISABLE KEYS */;
INSERT INTO `vehicles` VALUES (65535,'51A-999.99','CAR',24575,'2026-03-01 02:17:19'),(98308,'61LI69166','CAR',NULL,'2026-03-07 20:40:40'),(98309,'50AF66879','CAR',NULL,'2026-03-08 07:19:51'),(98310,'30AF66879','CAR',NULL,'2026-03-08 08:55:42'),(98311,'99EI22268','CAR',NULL,'2026-03-10 17:50:05'),(98312,'51A-12345','CAR',29579,'2026-03-12 19:29:38'),(98313,'51H-88888','CAR',29580,'2026-03-12 19:29:38'),(98314,'43A-99999','CAR',29581,'2026-03-12 19:29:38');
/*!40000 ALTER TABLE `vehicles` ENABLE KEYS */;
UNLOCK TABLES;

--
-- Table structure for table `zones`
--

DROP TABLE IF EXISTS `zones`;
/*!40101 SET @saved_cs_client     = @@character_set_client */;
/*!50503 SET character_set_client = utf8mb4 */;
CREATE TABLE `zones` (
  `zone_id` bigint NOT NULL AUTO_INCREMENT,
  `site_id` bigint NOT NULL,
  `code` varchar(32) NOT NULL,
  `name` varchar(255) NOT NULL,
  `vehicle_type` enum('MOTORBIKE','CAR') DEFAULT NULL,
  PRIMARY KEY (`zone_id`),
  UNIQUE KEY `uq_zone_code` (`site_id`,`code`),
  KEY `ix_zones_site` (`site_id`),
  KEY `ix_zones_site_vehicle` (`site_id`,`vehicle_type`),
  CONSTRAINT `fk_zones_site` FOREIGN KEY (`site_id`) REFERENCES `parking_sites` (`site_id`)
) ENGINE=InnoDB AUTO_INCREMENT=29 DEFAULT CHARSET=utf8mb4 COLLATE=utf8mb4_0900_ai_ci;
/*!40101 SET character_set_client = @saved_cs_client */;

--
-- Dumping data for table `zones`
--

LOCK TABLES `zones` WRITE;
/*!40000 ALTER TABLE `zones` DISABLE KEYS */;
INSERT INTO `zones` VALUES (1,2,'VIP_A','VIP Zone A','CAR'),(2,2,'GEN_A','General Zone A','CAR'),(3,19,'VIP_A','VIP Zone A','CAR');
/*!40000 ALTER TABLE `zones` ENABLE KEYS */;
UNLOCK TABLES;

--
-- Dumping routines for database 'parking_mgmt'
--

-- insufficient privileges to SHOW CREATE PROCEDURE `sp_close_shift`
-- does parking_root have permissions on mysql.proc?

